,Entity,Code,Year,rgdpo,gdp_growth,ln_rgdpo
0,Albania,ALB,1971,6958496093,0.04132243349094589,22.663229209352444
1,Albania,ALB,1972,7246038085,0.04010017330732807,22.703720685408797
2,Albania,ALB,1973,7536605468,0.0422628670629519,22.743037714411372
3,Albania,ALB,1974,7855124023,0.03936883352758236,22.78443189758091
4,Albania,ALB,1975,8164371093,0.03618344090866765,22.82304553566254
5,Albania,ALB,1976,8459786132,0.04241228116190876,22.858589730339563
6,Albania,ALB,1977,8818584960,0.04430495751554231,22.90012725871983
7,Albania,ALB,1978,9209291992,0.02667365832393953,22.94347881042589
8,Albania,ALB,1979,9454937500,0.05394265313758018,22.969802928775863
9,Albania,ALB,1980,9964961914,0.039968949749866534,23.022340968626946
10,Albania,ALB,1981,10363250976,0.002772529784962341,23.061531825324785
11,Albania,ALB,1982,10391983398,0.03365170965027753,23.064300518738374
12,Albania,ALB,1983,10741691406,0.010744405293149129,23.097398400219596
13,Albania,ALB,1984,10857104492,0.009204532393847442,23.10808549453961
14,Albania,ALB,1985,10957039062,0.05058481245377888,23.117247923390234
15,Albania,ALB,1986,11511298828,0.019027925108435095,23.166594896754347
16,Albania,ALB,1987,11730334960,-0.020445371322968642,23.185444055043813
17,Albania,ALB,1988,11490503906,0.08197257994126472,23.164786783894165
18,Albania,ALB,1989,12432410156,-0.0270013136461712,23.243572621983724
19,Albania,ALB,1990,12096718750,-0.1053071597618156,23.21620007508784
20,Albania,ALB,1991,10822847656,-0.09752326980366022,23.104925260210987
21,Albania,ALB,1992,9767368164,0.14899110503110546,23.00231288738751
22,Albania,ALB,1993,11222619140,0.12916515039108778,23.14119714473688
23,Albania,ALB,1994,12672190429,0.07871097231283564,23.262675699446604
24,Albania,ALB,1995,13669630859,0.10225178393019552,23.338442483586864
25,Albania,ALB,1996,15067375000,-0.06604106090145101,23.435797647285735
26,Albania,ALB,1997,14072309570,0.10370682393963282,23.36747484314481
27,Albania,ALB,1998,15531704101,0.06397844882558767,23.466149197707242
28,Albania,ALB,1999,16525398437,0.006527712321808599,23.528164333558394
29,Albania,ALB,2000,16633271484,0.039709918739398775,23.534670832632067
30,Albania,ALB,2001,17293777343,0.018850146415927416,23.573612582589696
31,Albania,ALB,2002,17619767578,0.0371945527714157,23.59228726656154
32,Albania,ALB,2003,18275126953,0.02599129085240226,23.62880678937071
33,Albania,ALB,2004,18750121093,0.07532190938901473,23.65446604763531
34,Albania,ALB,2005,20162416015,0.07992186887728003,23.72708611498299
35,Albania,ALB,2006,21773833984,0.06826535180217896,23.80397480987004
36,Albania,ALB,2007,23260232421,0.1121467123279869,23.870010976291393
37,Albania,ALB,2008,25868791015,0.07117106377072036,23.976303098963804
38,Albania,ALB,2009,27709900390,0.11949389988406245,24.045055601083693
39,Albania,ALB,2010,31021064453,0.01123272776561035,24.15793230916086
40,Albania,ALB,2011,31369515625,0.03177211254756185,24.169102418322108
41,Albania,ALB,2012,32366191406,-0.04484617858778783,24.20038023982205
42,Albania,ALB,2013,30914691406,0.038034164325243536,24.15449735789192
43,Albania,ALB,2014,32090505859,0.04889034853154195,24.19182605570211
44,Albania,ALB,2015,33659421875,0.0011454352110733534,24.239558850130795
45,Albania,ALB,2016,33697976562,0.03789452306284735,24.240703629831472
46,Albania,ALB,2017,34974945312,0.011108621744340352,24.27789779386557
47,Albania,ALB,2018,35363468750,0.02091350888761445,24.28894516803803
49,Algeria,DZA,1960,122725679687,-0.1284430908445786,25.533217455168124
50,Algeria,DZA,1961,106962414062,-0.43576525749486683,25.395743339249805
51,Algeria,DZA,1962,60351910156,0.15699773638495218,24.823458435289805
52,Algeria,DZA,1963,69827023437,0.051127009276301205,24.96928692704736
53,Algeria,DZA,1964,73397070312,0.08769263930617255,25.019149857764848
54,Algeria,DZA,1965,79833453125,-0.10702769691825231,25.103208465650066
55,Algeria,DZA,1966,71289062500,0.1253827945205479,24.990008751477486
56,Algeria,DZA,1967,80227484375,0.12032386812577278,25.108131991053995
57,Algeria,DZA,1968,89880765625,0.09424039034491694,25.22174980252944
58,Algeria,DZA,1969,98351164062,0.14425000848039282,25.311810217623993
59,Algeria,DZA,1970,112538320312,-0.042645265618810324,25.446559625586918
60,Algeria,DZA,1971,107739093750,0.13450853929240525,25.402978342709922
61,Algeria,DZA,1972,122230921875,0.07456327220799674,25.529177894840824
62,Algeria,DZA,1973,131344859375,0.23838580473564885,25.60109221546398
63,Algeria,DZA,1974,162655609375,0.06890651538589143,25.814900976667346
64,Algeria,DZA,1975,173863640625,0.013674868945877439,25.881537154358536
65,Algeria,DZA,1976,176241203125,0.12625169146296922,25.89511936604566
66,Algeria,DZA,1977,198491953125,0.11566385129749834,26.014014397838853
67,Algeria,DZA,1978,221450296875,0.06125182294362186,26.12346400791079
68,Algeria,DZA,1979,235014531250,0.0023065063131069152,26.18291318428524
69,Algeria,DZA,1980,235556593750,0.10320376830886313,26.185217034695782
70,Algeria,DZA,1981,259866921875,0.04397004163729723,26.283435497985366
71,Algeria,DZA,1982,271293281250,0.054151843283070544,26.326466291284365
72,Algeria,DZA,1983,285984312500,0.04245676500175155,26.379202794863268
73,Algeria,DZA,1984,298126281250,0.040337457669207044,26.4207829962737
74,Algeria,DZA,1985,310151937500,-0.14545068737479672,26.460328135323294
75,Algeria,DZA,1986,265040125000,-0.042947919206572926,26.303147066564865
76,Algeria,DZA,1987,253657203125,-0.09379101138033175,26.259249598446694
77,Algeria,DZA,1988,229866437500,0.031923089576746166,26.16076427067253
78,Algeria,DZA,1989,237204484375,0.055735732230504986,26.192188409350802
79,Algeria,DZA,1990,250425250000,-0.01912334618813394,26.246426309746624
80,Algeria,DZA,1991,245636281250,-0.003939068447365246,26.227117747268423
81,Algeria,DZA,1992,244668703125,-0.04294959568094536,26.22317090025736
82,Algeria,DZA,1993,234160281250,0.007263254109197925,26.179271680431132
83,Algeria,DZA,1994,235861046875,0.048257955375871076,26.186508684142435
84,Algeria,DZA,1995,247243218750,0.05516973860380148,26.233638380379485
85,Algeria,DZA,1996,260883562500,-0.031310783522438324,26.28734002403801
86,Algeria,DZA,1997,252715093750,0.03862501782207062,26.255528579473697
87,Algeria,DZA,1998,262476218750,0.03639353517622257,26.293426319635998
88,Algeria,DZA,1999,272028656250,0.10742744589063857,26.329173251553375
89,Algeria,DZA,2000,301252000000,0.008091025121824913,26.431212960733387
90,Algeria,DZA,2001,303689437500,0.03648711029009699,26.439271429005743
91,Algeria,DZA,2002,314770187500,0.09008625936025161,26.475108646019027
92,Algeria,DZA,2003,343126656250,0.05124483461054341,26.561365476156663
93,Algeria,DZA,2004,360710125000,0.1355904377510888,26.61134049488057
94,Algeria,DZA,2005,409618968750,0.1025373657088482,26.738493220024218
95,Algeria,DZA,2006,451620218750,0.03589056817443481,26.83610743958818
96,Algeria,DZA,2007,467829125000,0.07153393079150416,26.87136894867106
97,Algeria,DZA,2008,501294781250,-0.080463883744052,26.940460150728807
98,Algeria,DZA,2009,460958656250,0.15581244169335418,26.85657419316644
99,Algeria,DZA,2010,532781750000,0.0682203594623878,27.00137770258294
100,Algeria,DZA,2011,569128312500,-0.016755338454542246,27.067371750922657
101,Algeria,DZA,2012,559592375000,-0.02683984927421501,27.05047445384076
102,Algeria,DZA,2013,544573000000,-0.013340612736951751,27.02326783828537
103,Algeria,DZA,2014,537308062500,-0.07487464418980316,27.009837440152076
104,Algeria,DZA,2015,497077312500,-0.03290559554556216,26.932011409295196
105,Algeria,DZA,2016,480720687500,-0.017749782195508268,26.898552247117507
106,Algeria,DZA,2017,472188000000,0.0529326375299668,26.880643048314298
107,Algeria,DZA,2018,497182156250,0.0207276269279828,26.932222307463498
109,Angola,AGO,1970,28522482421,0.06708277210090463,24.07395847011416
110,Angola,AGO,1971,30435849609,-0.010135624007971855,24.138887014027556
111,Angola,AGO,1972,30127363281,0.0792221953424388,24.128699674842082
112,Angola,AGO,1973,32514119140,0.005119770991895312,24.20494026701943
113,Angola,AGO,1974,32680583984,-0.0657057040979222,24.210046976545993
114,Angola,AGO,1975,30533283203,-0.02745044934825902,24.142083178133895
115,Angola,AGO,1976,29695130859,0.05659453191096642,24.114248925173342
116,Angola,AGO,1977,31375712890,-0.10507523951912345,24.16929995573385
117,Angola,AGO,1978,28078902343,0.02201726746466348,24.05828432499097
118,Angola,AGO,1979,28697123046,0.008025085811941723,24.08006271238774
119,Angola,AGO,1980,28927419921,-0.010140748943428757,24.088055768445443
120,Angola,AGO,1981,28634074218,0.012732453971597835,24.07786325183481
121,Angola,AGO,1982,28998656250,0.0029135913495992316,24.090515329652433
122,Angola,AGO,1983,29083146484,0.09515968193202728,24.09342468472129
123,Angola,AGO,1984,31850689453,0.03503401154460395,24.184324865606275
124,Angola,AGO,1985,32966546875,-0.10944025170971139,24.218759153179434
125,Angola,AGO,1986,29358679687,0.12299147054623472,24.102854069892725
126,Angola,AGO,1987,32969546875,-0.05801844363382691,24.21885015038086
127,Angola,AGO,1988,31056705078,0.06639524614157133,24.159080566554294
128,Angola,AGO,1989,33118722656,0.08661582449286587,24.22336459856998
129,Angola,AGO,1990,35987328125,-0.07433551915018699,24.306432716909423
130,Angola,AGO,1991,33312191406,0.17031595390563536,24.22918927521981
131,Angola,AGO,1992,38985789062,-0.13928743266845722,24.38646303364679
132,Angola,AGO,1993,33555558593,0.06660537218612239,24.236468367504926
133,Angola,AGO,1994,35790539062,-0.10638100720987687,24.30094942341589
134,Angola,AGO,1995,31983105468,0.2700711740653914,24.188473646204287
135,Angola,AGO,1996,40620820312,0.02859371108408837,24.427546587675636
136,Angola,AGO,1997,41782320312,0.05177774989146955,24.455739127961653
137,Angola,AGO,1998,43945714843,-0.026291848161483333,24.506220955595992
138,Angola,AGO,1999,42790300781,-0.1460960094670759,24.479577296586235
139,Angola,AGO,2000,36538808593,0.08261303934738295,24.321640781809144
140,Angola,AGO,2001,39557390625,0.12208754841245306,24.401018381591193
141,Angola,AGO,2002,44386855468,0.09520211811459522,24.516209214535706
142,Angola,AGO,2003,48612578125,0.2083457213471951,24.607148143523926
143,Angola,AGO,2004,58740800781,0.36190713373584504,24.796400395259305
144,Angola,AGO,2005,79999515625,0.3323091409280017,25.105286416914463
145,Angola,AGO,2006,106584085937,0.1395645442209128,25.392200049888242
146,Angola,AGO,2007,121459445312,0.23668670529618963,25.522846260568592
147,Angola,AGO,2008,150207281250,-0.2310269995649762,25.7352820521321
148,Angola,AGO,2009,115505343750,0.3819727225823697,25.472582632071777
149,Angola,AGO,2010,159625234375,0.2645723405848561,25.79609461958308
150,Angola,AGO,2011,201857656250,0.13725304573380526,26.03082861391988
151,Angola,AGO,2012,229563234375,0.05631148607134184,26.159444359541055
152,Angola,AGO,2013,242490281250,0.05107169887865348,26.214227469201244
153,Angola,AGO,2014,254874671875,-0.11834076049264164,26.26403777844442
154,Angola,AGO,2015,224712609375,-0.026887537672250383,26.138088131051877
155,Angola,AGO,2016,218670640625,0.05250226135610192,26.110832510647192
156,Angola,AGO,2017,230151343750,0.015875287497642443,26.16200294577615
157,Angola,AGO,2018,233805062500,-0.025445743930373577,26.17775353887228
159,Anguilla,AIA,1970,67957023,-0.024631140772602755,18.034386048629013
160,Anguilla,AIA,1971,66283164,0.11634536637388049,18.009446486257136
161,Anguilla,AIA,1972,73994903,0.041716589587258435,18.119506770417843
162,Anguilla,AIA,1973,77081718,-0.0038751860720073195,18.16037668979345
163,Anguilla,AIA,1974,76783012,0.03412942435756494,18.156493975733365
164,Anguilla,AIA,1975,79403572,0.01586774962718307,18.190053912611003
165,Anguilla,AIA,1976,80663528,0.003791267349476657,18.205797085604964
166,Anguilla,AIA,1977,80969345,0.07371955398675878,18.209581184213743
167,Anguilla,AIA,1978,86938369,0.09174733885334341,18.280710023284534
168,Anguilla,AIA,1979,94914733,0.040156705703423334,18.368489499159573
169,Anguilla,AIA,1980,98726196,0.046560185505374996,18.407860879522964
170,Anguilla,AIA,1981,103322906,0.002543501825239103,18.453369652006213
171,Anguilla,AIA,1982,103585708,-0.016739259049134425,18.45590992460522
172,Anguilla,AIA,1983,101851760,0.03635177241905296,18.439028980801975
173,Anguilla,AIA,1984,105554252,0.09902829873684293,18.474735615672703
174,Anguilla,AIA,1985,116007110,0.22642010476771635,18.56916204029574
175,Anguilla,AIA,1986,142273452,0.07506590899333765,18.773261482056895
176,Anguilla,AIA,1987,152953338,0.07560822242401799,18.845643452448574
177,Anguilla,AIA,1988,164517868,0.16534139623059052,18.91852974233176
178,Anguilla,AIA,1989,191719482,0.29219290817821,19.07154383039518
179,Anguilla,AIA,1990,247738555,-0.2311327035874573,19.327884534345458
180,Anguilla,AIA,1991,190478073,0.3223074448049461,19.06504764354404
181,Anguilla,AIA,1992,251870574,0.037142866081688375,19.34442591830239
182,Anguilla,AIA,1993,261225769,0.02702385000922325,19.38089560670249
183,Anguilla,AIA,1994,268285095,0.0027276245070566585,19.407560760367797
184,Anguilla,AIA,1995,269016876,-0.035619720749414996,19.41028467165777
185,Anguilla,AIA,1996,259434570,-0.0054959599254640334,19.374015090049582
186,Anguilla,AIA,1997,258008728,0.15050866806335317,19.36850397177105
187,Anguilla,AIA,1998,296841278,0.08540669670610979,19.50870813640662
188,Anguilla,AIA,1999,322193511,-0.04953826335751377,19.59066288883954
189,Anguilla,AIA,2000,306232604,-0.009127790325030194,19.539855514944538
190,Anguilla,AIA,2001,303437377,-0.11058493627830168,19.530685811094532
191,Anguilla,AIA,2002,269881774,0.18349426960562365,19.41349454699373
192,Anguilla,AIA,2003,319403533,0.13240336010935727,19.58196585504907
193,Anguilla,AIA,2004,361693634,0.20768990642506036,19.706308096546262
194,Anguilla,AIA,2005,436813751,0.05953269314545917,19.895017463126553
195,Anguilla,AIA,2006,462818450,0.1815336467247579,19.95284541852201
196,Anguilla,AIA,2007,546835571,0.007160337051299814,20.119658713734058
197,Anguilla,AIA,2008,550751098,-0.2843457408776696,20.126793537289767
198,Anguilla,AIA,2009,394147369,-0.03162413345958426,19.79223543032423
199,Anguilla,AIA,2010,381682800,-0.0012053280891881624,19.76010045513348
200,Anguilla,AIA,2011,381222747,-0.07484733852988057,19.758894400052156
201,Anguilla,AIA,2012,352689239,-0.13988232569806303,19.68109788439209
202,Anguilla,AIA,2013,303354248,-0.04961594933722502,19.530411815880704
203,Anguilla,AIA,2014,288303039,-0.1343437798447903,19.47952270365609
204,Anguilla,AIA,2015,249571319,-0.09597285495774455,19.33525528000457
205,Anguilla,AIA,2016,225619247,-0.1328996812049461,19.234359388665396
206,Anguilla,AIA,2017,195634521,-0.23150237375539673,19.091758787722924
207,Anguilla,AIA,2018,150344665,0.5010876907404729,18.828440982898275
209,Antigua and Barbuda,ATG,1970,400108520,0.07627210737726853,19.807246368277067
210,Antigua and Barbuda,ATG,1971,430625640,0.07125288452401479,19.880749685942995
211,Antigua and Barbuda,ATG,1972,461308959,0.07566810121283596,19.949578569540414
212,Antigua and Barbuda,ATG,1973,496215332,-0.022909370724562783,20.022520527575733
213,Antigua and Barbuda,ATG,1974,484847351,-0.06969753249203581,19.999344659154477
214,Antigua and Barbuda,ATG,1975,451054687,-0.09875475033030756,19.9270991473221
215,Antigua and Barbuda,ATG,1976,406510894,0.11219252343087271,19.823121286101035
216,Antigua and Barbuda,ATG,1977,452118377,0.010299484022079364,19.929454599525428
217,Antigua and Barbuda,ATG,1978,456774963,0.257707012282107,19.939701405259317
218,Antigua and Barbuda,ATG,1979,574489074,-0.14261547122130303,20.16899163679547
219,Antigua and Barbuda,ATG,1980,492558044,0.07181039763914598,20.01512286746953
220,Antigua and Barbuda,ATG,1981,527928833,0.04003301331336839,20.08447204660124
221,Antigua and Barbuda,ATG,1982,549063415,0.19977178410257035,20.12372450282125
222,Antigua and Barbuda,ATG,1983,658750793,-0.07402140311351402,20.305855861614187
223,Antigua and Barbuda,ATG,1984,609989135,-0.15916271033253737,20.228951703497597
224,Antigua and Barbuda,ATG,1985,512901611,0.30169919665157763,20.055594593317714
225,Antigua and Barbuda,ATG,1986,667643615,0.07045671813996157,20.319265078654524
226,Antigua and Barbuda,ATG,1987,714683593,0.04696578224092529,20.387350475441465
227,Antigua and Barbuda,ATG,1988,748249267,0.06565121566634291,20.433246725077492
228,Antigua and Barbuda,ATG,1989,797372741,0.059365110651556696,20.496832807476448
229,Antigua and Barbuda,ATG,1990,844708862,-0.01093281651874034,20.554502583941378
230,Antigua and Barbuda,ATG,1991,835473815,0.00037031441853141445,20.543509564993936
231,Antigua and Barbuda,ATG,1992,835783203,0.024995194836429313,20.543879810863007
232,Antigua and Barbuda,ATG,1993,856673767,0.09456570881550053,20.56856773547793
233,Antigua and Barbuda,ATG,1994,937685729,-0.08142182464632564,20.658925407120794
234,Antigua and Barbuda,ATG,1995,861337646,0.08226120770297785,20.573997141152066
235,Antigua and Barbuda,ATG,1996,932192321,0.021709824833453073,20.653049704366303
236,Antigua and Barbuda,ATG,1997,952430053,-0.3139249071973582,20.674527227098032
237,Antigua and Barbuda,ATG,1998,653438537,0.4517357995982414,20.297759034577837
238,Antigua and Barbuda,ATG,1999,948620117,0.2310232685061222,20.670518978224845
239,Antigua and Barbuda,ATG,2000,1167773437,-0.17729051667065787,20.878364727365597
240,Antigua and Barbuda,ATG,2001,960738281,0.028082676139351115,20.68321258957267
241,Antigua and Barbuda,ATG,2002,987718383,0.1306732386694882,20.710908177631854
242,Antigua and Barbuda,ATG,2003,1116786743,-0.21222123336039633,20.833721419379003
243,Antigua and Barbuda,ATG,2004,879780883,0.5184407467967225,20.59518343784082
244,Antigua and Barbuda,ATG,2005,1335895141,0.1338771431312511,21.012867421705128
245,Antigua and Barbuda,ATG,2006,1514740966,0.2554968840791225,21.138510281751124
246,Antigua and Barbuda,ATG,2007,1901752563,0.023423860636069493,21.366041699546837
247,Antigua and Barbuda,ATG,2008,1946298950,-0.05846489358687679,21.38919543172748
248,Antigua and Barbuda,ATG,2009,1832508789,0.009691303586975675,21.32895178789366
249,Antigua and Barbuda,ATG,2010,1850268188,0.051564592429775846,21.338596432016505
250,Antigua and Barbuda,ATG,2011,1945676513,0.003146499409894421,21.388875575134744
251,Antigua and Barbuda,ATG,2012,1951798583,-0.10544160795714652,21.392017134674855
252,Antigua and Barbuda,ATG,2013,1745997802,-0.5174757573950257,21.280592035485594
253,Antigua and Barbuda,ATG,2014,842486267,0.8232533599268745,20.551867919761204
254,Antigua and Barbuda,ATG,2015,1536065917,-0.0012587161648480727,21.152490385464624
256,Argentina,ARG,1972,101742695312,0.056647417491014984,25.345712868146595
257,Argentina,ARG,1973,107506156250,0.04732708621046999,25.400813950316273
258,Argentina,ARG,1974,112594109375,-0.012873814030291086,25.44705523667431
259,Argentina,ARG,1975,111144593750,0.0014330993944544623,25.43409783694742
260,Argentina,ARG,1976,111303875000,0.0676284153359441,25.435529910434973
261,Argentina,ARG,1977,118831179687,-0.014299369420346597,25.50096966471737
262,Argentina,ARG,1978,117131968750,0.06405968908466764,25.486567074134182
263,Argentina,ARG,1979,124635406250,0.005454785244862981,25.548658562243943
264,Argentina,ARG,1980,125315265625,0.008502243774420437,25.5540985240292
265,Argentina,ARG,1981,126380726562,0.049646303741749165,25.56256482730194
266,Argentina,ARG,1982,132655062500,0.0841620019213365,25.611018081144174
267,Argentina,ARG,1983,143819578125,0.06597122066895222,25.691825421262266
268,Argentina,ARG,1984,153307531250,-0.023213756825791965,25.755711749145185
269,Argentina,ARG,1985,149748687500,0.1129878433826006,25.73222430929588
270,Argentina,ARG,1986,166668468750,0.06460017651059147,25.839272459142038
271,Argentina,ARG,1987,177435281250,0.06437884306055963,25.901871766698463
272,Argentina,ARG,1988,188858359375,-0.036913162848977055,25.96426314975324
273,Argentina,ARG,1989,181887000000,0.12274482233474626,25.926651452077067
274,Argentina,ARG,1990,204212687500,0.17721383006626357,26.042427873459847
275,Argentina,ARG,1991,240402000000,0.177722497109009,26.205578359040413
276,Argentina,ARG,1992,283126843750,0.14799340710695152,26.369160845303785
277,Argentina,ARG,1993,325027750000,0.16494649303021047,26.507176400246475
278,Argentina,ARG,1994,378639937500,0.12106174748140508,26.65985155747995
279,Argentina,ARG,1995,424478750000,0.2928441647550084,26.77412778255201
280,Argentina,ARG,1996,548784875000,0.03206971584266061,27.030972352847105
281,Argentina,ARG,1997,566384250000,-0.0020700390238606037,27.062538571735903
282,Argentina,ARG,1998,565211812500,-0.058618953580344746,27.06046638721992
283,Argentina,ARG,1999,532079687500,-0.006824048324528431,27.00005910360471
284,Argentina,ARG,2000,528448750000,-0.06033029456498862,26.9932116649907
285,Argentina,ARG,2001,496567281250,-0.14343499398652737,26.930984822328384
286,Argentina,ARG,2002,425342156250,0.08486087193479319,26.776159755502377
287,Argentina,ARG,2003,461437062500,0.09388482421695366,26.857611505641277
288,Argentina,ARG,2004,504759000000,0.08750747881662346,26.947346924589606
289,Argentina,ARG,2005,548929187500,0.09218117500811518,27.03123528561942
290,Argentina,ARG,2006,599530125000,0.10999801719721747,27.119412060359988
291,Argentina,ARG,2007,665477250000,0.07930755709530257,27.22377028937382
292,Argentina,ARG,2008,718254625000,-0.04728311008091313,27.300089974047175
293,Argentina,ARG,2009,684293312500,0.14689141434507302,27.251652482096624
294,Argentina,ARG,2010,784810125000,0.12464448009000906,27.388707646490488
295,Argentina,ARG,2011,882632375000,0.022391683740356827,27.50617461450499
296,Argentina,ARG,2012,902396000000,0.0020345834866288826,27.528319285056266
297,Argentina,ARG,2013,904232000000,-0.026977866299799147,27.530351801581045
298,Argentina,ARG,2014,879837750000,0.037808959663301556,27.503003352419505
299,Argentina,ARG,2015,913103500000,-0.00474446489362923,27.540115073657407
300,Argentina,ARG,2016,908771312500,0.12516013207668242,27.535359318063836
301,Argentina,ARG,2017,1022513250000,-0.001353466568770667,27.653284683214615
302,Argentina,ARG,2018,1021129312500,-0.042804324060572885,27.65193029988267
304,Armenia,ARM,1992,12738516601,-0.03827543514460108,23.26789604396896
305,Armenia,ARM,1993,12250944335,-0.22436639330301877,23.228868859537403
306,Armenia,ARM,1994,9502244140,0.04153654907039672,22.97479383291927
307,Armenia,ARM,1995,9896934570,0.1018048221773784,23.01549090674484
308,Armenia,ARM,1996,10904490234,0.04054585097627417,23.11244048942759
309,Armenia,ARM,1997,11346622070,-0.0879414913834351,23.152185921599724
310,Armenia,ARM,1998,10348783203,0.1008826520491175,23.060134784818956
311,Armenia,ARM,1999,11392795898,0.02348420733552925,23.156247053817463
312,Armenia,ARM,2000,11660346679,0.05707092724768548,23.179459749759523
313,Armenia,ARM,2001,12325813476,0.08214563046662149,23.234961556806656
314,Armenia,ARM,2002,13338325195,0.1383193328268526,23.31390732195093
315,Armenia,ARM,2003,15183273437,0.06509572623459836,23.443460227102722
316,Armenia,ARM,2004,16171639648,0.11051942239023593,23.506524906013162
317,Armenia,ARM,2005,17958919921,0.13683757652521256,23.61135275998315
318,Armenia,ARM,2006,20416375000,0.13218690110266884,23.73960311188681
319,Armenia,ARM,2007,23115152343,0.08728370646499273,23.8637541850203
320,Armenia,ARM,2008,25132728515,-0.07624380468106928,23.94743675861274
321,Armenia,ARM,2009,23216513671,0.10054333127181603,23.868129658575725
322,Armenia,ARM,2010,25550779296,0.10281479153989093,23.963933653952903
323,Armenia,ARM,2011,28177777343,0.17476524262561677,24.06179946674345
324,Armenia,ARM,2012,33102273437,-0.010038963052868666,24.22286780086808
325,Armenia,ARM,2013,32769960937,-0.04087310810577427,24.212778107621027
326,Armenia,ARM,2014,31430550781,0.038449913315885986,24.171046211655796
327,Armenia,ARM,2015,32639052734,0.01886082951049417,24.20877534499128
328,Armenia,ARM,2016,33254652343,0.14936443926004683,24.227460514350597
329,Armenia,ARM,2017,38221714843,0.04942543807256672,24.36666964243909
330,Armenia,ARM,2018,40110839843,0.08655351991104898,24.414912455003307
332,Aruba,ABW,1972,550488647,0.08896459403276302,20.126316890844414
333,Aruba,ABW,1973,599462646,0.08843501651644203,20.21154422190009
334,Aruba,ABW,1974,652476135,0.09129864956670031,20.296285121779608
335,Aruba,ABW,1975,712046325,0.09077085960664144,20.383653530461977
336,Aruba,ABW,1976,776679382,0.09314061204215163,20.470538187395714
337,Aruba,ABW,1977,849019775,0.0888754693611229,20.559593036112727
338,Aruba,ABW,1978,924476806,0.088691027690315,20.64473852032098
339,Aruba,ABW,1979,1006469604,0.09026574735981785,20.729714602886162
340,Aruba,ABW,1980,1097319335,0.09142853023728037,20.81613607432889
341,Aruba,ABW,1981,1197645629,0.09106418406174477,20.903623490711293
342,Aruba,ABW,1982,1306708251,0.09074203435178285,20.990777026319176
343,Aruba,ABW,1983,1425281616,0.09130494110014542,21.077635256404882
344,Aruba,ABW,1984,1555416870,0.08793118786219667,21.165009430250908
345,Aruba,ABW,1985,1692186523,0.09221099794800813,21.24928733023433
346,Aruba,ABW,1986,1848224731,0.15996749693963497,21.33749141045627
347,Aruba,ABW,1987,2143880615,0.18628477313789227,21.485883395302356
348,Aruba,ABW,1988,2543252929,0.04482083622128008,21.656709779313474
349,Aruba,ABW,1989,2657243652,0.13369796395321298,21.700555201439183
350,Aruba,ABW,1990,3012511718,0.054753579883004555,21.82604002554815
351,Aruba,ABW,1991,3177457519,0.06076558910558316,21.879347191623012
352,Aruba,ABW,1992,3370537597,0.09731233180485432,21.93833809292037
353,Aruba,ABW,1993,3698532470,0.12823782185154098,22.031201948188485
354,Aruba,ABW,1994,4172824218,0.002715674422880676,22.15185891401655
355,Aruba,ABW,1995,4184156250,-0.0494874523388078,22.15457090765801
356,Aruba,ABW,1996,3977093017,0.07666836925780651,22.10381699163368
357,Aruba,ABW,1997,4282010253,0.08840868485421627,22.177688421552887
358,Aruba,ABW,1998,4660577148,0.041534282955292046,22.26240512891715
359,Aruba,ABW,1999,4854150878,-0.14928217132355892,22.303100026998074
360,Aruba,ABW,2000,4129512695,0.14503900925772562,22.14142524543238
361,Aruba,ABW,2001,4728453125,-0.24811325479725466,22.276863951078962
362,Aruba,ABW,2002,3555261230,0.04126909459196049,21.991694379921043
363,Aruba,ABW,2003,3701983642,0.14203962519832225,22.032134632395355
364,Aruba,ABW,2004,4227812011,0.08056340563719555,22.164950441099297
365,Aruba,ABW,2005,4568418945,0.06084465333553157,22.242433018098243
366,Aruba,ABW,2006,4846382812,-0.018805705520069882,22.301498451680942
367,Aruba,ABW,2007,4755243164,0.02792250899075155,22.28251367022719
368,Aruba,ABW,2008,4888021484,-0.13107227210378602,22.31005345405973
369,Aruba,ABW,2009,4247337402,-0.07389797402302067,22.16955812990653
370,Aruba,ABW,2010,3933467773,0.019261540292782264,22.092787258742085
371,Aruba,ABW,2011,4009232421,-0.027291804891847127,22.11186564373299
372,Aruba,ABW,2012,3899813232,0.19854397581058314,22.084194499704516
373,Aruba,ABW,2013,4674097656,-0.1281309311608444,22.265301966297958
374,Aruba,ABW,2014,4075201171,-0.037793918763084244,22.128185949537286
375,Aruba,ABW,2015,3921183349,-0.15306770675568326,22.08965931993867
376,Aruba,ABW,2016,3320976806,-0.07780730041027573,21.923524795275682
377,Aruba,ABW,2017,3062580566,0.124756922068185,21.842523719736533
378,Aruba,ABW,2018,3444658691,0.006572746687256714,21.96009066277386
380,Australia,AUS,1950,114123632812,-0.03147018806276869,25.460548196048276
381,Australia,AUS,1951,110532140625,-0.013634396787020497,25.428572180995697
382,Australia,AUS,1952,109025101562,0.12650211788298016,25.414843982222617
383,Australia,AUS,1953,122817007812,0.0741296582223887,25.53396134316692
384,Australia,AUS,1954,131921390625,0.049973297308091524,25.605472056568818
385,Australia,AUS,1955,138513937500,0.015248465519940968,25.65423678927972
386,Australia,AUS,1956,140626062500,0.006925392119259577,25.66937016543211
387,Australia,AUS,1957,141599953125,0.0796699813526156,25.67627168716784
388,Australia,AUS,1958,152881218750,0.06524458633019625,25.75292710878543
389,Australia,AUS,1959,162855890625,0.015743117213387503,25.816131540105342
390,Australia,AUS,1960,165419750000,0.029572874460274567,25.83175201990447
391,Australia,AUS,1961,170311687500,0.05469108659967925,25.860896051150394
392,Australia,AUS,1962,179626218750,0.07107919761852699,25.914143966291267
393,Australia,AUS,1963,192393906250,0.04961866158377881,25.982810702379144
394,Australia,AUS,1964,201940234375,0.013417026618720351,26.031237621138928
395,Australia,AUS,1965,204649671875,0.06906100738159315,26.04456543653636
396,Australia,AUS,1966,218782984375,0.04549449722259746,26.1113461365314
397,Australia,AUS,1967,228736406250,0.07579548784661383,26.155836113106727
398,Australia,AUS,1968,246073593750,0.07646391355228466,26.228896489724235
399,Australia,AUS,1969,264889343750,0.039273003031100595,26.30257800497097
400,Australia,AUS,1970,275292343750,0.038769921293897225,26.341099438137963
401,Australia,AUS,1971,285965406250,0.031756135712656786,26.379136683282525
402,Australia,AUS,1972,295046562500,0.04472652091989726,26.41039901981402
403,Australia,AUS,1973,308242968750,-0.035975678682857226,26.454154168511728
404,Australia,AUS,1974,297153718750,0.020096395815339285,26.417515413403976
405,Australia,AUS,1975,303125437500,0.04486117236531828,26.437412541936087
406,Australia,AUS,1976,316724000000,0.018468268113562614,26.481296569116417
407,Australia,AUS,1977,322573343750,0.04667213764466549,26.499596369806287
408,Australia,AUS,1978,337628531250,0.032422559815877605,26.545212108093722
409,Australia,AUS,1979,348575312500,0.033424896520748204,26.577120148534302
410,Australia,AUS,1980,360226406250,0.04525669403226873,26.609998576967907
411,Australia,AUS,1981,376529062500,-0.023447891223536077,26.654261072442328
412,Australia,AUS,1982,367700250000,0.05882058483778563,26.6305339051555
413,Australia,AUS,1983,389328593750,0.0390142805944369,26.687689538005046
414,Australia,AUS,1984,404517968750,0.027864259738152874,26.725961994584406
415,Australia,AUS,1985,415789562500,0.028437537438184224,26.753445109842655
416,Australia,AUS,1986,427613593750,0.08253939833969559,26.78148580640115
417,Australia,AUS,1987,462908562500,0.05933164176456551,26.86079538232822
418,Australia,AUS,1988,490373687500,0.03472696014098431,26.918433564949478
419,Australia,AUS,1989,507402875000,0.0005776351779638311,26.95257115023665
420,Australia,AUS,1990,507695968750,5.6689932108167085e-05,26.953148618647635
421,Australia,AUS,1991,507724750000,0.039682795648626534,26.95320530697293
422,Australia,AUS,1992,527872687500,0.036273897955745316,26.99212096941896
423,Australia,AUS,1993,547020687500,0.04640683721856487,27.02775245858011
424,Australia,AUS,1994,572406187500,0.05199989648958847,27.07311469431871
425,Australia,AUS,1995,602171250000,0.05601303200709107,27.123807710240296
426,Australia,AUS,1996,635900687500,0.049361284894034574,27.17830823636402
427,Australia,AUS,1997,667289562500,0.03443857253499294,27.226489915342967
428,Australia,AUS,1998,690270062500,0.05156179361320623,27.260348752890238
429,Australia,AUS,1999,725861625000,0.029079061728879863,27.310625234431324
430,Australia,AUS,2000,746969000000,0.032293927191088256,27.33928952188745
431,Australia,AUS,2001,771091562500,0.024357272746062586,27.37107296156491
432,Australia,AUS,2002,789873250000,0.04277418877016026,27.395138326497143
433,Australia,AUS,2003,823659437500,0.0362347878761482,27.43702297741739
434,Australia,AUS,2004,853504562500,0.0754326664773981,27.472616724802236
435,Australia,AUS,2005,917886687500,0.021501768975160207,27.545339785852427
436,Australia,AUS,2006,937622875000,0.028185639135563934,27.566613652869158
437,Australia,AUS,2007,964050375000,0.05376041682469124,27.594409386415713
438,Australia,AUS,2008,1015878125000,-0.002132945327472213,27.646774502180914
439,Australia,AUS,2009,1013711312500,0.09761402115160878,27.644639278885794
440,Australia,AUS,2010,1112663750000,0.056065904906131836,27.73777803116651
441,Australia,AUS,2011,1175046250000,-0.0040015446200522,27.792328624452146
442,Australia,AUS,2012,1170344250000,0.0485199119831623,27.788319052230058
443,Australia,AUS,2013,1227129250000,-0.0016445904129496203,27.83569861433295
444,Australia,AUS,2014,1225111125000,-0.0484090779928229,27.83405267009666
445,Australia,AUS,2015,1165804625000,0.07175934389520888,27.784432629782792
446,Australia,AUS,2016,1249462000000,0.03371070908919194,27.85373417459409
447,Australia,AUS,2017,1291582250000,0.045535621134465076,27.88688913309132
448,Australia,AUS,2018,1350395250000,0.010576533055784987,27.931418443305613
450,Austria,AUT,1950,41605027343,0.0505005827223306,24.45148684650325
451,Austria,AUT,1951,43706105468,0.027828634854929257,24.500753642515516
452,Austria,AUT,1952,44922386718,0.05312887307128933,24.52820209804096
453,Austria,AUT,1953,47309062500,0.07078255355408913,24.579967710286596
454,Austria,AUT,1954,50657718750,0.09641507925186632,24.648357449909902
455,Austria,AUT,1955,55541886718,0.07360161669976484,24.740403288683805
456,Austria,AUT,1956,59629859375,0.05250017621729475,24.811422281785838
457,Austria,AUT,1957,62760437500,0.040852206344163866,24.862590735787585
458,Austria,AUT,1958,65324339843,0.03404436672984312,24.90263054256915
459,Austria,AUT,1959,67548265625,0.07254766209994745,24.93610822559739
460,Austria,AUT,1960,72448734375,0.05498726577306057,25.00614503661642
461,Austria,AUT,1961,76432492187,0.02824970442828567,25.059673733114312
462,Austria,AUT,1962,78591687500,0.04129581531125659,25.08753177379145
463,Austria,AUT,1963,81837195312,0.047782750069718105,25.127997687621306
464,Austria,AUT,1964,85747601562,0.03162533791734368,25.17467395247884
465,Austria,AUT,1965,88459398437,0.05053377683981908,25.20580950896781
466,Austria,AUT,1966,92929585937,0.030749676318769348,25.2551079028617
467,Austria,AUT,1967,95787140625,0.043324170759481806,25.285394281441558
468,Austria,AUT,1968,99937039062,0.05004455540149877,25.327806215267284
469,Austria,AUT,1969,104938343750,0.06318271115270968,25.376638812252143
470,Austria,AUT,1970,111568632812,0.05377036346863573,25.43790577939378
471,Austria,AUT,1971,117567718750,0.05957563818937328,25.49028033430363
472,Austria,AUT,1972,124571890625,0.04984922737259767,25.54814882093884
473,Austria,AUT,1973,130781703125,0.03484145634381908,25.596795381819337
474,Austria,AUT,1974,135338328125,0.006524274292678323,25.63104361452656
475,Austria,AUT,1975,136221312500,0.025488164709909,25.637546697862188
476,Austria,AUT,1976,139693343750,0.042096672913236155,25.662715455331163
477,Austria,AUT,1977,145573968750,-0.0034326406657096964,25.703950170667174
478,Austria,AUT,1978,145074265625,0.040877985661007976,25.700511624973394
479,Austria,AUT,1979,151004609375,0.011931858454238053,25.74057619895769
480,Austria,AUT,1980,152806375000,-0.0028042023770278313,25.752437434012716
481,Austria,AUT,1981,152377875000,0.004507913304342859,25.74962929249438
482,Austria,AUT,1982,153064781250,0.020866879689216633,25.7541270755902
483,Austria,AUT,1983,156258765625,-0.005707379815992342,25.774779223989377
484,Austria,AUT,1984,155366937500,0.02148532647108392,25.769055494843634
485,Austria,AUT,1985,158705046875,0.04761830687685875,25.790313265327878
486,Austria,AUT,1986,166262312500,0.04149551706133048,25.836832573890433
487,Austria,AUT,1987,173161453125,0.06424612940253649,25.877490251290247
488,Austria,AUT,1988,184286406250,0.05373624444966363,25.939756940084727
489,Austria,AUT,1989,194189265625,0.05862780616816088,25.992099116430406
490,Austria,AUT,1990,205574156250,0.04552561856860349,26.049072663453465
491,Austria,AUT,1991,214933046875,0.04166748147951593,26.093592406692228
492,Austria,AUT,1992,223888765625,0.02187888921682024,26.134415183432512
493,Austria,AUT,1993,228787203125,0.04926794351273878,26.156058164490165
494,Austria,AUT,1994,240059078125,0.043217942250022956,26.20415088885045
495,Austria,AUT,1995,250433937500,0.023452791816604313,26.246461000135533
496,Austria,AUT,1996,256307312500,0.05114185437062013,26.269643000927772
497,Austria,AUT,1997,269415343750,0.040010365036976525,26.319520054571758
498,Austria,AUT,1998,280194750000,0.03712194821637449,26.358750734057082
499,Austria,AUT,1999,290596125000,0.05619977726819303,26.395200253513302
500,Austria,AUT,2000,306927562500,-0.022690818130743806,26.449877603923646
501,Austria,AUT,2001,299963125000,0.021087071119158418,26.426925387381072
502,Austria,AUT,2002,306288468750,0.024877895439868736,26.447793203161687
503,Austria,AUT,2003,313908281250,0.040033190427339216,26.472366682255817
504,Austria,AUT,2004,326475031250,0.0946412345277936,26.511619308772303
505,Austria,AUT,2005,357373031250,0.019636257177702232,26.60204597865451
506,Austria,AUT,2006,364390500000,0.034185080977687354,26.62149193173991
507,Austria,AUT,2007,376847218750,0.03633675815737991,26.65510568695126
508,Austria,AUT,2008,390540625000,-0.04458779096284793,26.690797834105716
509,Austria,AUT,2009,373127281250,0.03243338629504189,26.645185434977435
510,Austria,AUT,2010,385229062500,0.04438738964560862,26.677103961843653
511,Austria,AUT,2011,402328375000,0.018216463106784264,26.72053444535623
512,Austria,AUT,2012,409657375000,-0.012879665598599321,26.73858697654562
513,Austria,AUT,2013,404381125000,0.046596898532294206,26.725623648918393
514,Austria,AUT,2014,423224031250,0.017484460247080946,26.77116750049552
515,Austria,AUT,2015,430623875000,0.012928190523574745,26.788500866229064
516,Austria,AUT,2016,436191062500,0.05052953429095086,26.80134620104965
517,Austria,AUT,2017,458231593750,0.02777887082343944,26.850640556465645
518,Austria,AUT,2018,470960750000,0.014321257132361875,26.87804059415708
520,Azerbaijan,AZE,1990,76027460937,-0.4166574783057587,25.05436044008788
521,Azerbaijan,AZE,1993,44350050781,-0.21770840700224092,24.515379690706983
522,Azerbaijan,AZE,1994,34694671875,-0.37717190455486904,24.26985196383859
523,Azerbaijan,AZE,1995,21608816406,-0.04569478204858235,23.796367235303507
524,Azerbaijan,AZE,1996,20621406250,-0.07773352556884916,23.749595511560937
525,Azerbaijan,AZE,1997,19018431640,0.0031479536343093084,23.668674432198994
526,Azerbaijan,AZE,1998,19078300781,0.06082693748888324,23.671817441401107
527,Azerbaijan,AZE,1999,20238775390,0.13032079027386256,23.73086617508857
528,Azerbaijan,AZE,2000,22876308593,0.13815936077060598,23.853367652723147
529,Azerbaijan,AZE,2001,26036884765,0.03653620898145116,23.982780014449727
530,Azerbaijan,AZE,2002,26988173828,0.0551971367716062,24.01866460062756
531,Azerbaijan,AZE,2003,28477843750,0.058134009882683024,24.072392209598682
532,Azerbaijan,AZE,2004,30133375000,0.5586383920154978,24.12889919841884
533,Azerbaijan,AZE,2005,46967035156,0.46575577735196827,24.57271181291511
534,Azerbaijan,AZE,2006,68842203125,0.36866681751768815,24.955082811336624
535,Azerbaijan,AZE,2007,94222039062,0.11743412606172843,25.268919951482754
536,Azerbaijan,AZE,2008,105286921875,0.025512353663345255,25.37995504965509
537,Azerbaijan,AZE,2009,107973039062,0.2019076810969609,25.405147394590987
538,Azerbaijan,AZE,2010,129773625000,0.27611398309941637,25.589057423342545
539,Azerbaijan,AZE,2011,165605937500,0.07789387080399823,25.832876932723412
540,Azerbaijan,AZE,2012,178505625000,-0.08017228098554319,25.907885950274636
541,Azerbaijan,AZE,2013,164194421875,0.09094753618590312,25.82431706185907
542,Azerbaijan,AZE,2014,179127500000,-0.21669708029197077,25.911363679731476
543,Azerbaijan,AZE,2015,140311093750,-0.043958124301913926,25.667127892561048
544,Azerbaijan,AZE,2016,134143281250,0.03422215285195285,25.622174328702457
545,Azerbaijan,AZE,2017,138733953125,0.11466033290111377,25.65582392973146
546,Azerbaijan,AZE,2018,154641234375,0.03042374593047481,25.764373654063725
548,Bahamas,BHS,1970,4769249023,0.03084488423451326,22.285454691925867
549,Bahamas,BHS,1971,4916355957,-0.05324978994396279,22.31583343388079
550,Bahamas,BHS,1972,4654561035,0.08056277964351577,22.26111344355118
551,Bahamas,BHS,1973,5029545410,-0.11670840745028688,22.3385954412284
552,Bahamas,BHS,1974,4442555175,-0.23820932195850553,22.214495537724623
553,Bahamas,BHS,1975,3384297119,0.10665404404760248,21.942412075959027
554,Bahamas,BHS,1976,3745246093,0.06361528110136927,22.043753164173182
555,Bahamas,BHS,1977,3983500976,0.17114563121924542,22.105426911795334
556,Bahamas,BHS,1978,4665259765,0.05436083621808785,22.26340935351108
557,Bahamas,BHS,1979,4918867187,0.23537648019037682,22.316344094395106
558,Bahamas,BHS,1980,6076652832,-0.15930481249516937,22.5277198602795
559,Bahamas,BHS,1981,5108612792,0.060622862528352695,22.35419373503164
560,Bahamas,BHS,1982,5418311523,0.09677785353871027,22.41305007674154
561,Bahamas,BHS,1983,5942684082,0.20623375129635568,22.505426733916988
562,Bahamas,BHS,1984,7168266113,0.029790794124219255,22.69292963706943
563,Bahamas,BHS,1985,7381814453,-0.018545827299189632,22.722285306180076
564,Bahamas,BHS,1986,7244912597,0.11134537362590624,22.703565348740145
565,Bahamas,BHS,1987,8051600097,-0.025402559433647,22.809136678438446
566,Bahamas,BHS,1988,7847068847,0.06289750282854878,22.783405903724727
567,Bahamas,BHS,1989,8340629882,-0.09504250472866149,22.84440457588483
568,Bahamas,BHS,1990,7547915527,-0.05182165945032313,22.744537272948648
569,Bahamas,BHS,1991,7156770019,0.029690323349204073,22.69132460147133
570,Bahamas,BHS,1992,7369256835,-0.0215216589068713,22.720582701563995
571,Bahamas,BHS,1993,7210658203,-0.0296046136136624,22.698826074367826
572,Bahamas,BHS,1994,6997189453,-0.018437369298995865,22.668774398662038
573,Bahamas,BHS,1995,6868179687,0.21745507194969238,22.650164942568924
574,Bahamas,BHS,1996,8361700195,-0.01667398360962158,22.84692761597327
575,Bahamas,BHS,1997,8222277343,0.06716604049730357,22.830113056670267
576,Bahamas,BHS,1998,8774535156,0.1234188865560002,22.895119631219973
577,Bahamas,BHS,1999,9857478515,0.07926504884702767,23.01149624415497
578,Bahamas,BHS,2000,10638832031,-0.04089877852494883,23.087776543312017
579,Bahamas,BHS,2001,10203716796,0.19349844379981174,23.04601788262679
580,Bahamas,BHS,2002,12178120117,-0.030673126263433437,23.222906745526423
581,Bahamas,BHS,2003,11804579101,-0.03972232037991741,23.19175335254923
582,Bahamas,BHS,2004,11335673828,0.12038064288947181,23.15122056580863
583,Bahamas,BHS,2005,12700269531,-0.07815702120156842,23.26488905309914
584,Bahamas,BHS,2006,11707654296,0.0960351793428118,23.1835086781792
585,Bahamas,BHS,2007,12832000976,-0.05473011390145022,23.275207964130416
586,Bahamas,BHS,2008,12129704101,0.004000542024434006,23.218923165622968
587,Bahamas,BHS,2009,12178229492,-0.03616180162225502,23.222915726757336
588,Bahamas,BHS,2010,11737842773,0.041506209311362285,23.18608388429187
589,Bahamas,BHS,2011,12225036132,0.06403179569759976,23.226751827885803
590,Bahamas,BHS,2012,13007827148,-0.12281157343374005,23.288817101533198
591,Bahamas,BHS,2013,11410315429,0.09804750245173954,23.15778364539884
592,Bahamas,BHS,2014,12529068359,-0.07523660211518202,23.25131725025688
593,Bahamas,BHS,2015,11586423828,0.011058116369813131,23.173099889997864
594,Bahamas,BHS,2016,11714547851,0.04287470753360112,23.18409731242937
595,Bahamas,BHS,2017,12216805664,0.02081900973095485,23.226078354227
596,Bahamas,BHS,2018,12471147460,0.03337657118842219,23.246683610047334
598,Bahrain,BHR,1970,4636369628,-0.01027952295092549,22.257197489185256
599,Bahrain,BHR,1971,4588709960,0.06383523682111303,22.246864767049427
600,Bahrain,BHR,1972,4881631347,0.12065188584180064,22.30874529336624
601,Bahrain,BHR,1973,5470609375,0.2472055036830334,22.422655850283295
602,Bahrain,BHR,1974,6822974121,-0.08542213375925545,22.643561301866157
603,Bahrain,BHR,1975,6240141113,0.2769557041586088,22.554268633334868
604,Bahrain,BHR,1976,7968383789,0.11767538334366234,22.79874752235891
605,Bahrain,BHR,1977,8906066406,0.03717050310527403,22.909998500139704
606,Bahrain,BHR,1978,9237109375,-0.1647964859136466,22.946494835452462
607,Bahrain,BHR,1979,7714866210,0.23068413859117332,22.76641498106872
608,Bahrain,BHR,1980,9494563476,-0.0882402583455012,22.973985206062192
609,Bahrain,BHR,1981,8656760742,-0.17136962707106773,22.881606441279352
610,Bahrain,BHR,1982,7173254882,0.037393608816701285,22.69362534698792
611,Bahrain,BHR,1983,7441488769,0.08562050723697068,22.73033676913362
612,Bahrain,BHR,1984,8078632812,-0.45649372868167437,22.812488488726746
613,Bahrain,BHR,1985,4390787597,0.19462824609960294,22.20277445500347
614,Bahrain,BHR,1986,5245358886,0.04371517049329321,22.380609500858025
615,Bahrain,BHR,1987,5474660644,0.2334294943743367,22.42339612789691
616,Bahrain,BHR,1988,6752607910,0.012011056777025297,22.633194624251225
617,Bahrain,BHR,1989,6833713867,0.1558487668239974,22.64513412072581
618,Bahrain,BHR,1990,7898739746,-0.0026813391352368265,22.789969057871005
619,Bahrain,BHR,1991,7877560546,0.03905593948830055,22.787284117507138
620,Bahrain,BHR,1992,8185226074,0.13120050091361724,22.82559666791342
621,Bahrain,BHR,1993,9259131835,0.028106226656832156,22.948876126889633
622,Bahrain,BHR,1994,9519371093,0.03173217117485061,22.976594621907854
623,Bahrain,BHR,1995,9821441406,-0.03782520626484098,23.007833731229653
624,Bahrain,BHR,1996,9449943359,0.21388428048883923,22.969274584677486
625,Bahrain,BHR,1997,11471137695,-0.05956227605024844,23.16309995192208
626,Bahrain,BHR,1998,10787890625,0.22663160371075786,23.101690103592595
627,Bahrain,BHR,1999,13232767578,0.3950975745763228,23.30596198276535
628,Bahrain,BHR,2000,18461001953,-0.000588973828597239,23.638926341525423
629,Bahrain,BHR,2001,18450128906,-0.037634285675597345,23.638337194183606
630,Bahrain,BHR,2002,17755771484,0.24301121277034787,23.59997645404489
631,Bahrain,BHR,2003,22070623046,0.12961782220817142,23.817513287265157
632,Bahrain,BHR,2004,24931369140,0.37082385781080296,23.93939265234811
633,Bahrain,BHR,2005,34176515625,0.15308163454711465,24.254804567512323
634,Bahrain,BHR,2006,39408312500,0.13942232205451588,24.39724260815511
635,Bahrain,BHR,2007,44902710937,0.37469697942304436,24.527764007088024
636,Bahrain,BHR,2008,61727621093,-0.15150499569568765,24.845997335318206
637,Bahrain,BHR,2009,52375578125,0.10291682341215203,24.68170625331395
638,Bahrain,BHR,2010,57765906250,0.06110073036376895,24.77966458132407
639,Bahrain,BHR,2011,61295445312,0.1933646935701374,24.838971375529383
640,Bahrain,BHR,2012,73147820312,-0.005536733675351346,25.01574816645663
641,Bahrain,BHR,2013,72742820312,-0.024497692588171915,25.010196048258432
642,Bahrain,BHR,2014,70960789062,-0.062184430420363035,24.98539329469989
643,Bahrain,BHR,2015,66548132812,0.0013774099907348791,24.92119132447432
644,Bahrain,BHR,2016,66639796875,0.10393798563030199,24.922567786706114
645,Bahrain,BHR,2017,73566203125,0.05125676553665426,25.021451560546968
646,Bahrain,BHR,2018,77336968750,-0.0033536273685409457,25.071437928537964
648,Bangladesh,BGD,1959,75633320312,0.07643487571552221,25.049162767900135
649,Bangladesh,BGD,1960,81414343750,-0.0066388792822518194,25.122817307576156
650,Bangladesh,BGD,1961,80873843750,0.05926775227621106,25.116156292911025
651,Bangladesh,BGD,1962,85667054687,0.06684372083202916,25.173734162583496
652,Bangladesh,BGD,1963,91393359375,-0.0060701722947252845,25.238438658226563
653,Bangladesh,BGD,1964,90838585937,-0.016788192036120586,25.232349987539052
654,Bangladesh,BGD,1965,89313570312,0.009574325435796727,25.215419276463923
655,Bangladesh,BGD,1966,90168687500,-0.034663588876127305,25.22494805851332
656,Bangladesh,BGD,1967,87043117187,0.03209598260363378,25.189669432682525
657,Bangladesh,BGD,1968,89836851562,0.04338246145358604,25.221261101815937
658,Bangladesh,BGD,1969,93734195312,0.07373009633246652,25.263728904246495
659,Bangladesh,BGD,1970,100645226562,-0.010962082233680004,25.334867561797275
660,Bangladesh,BGD,1971,99541945312,-0.04430238225883221,25.32384495320374
661,Bangladesh,BGD,1972,95132000000,-0.14772927353571874,25.27853123780586
662,Bangladesh,BGD,1973,81078218750,0.02196702027324693,25.118680189245968
663,Bangladesh,BGD,1974,82859265625,-0.03466476384185313,25.140409410715456
664,Bangladesh,BGD,1975,79986968750,0.1334247609802066,25.105129567727175
665,Bangladesh,BGD,1976,90659210937,0.07330896380312057,25.230373378880536
666,Bangladesh,BGD,1977,97305343750,0.02919562806641851,25.301119744979736
667,Bangladesh,BGD,1978,100146234375,0.062294919034493246,25.329897298501123
668,Bangladesh,BGD,1979,106384835937,-0.0017954420883170563,25.390328884308005
669,Bangladesh,BGD,1980,106193828125,0.020349655438132386,25.38853182848167
670,Bangladesh,BGD,1981,108354835937,-0.0017785892833804828,25.408677196484692
671,Bangladesh,BGD,1982,108162117187,0.019434874636983013,25.406897023633434
672,Bangladesh,BGD,1983,110264234375,0.09836322152397847,25.426145452916714
673,Bangladesh,BGD,1984,121110179687,0.04417697392430098,25.51996654414601
674,Bangladesh,BGD,1985,126460460937,0.024842312685900092,25.56319553449353
675,Bangladesh,BGD,1986,129602031250,0.004402479702647399,25.58773429396707
676,Bangladesh,BGD,1987,130172601562,0.04391135015671854,25.592127111105068
677,Bangladesh,BGD,1988,135888656250,0.11326380030341943,25.635101683317156
678,Bangladesh,BGD,1989,151279921875,0.0443928706252843,25.742397744869987
679,Bangladesh,BGD,1990,157995671875,0.03836339266809419,25.785833476401976
680,Bangladesh,BGD,1991,164056921875,0.02875773966791062,25.823479289154342
681,Bangladesh,BGD,1992,168774828125,0.025522263437351755,25.851831285506176
682,Bangladesh,BGD,1993,173082343750,0.04707558811873325,25.877033293637343
683,Bangladesh,BGD,1994,181230296875,0.047336697549621665,25.92303441787562
684,Bangladesh,BGD,1995,189809140625,0.029096168560770463,25.969284881209195
685,Bangladesh,BGD,1996,195331859375,-0.001442736995908911,25.99796579196507
686,Bangladesh,BGD,1997,195050046875,-0.007834127186748474,25.99652201322204
687,Bangladesh,BGD,1998,193522000000,-0.030289837847893297,25.98865703804389
688,Bangladesh,BGD,1999,187660250000,0.03416246914303911,25.957898984003954
689,Bangladesh,BGD,2000,194071187500,0.029495136932678356,25.991490874577856
690,Bangladesh,BGD,2001,199795343750,0.05313452781604178,26.020559398334754
691,Bangladesh,BGD,2002,210411375000,0.029356183808978864,26.07233038003679
692,Bangladesh,BGD,2003,216588250000,0.025694419595707618,26.101263922581097
693,Bangladesh,BGD,2004,222153359375,0.04293339025722309,26.126633788316173
694,Bangladesh,BGD,2005,231691156250,0.09111105206459524,26.168671098687796
695,Bangladesh,BGD,2006,252800781250,0.11639847335321485,26.255867589601998
696,Bangladesh,BGD,2007,282226406250,0.1214295481962897,26.365975444808157
697,Bangladesh,BGD,2008,316497031250,0.08517279733567795,26.480579698549843
698,Bangladesh,BGD,2009,343453968750,0.13893810551577745,26.562318933078917
699,Bangladesh,BGD,2010,391172812500,0.15626605248799086,26.69241527499261
700,Bangladesh,BGD,2011,452299843750,0.03961172051587747,26.837611167973595
701,Bangladesh,BGD,2012,470216218750,0.059379066239407585,26.876458465758223
702,Bangladesh,BGD,2013,498137218750,0.07117811601986435,26.93414141567562
703,Bangladesh,BGD,2014,533593687500,0.08783321673009858,27.00290050145536
704,Bangladesh,BGD,2015,580460937500,0.04338028775622815,27.08708834469187
705,Bangladesh,BGD,2016,605641500000,0.08436911522740753,27.12955406380236
706,Bangladesh,BGD,2017,656738937500,0.08810293054993412,27.210552421061095
707,Bangladesh,BGD,2018,714599562500,0.06279189752512626,27.294988170304915
709,Barbados,BRB,1960,2174016113,0.025993484437435654,21.499842037301494
710,Barbados,BRB,1961,2230526367,0.029799799268636074,21.525503433579065
711,Barbados,BRB,1962,2296995605,-0.009737265039303389,21.554867847286282
712,Barbados,BRB,1963,2274629150,0.0019238195377915268,21.54508286507258
713,Barbados,BRB,1964,2279005126,0.04915528522597978,21.547004836439548
714,Barbados,BRB,1965,2391030273,0.057495563545296946,21.59499018657206
715,Barbados,BRB,1966,2528503906,0.10688099882255031,21.65089362327252
716,Barbados,BRB,1967,2798752929,0.038922888073197326,21.752439772415325
717,Barbados,BRB,1968,2907688476,0.15011210850223144,21.790624264331772
718,Barbados,BRB,1969,3344167724,0.10199872080339478,21.930483687609627
719,Barbados,BRB,1970,3685268554,0.03397209380144406,22.02760923754421
720,Barbados,BRB,1971,3810464843,0.018823252530924872,22.061017024679636
721,Barbados,BRB,1972,3882190185,-0.02807007998244171,22.07966531199241
722,Barbados,BRB,1973,3773216796,-0.09491736556978903,22.051193736124105
723,Barbados,BRB,1974,3415072998,0.19145405951290306,21.95146470543617
724,Barbados,BRB,1975,4068902587,-0.20953473271243983,22.126639165399222
725,Barbados,BRB,1976,3216326171,0.013245259571032397,21.891505604451183
726,Barbados,BRB,1977,3258927246,-0.04560924371123565,21.904663912526875
727,Barbados,BRB,1978,3110290039,0.05240339130957805,21.857981818917715
728,Barbados,BRB,1979,3273279785,-0.013870000116717796,21.909058311549565
729,Barbados,BRB,1980,3227879394,-0.006524576797741433,21.895091224202588
730,Barbados,BRB,1981,3206818847,0.016611864449354696,21.888545269314253
731,Barbados,BRB,1982,3260090087,0.03298031530746459,21.905020665992293
732,Barbados,BRB,1983,3367608886,0.02741333276075686,21.937468800098728
733,Barbados,BRB,1984,3459926269,-0.12590931977458275,21.96451311625142
734,Barbados,BRB,1985,3024289306,0.16850703171451142,21.829941960661163
735,Barbados,BRB,1986,3533903320,0.09279193410418474,21.98566885336727
736,Barbados,BRB,1987,3861821044,0.04771311769774478,22.074404682230224
737,Barbados,BRB,1988,4046080566,0.08054766549599157,22.121014487999894
738,Barbados,BRB,1989,4371982910,-0.05630746918907792,22.198482498286914
739,Barbados,BRB,1990,4125807617,0.05752602400123008,22.140527623508884
740,Barbados,BRB,1991,4363148925,-0.24215175946578538,22.196459864128997
741,Barbados,BRB,1992,3306604736,0.05544360231630652,21.919187740367434
742,Barbados,BRB,1993,3489934814,0.6506787481790484,21.97314889504935
743,Barbados,BRB,1994,5760761230,0.09258419984888011,22.474335460908225
744,Barbados,BRB,1995,6294116699,0.07105539639439096,22.56288117672592
745,Barbados,BRB,1996,6741347656,-0.0681908522535335,22.63152569084492
746,Barbados,BRB,1997,6281649414,0.04523243152773637,22.560898428482616
747,Barbados,BRB,1998,6565783691,-0.007920962134541298,22.605137711681753
748,Barbados,BRB,1999,6513776367,-0.016370577064977132,22.59718521207818
749,Barbados,BRB,2000,6407142089,-0.02054599557359682,22.58067915650738
750,Barbados,BRB,2001,6275500976,-0.009483182175828886,22.55991915559022
751,Barbados,BRB,2002,6215989257,-0.07710363872657511,22.550390721728412
752,Barbados,BRB,2003,5736713867,0.03626969234022637,22.470152386300555
753,Barbados,BRB,2004,5944782714,0.024098238050421106,22.505779817051994
754,Barbados,BRB,2005,6088041503,-0.06256686453472748,22.529592274663898
755,Barbados,BRB,2006,5707131835,0.06056934673912262,22.464982428812405
756,Barbados,BRB,2007,6052809082,-0.07775210594359205,22.523788312304507
757,Barbados,BRB,2008,5582190429,-0.1139815291313846,22.442847086312035
758,Barbados,BRB,2009,4945923828,-0.04021590160243771,22.32182960519918
759,Barbados,BRB,2010,4747019042,-0.087201003479775,22.280782687883153
760,Barbados,BRB,2011,4333074218,-0.06631828709655396,22.18954310810584
761,Barbados,BRB,2012,4045712158,-0.07883098909282316,22.1209234307984
762,Barbados,BRB,2013,3726784667,0.00021172755350939987,22.038811679278567
763,Barbados,BRB,2014,3727573730,-0.028720652562384097,22.03902338442096
764,Barbados,BRB,2015,3620515380,-0.007688255974208857,22.009882222816167
765,Barbados,BRB,2016,3592679931,-0.05974740976724091,22.002164259840686
766,Barbados,BRB,2017,3378026611,0.019057273199201585,21.940557533039296
767,Barbados,BRB,2018,3442402587,0.018668758047851286,21.959435490998956
769,Belarus,BLR,1990,145477171875,-0.02800213822207287,25.70328501691886
770,Belarus,BLR,1991,141403500000,-0.10920344970244722,25.674883342577793
771,Belarus,BLR,1992,125961750000,0.060521720879552765,25.559244126382183
772,Belarus,BLR,1993,133585171875,-0.3429235982558412,25.618005102929644
773,Belarus,BLR,1994,87775664062,-0.0345243578545813,25.198050124474996
774,Belarus,BLR,1995,84745265625,0.047837480596722104,25.162915718814727
775,Belarus,BLR,1996,88799265625,0.05547334375266688,25.2096442169216
776,Belarus,BLR,1997,93725257812,-0.022994318578700823,25.2636335502928
777,Belarus,BLR,1998,91570109375,-0.015405801605224978,25.24037073850675
778,Belarus,BLR,1999,90159398437,0.054744102096564884,25.224845034483977
779,Belarus,BLR,2001,95095093750,0.0167145189864224,25.2781432147358
780,Belarus,BLR,2002,96684562500,0.046965066165552516,25.29471958343485
781,Belarus,BLR,2003,101225359375,0.07536656682776033,25.340615149117657
782,Belarus,BLR,2004,108854367187,0.057897453155675294,25.413276744970506
783,Belarus,BLR,2005,115156757812,0.12475752311865551,25.469560148525392
784,Belarus,BLR,2006,129523429687,0.10224218000559282,25.58712762594513
785,Belarus,BLR,2007,142766187500,0.1619838205737616,25.684474076601678
786,Belarus,BLR,2008,165892000000,-0.03264209545969665,25.834602811159726
787,Belarus,BLR,2009,160476937500,0.10506630430930297,25.801416077603072
788,Belarus,BLR,2010,177337656250,0.1268158994009485,25.90132141467245
789,Belarus,BLR,2011,199826890625,-0.04444643922657743,26.020717281817465
790,Belarus,BLR,2012,190945296875,-0.020953317863697696,25.97525282017583
791,Belarus,BLR,2013,186944359375,0.01854662805335039,25.954076866076964
792,Belarus,BLR,2014,190411546875,-0.021987079138369614,25.97245360281671
793,Belarus,BLR,2015,186224953125,-0.05610293062061955,25.95022120529708
794,Belarus,BLR,2016,175777187500,0.09177918778567329,25.89248304984113
795,Belarus,BLR,2017,191909875000,0.042949522529781126,25.98029169772937
796,Belarus,BLR,2018,200152312500,0.02319748991158921,26.022344476152874
798,Belgium,BEL,1950,72084273437,0.041236998325271834,25.001101735905824
799,Belgium,BEL,1951,75056812500,0.02252574923828532,25.0415111637244
800,Belgium,BEL,1952,76747523437,0.031669792276687536,25.063786954971274
801,Belgium,BEL,1953,79178101562,0.04558927031325033,25.09496560210559
802,Belgium,BEL,1954,82787773437,0.044681643151267325,25.139546223629903
803,Belgium,BEL,1955,86486867187,0.02882392097299502,25.183258414930005
804,Belgium,BEL,1956,88979757812,0.017192639231859985,25.211674740495475
805,Belgium,BEL,1957,90509554687,-0.011941159866906692,25.228721258731404
806,Belgium,BEL,1958,89428765625,0.030084611681678863,25.2167082305144
807,Belgium,BEL,1959,92119195312,0.05143921467128498,25.246349176645808
808,Belgium,BEL,1960,96857734375,0.054111418244703335,25.296509082929365
809,Belgium,BEL,1961,102098843750,0.05405737331868665,25.34920723737122
810,Belgium,BEL,1962,107618039062,0.03925326471119117,25.401854119897617
811,Belgium,BEL,1963,111842398437,0.06853966592390281,25.44035656045411
812,Belgium,BEL,1964,119508039062,0.03536797897593469,25.50664947854064
813,Belgium,BEL,1965,123734796875,0.027240783491204068,25.541406377312743
814,Belgium,BEL,1966,127105429687,0.0382075165864979,25.56828273403266
815,Belgium,BEL,1967,131961812500,0.04257292237479682,25.60577841843526
816,Belgium,BEL,1968,137579812500,0.061650010425766455,25.647470040199913
817,Belgium,BEL,1969,146061609375,0.05835497713240234,25.707294351665922
818,Belgium,BEL,1970,154585031250,0.0394932319813468,25.764010145967116
819,Belgium,BEL,1971,160690093750,0.06097392826992487,25.802743463421397
820,Belgium,BEL,1972,170488000000,0.06989962270071803,25.861930749961434
821,Belgium,BEL,1973,182405046875,0.04584679888671528,25.929495583474687
822,Belgium,BEL,1974,190767734375,-0.00888359412849482,25.97432247461112
823,Belgium,BEL,1975,189073031250,0.06558097507626437,25.965399186099585
824,Belgium,BEL,1976,201472625000,0.01567668002042466,26.02891935302447
825,Belgium,BEL,1977,204631046875,0.0394524841087851,26.044474423209028
826,Belgium,BEL,1978,212704250000,0.031968537300030464,26.083168540147152
827,Belgium,BEL,1979,219504093750,0.07036308121246604,26.114636719629406
828,Belgium,BEL,1980,234949078125,-0.04621679657846067,26.182634638780367
829,Belgium,BEL,1981,224090484375,-0.03194092007058258,26.13531575533906
830,Belgium,BEL,1982,216932828125,-0.029298599847403795,26.102853594756
831,Belgium,BEL,1983,210577000000,-0.0022922879754199155,26.07311721890637
832,Belgium,BEL,1984,210094296875,-0.04923399351556057,26.070822299616946
833,Belgium,BEL,1985,199750515625,0.07283304102860177,26.020335002941152
834,Belgium,BEL,1986,214298953125,0.05649577003737405,26.090637854323017
835,Belgium,BEL,1987,226405937500,0.07833937658989187,26.145595408638265
836,Belgium,BEL,1988,244142437500,0.023842318994623746,26.221017652163784
837,Belgium,BEL,1989,249963359375,0.0454093428068052,26.244580181567326
838,Belgium,BEL,1990,261314031250,0.01523968587125002,26.28898870588817
839,Belgium,BEL,1991,265296375000,0.037334424565733215,26.3041134342199
840,Belgium,BEL,1992,275201062500,0.006312316653937389,26.340767803826637
841,Belgium,BEL,1993,276938218750,0.025898375574064714,26.34706028125369
842,Belgium,BEL,1994,284110468750,0.04190733468000718,26.37262897394849
843,Belgium,BEL,1995,296016781250,-0.003192597716958012,26.413681983075623
844,Belgium,BEL,1996,295071718750,0.04606422485211481,26.410484278145493
845,Belgium,BEL,1997,308663968750,0.0064439008156826905,26.455519042335528
846,Belgium,BEL,1998,310652968750,0.04682163929907723,26.461942269985375
847,Belgium,BEL,1999,325198250000,0.0667611987456882,26.507700833301776
848,Belgium,BEL,2000,346908875000,0.0054448736717964685,26.57232797433657
849,Belgium,BEL,2001,348797750000,0.027795298278156855,26.577758078272357
850,Belgium,BEL,2002,358492687500,0.04399976429086849,26.605174099288515
851,Belgium,BEL,2003,374266281250,0.025928147247435307,26.648233362973905
852,Belgium,BEL,2004,383970312500,0.11797876626204018,26.673831075347557
853,Belgium,BEL,2005,429270656250,-0.028106320742719015,26.78535345729012
854,Belgium,BEL,2006,417205437500,0.03070242522905753,26.75684459330545
855,Belgium,BEL,2007,430014656250,0.08713830902129871,26.78708512935549
856,Belgium,BEL,2008,467485406250,-0.03340939854205338,26.870633968610367
857,Belgium,BEL,2009,451867000000,0.08291287867890329,26.836653725691658
858,Belgium,BEL,2010,489332593750,-0.003223140089470111,26.916308246041538
859,Belgium,BEL,2011,487755406250,0.008319167144034134,26.91307990044766
860,Belgium,BEL,2012,491813125000,-0.0025409168370608137,26.92136465405031
861,Belgium,BEL,2013,490563468750,0.005559041130699827,26.91882050360535
862,Belgium,BEL,2014,493290531250,-0.018519512176426,26.92436415029278
863,Belgium,BEL,2015,484155031250,0.01812526346642196,26.905671004873945
864,Belgium,BEL,2016,492930468750,0.04599716935229514,26.92363396402419
865,Belgium,BEL,2017,515603875000,-0.015575547216358676,26.968604623499107
866,Belgium,BEL,2018,507573062500,0.019399547035654496,26.952906503017555
868,Belize,BLZ,1970,487245605,0.07520914426719139,20.004278876301
869,Belize,BLZ,1971,523890930,-0.10037031944798125,20.076794071764375
870,Belize,BLZ,1972,471307830,0.13177048639314992,19.97102200537785
871,Belize,BLZ,1973,533412292,0.13957471193783433,20.09480521406609
872,Belize,BLZ,1974,607863159,-0.012123829008034992,20.225460347164756
873,Belize,BLZ,1975,600493530,-0.07047222473820824,20.213262425071566
874,Belize,BLZ,1976,558175415,0.08053758691611312,20.14018383474292
875,Belize,BLZ,1977,603129516,0.04057642405283968,20.217642517697886
876,Belize,BLZ,1978,627602355,0.06987721229949817,20.25741733120617
877,Belize,BLZ,1979,671457458,0.1361651075740975,20.324961218234858
878,Belize,BLZ,1980,762886535,-0.06263402459973944,20.452619869147195
879,Belize,BLZ,1981,715103881,0.03741850479482989,20.387938378216873
880,Belize,BLZ,1982,741861999,-0.004302709943766803,20.424673798659065
881,Belize,BLZ,1983,738669982,0.02172078924414711,20.420361805420416
882,Belize,BLZ,1984,754714477,0.038174909688395875,20.44185005952772
883,Belize,BLZ,1985,783525634,0.15691278710608203,20.479314336519344
884,Belize,BLZ,1986,906470825,0.11404790992583802,20.625069403416216
885,Belize,BLZ,1987,1009851928,0.0802952410662725,20.733069551111285
886,Belize,BLZ,1988,1090938232,0.1050396746935165,20.81030392624593
887,Belize,BLZ,1989,1205530029,0.11900197054319905,20.910185165271102
888,Belize,BLZ,1990,1348990478,-0.029314365553290478,21.02262235558522
889,Belize,BLZ,1991,1309445678,0.0029509708305746063,20.992869738042813
890,Belize,BLZ,1992,1313309814,0.06404214535169839,20.995816363305963
891,Belize,BLZ,1993,1397416992,0.06786123579639436,21.057891363733898
892,Belize,BLZ,1994,1492247436,0.08107151473772078,21.123549166800803
893,Belize,BLZ,1995,1613226196,-0.12483544991975815,21.201501859363752
894,Belize,BLZ,1996,1411838378,-0.0337901977615741,21.068158506293248
895,Belize,BLZ,1997,1364132080,-0.005864534759713269,21.033784224524258
896,Belize,BLZ,1998,1356132080,0.03924772356981632,21.027902425850936
897,Belize,BLZ,1999,1409357177,0.145968275010246,21.066399534544313
898,Belize,BLZ,2000,1615078613,-0.005134262154953051,21.202649469216542
899,Belize,BLZ,2001,1606786376,0.1259453733381668,21.197501981449054
900,Belize,BLZ,2002,1809153686,0.10502600219669778,21.316124996080447
901,Belize,BLZ,2003,1999161865,0.05203364610999128,21.415993862173032
902,Belize,BLZ,2004,2103185546,0.053258821701696935,21.466718958971395
903,Belize,BLZ,2005,2215198730,0.06884412487903502,21.518607956509197
904,Belize,BLZ,2006,2367702148,0.03375988405784902,21.585185763962343
905,Belize,BLZ,2007,2447635498,-0.035988774910307386,21.618388292634286
906,Belize,BLZ,2008,2359548095,-0.05482813818211241,21.581735952478812
907,Belize,BLZ,2009,2230178466,0.12552662590366892,21.525347448812653
908,Belize,BLZ,2010,2510125244,0.05974951224386005,21.643598486853207
909,Belize,BLZ,2011,2660104003,0.024472672469415535,21.70163105784786
910,Belize,BLZ,2012,2725203857,-0.07500460249055052,21.725809072171753
911,Belize,BLZ,2013,2520801025,0.01918209629417289,21.6478425550242
912,Belize,BLZ,2014,2569155273,-0.07351296084936942,21.66684299427531
913,Belize,BLZ,2015,2380289062,-0.02157069190447758,21.590487771876628
914,Belize,BLZ,2016,2328944580,0.0002154233313700349,21.568681031945058
915,Belize,BLZ,2017,2329446289,-0.04732025010429419,21.56889643207615
916,Belize,BLZ,2018,2219216308,-0.014552289420180275,21.520419956091928
918,Benin,BEN,1959,3731819091,0.08969429997484313,22.040161643676168
919,Benin,BEN,1960,4066541992,0.012674288646568499,22.12605884184264
920,Benin,BEN,1961,4118082519,-0.026089027479247573,22.138653483962216
921,Benin,BEN,1962,4010645751,0.057126830247441696,22.112218100462215
922,Benin,BEN,1963,4239761230,0.056272285644727305,22.16777279092536
923,Benin,BEN,1964,4478342285,0.08354161097804513,22.222518789227273
924,Benin,BEN,1965,4852470214,0.027537822821553926,22.302753734709363
925,Benin,BEN,1966,4986096679,0.03973431598998478,22.32991921195205
926,Benin,BEN,1967,5184215820,0.07886355761323216,22.368884427074242
927,Benin,BEN,1968,5593061523,0.04024735935306811,22.44479265272536
928,Benin,BEN,1969,5818167480,0.10032447364337482,22.484251183129675
929,Benin,BEN,1970,6401872070,0.022988270835596403,22.579856295476553
930,Benin,BEN,1971,6549040039,0.04502665203510148,22.602584316921465
931,Benin,BEN,1972,6843921386,0.0723245302046489,22.64662670635282
932,Benin,BEN,1973,7338904785,0.08691971427450529,22.71645545658678
933,Benin,BEN,1974,7976800292,-0.14866556069973624,22.799803202085016
934,Benin,BEN,1975,6790924804,0.07357417927904364,22.63885297012617
935,Benin,BEN,1976,7290561523,0.033755986726620835,22.709846406475215
936,Benin,BEN,1977,7536661621,-0.028825371487379403,22.743045165085427
937,Benin,BEN,1978,7319414550,0.047528442148423,22.713796182212903
938,Benin,BEN,1979,7667294921,0.07344035592758447,22.760229707067435
939,Benin,BEN,1980,8230383789,0.2648028046897195,22.83109848347642
940,Benin,BEN,1981,10409812500,-0.27946584167582267,23.066014707883703
941,Benin,BEN,1982,7500625488,-0.017086986439336815,22.738252252411222
942,Benin,BEN,1983,7372462402,0.06158653761012434,22.72101759887807
943,Benin,BEN,1984,7826506835,0.10484839498642051,22.78078212160719
944,Benin,BEN,1985,8647103515,-0.12582767398500372,22.880490248056937
945,Benin,BEN,1986,7559058593,-0.07477511717178986,22.746012494648554
946,Benin,BEN,1987,6993829101,0.030800450352611586,22.668294040201836
947,Benin,BEN,1988,7209242187,-0.09573817734193979,22.698629676894022
948,Benin,BEN,1989,6519042480,0.02977634853516098,22.597993343204443
949,Benin,BEN,1990,6713155761,0.053151813946120674,22.627334984523756
950,Benin,BEN,1991,7069972167,0.03370956467302877,22.679122380072037
951,Benin,BEN,1992,7308297851,0.027899379192940277,22.71227623147345
952,Benin,BEN,1993,7512194824,-0.06307524060560754,22.73979351355334
953,Benin,BEN,1994,7038361328,0.10459005210083183,22.674641214113084
954,Benin,BEN,1995,7774503906,0.05182285286255528,22.77411548667375
955,Benin,BEN,1996,8177400878,0.10657498158671053,22.82464019599488
956,Benin,BEN,1997,9048907226,0.04741324839393379,22.92590983885927
957,Benin,BEN,1998,9477945312,0.09607326461855825,22.97223339048149
958,Benin,BEN,1999,10388522460,0.12045444911133196,23.06396742405284
959,Benin,BEN,2000,11639866210,0.07173185704511642,23.177701785197392
960,Benin,BEN,2001,12474815429,0.10458634201248351,23.246977683204
961,Benin,BEN,2002,13779510742,0.06550032993907307,23.34644859696692
962,Benin,BEN,2003,14682073242,0.06904312982857141,23.409893079179977
963,Benin,BEN,2004,15695769531,0.0505180660581146,23.47665705636651
964,Benin,BEN,2005,16488689453,0.02602683725854993,23.52594049510186
965,Benin,BEN,2006,16917837890,0.06137267514625644,23.551634398680424
966,Benin,BEN,2007,17956130859,0.029688458398196893,23.611197445598506
967,Benin,BEN,2008,18489220703,0.0017811264481610856,23.640453734512942
968,Benin,BEN,2009,18522152343,0.032070656098695416,23.642233276636368
969,Benin,BEN,2010,19116169921,0.06918216632648644,23.673800406564016
970,Benin,BEN,2011,20438667968,0.13516916754679964,23.74069443225233
971,Benin,BEN,2012,23201345703,0.10720089730305582,23.86747611837614
972,Benin,BEN,2013,25688550781,0.13392875200825438,23.969311234682525
973,Benin,BEN,2014,29128986328,0.1155400471236061,24.094999609097385
974,Benin,BEN,2015,32494550781,0.05809038896157692,24.204338243947284
975,Benin,BEN,2016,34382171875,-0.0018251874031736115,24.260804007535242
976,Benin,BEN,2017,34319417968,0.04352742635067064,24.258977152448008
977,Benin,BEN,2018,35813253906,0.06931071366805175,24.30158388267623
979,Bermuda,BMU,1970,591350891,0.9811667063168423,20.197920123382172
980,Bermuda,BMU,1971,1171564697,-0.1978846380346334,20.881606040166155
981,Bermuda,BMU,1972,939730041,-0.03345693936371674,20.661103201555726
982,Bermuda,BMU,1973,908289550,-0.20248375531789398,20.6270737733969
983,Bermuda,BMU,1974,724375671,0.08338875450718986,20.40082069837365
984,Bermuda,BMU,1975,784780456,0.2615791785212347,20.480914562745298
985,Bermuda,BMU,1976,990062683,-0.07469422620385746,20.713278815250142
986,Bermuda,BMU,1977,916110717,0.019322287875822353,20.63564778542154
987,Bermuda,BMU,1978,933812072,-0.018008536732645686,20.65478576823935
988,Bermuda,BMU,1979,916995483,1.9841687213632655,20.63661310436346
989,Bermuda,BMU,2005,2736469238,0.07646928973078415,21.729934327118354
990,Bermuda,BMU,2006,2945725097,0.031390330718291004,21.803620836647763
991,Bermuda,BMU,2007,3038192382,0.27525184776136413,21.83452856432899
992,Bermuda,BMU,2008,3874460449,0.03648617913662955,22.077672251089336
993,Bermuda,BMU,2009,4015824707,0.08354776602055503,22.11350856972783
994,Bermuda,BMU,2010,4351337890,0.025871173842581197,22.19374919567938
995,Bermuda,BMU,2011,4463912109,-0.20656628703349766,22.219291372987506
996,Bermuda,BMU,2012,3541818359,-0.09592764692086797,21.98790609294804
997,Bermuda,BMU,2013,3202060058,-8.844400007190778e-05,21.887060207747282
998,Bermuda,BMU,2014,3201776855,-0.03849318287360781,21.88697175983581
999,Bermuda,BMU,2015,3078530273,-0.003122844067611319,21.847718135952427
1000,Bermuda,BMU,2016,3068916503,0.03569943786118057,21.844590405631955
1001,Bermuda,BMU,2017,3178475097,-0.010639038207949869,21.879667389482297
1002,Bermuda,BMU,2018,3144659179,0.013785541622283404,21.86897135206906
1004,Bhutan,BTN,1970,591396728,0.02659822460160788,20.197997632732918
1005,Bhutan,BTN,1971,607126831,0.011789890735367514,20.22424827447904
1006,Bhutan,BTN,1972,614284790,0.01534759634859273,20.23596920593832
1007,Bhutan,BTN,1973,623712585,0.04932797532055577,20.251200219262955
1008,Bhutan,BTN,1974,654479064,-0.03203445633823976,20.29935015502568
1009,Bhutan,BTN,1975,633513183,0.09324696404936539,20.266791367295845
1010,Bhutan,BTN,1976,692586364,0.06901312166174844,20.355943501607104
1011,Bhutan,BTN,1977,740383911,0.08012604558069603,20.422679408281645
1012,Bhutan,BTN,1978,799707946,0.059749138718699246,20.49975715147884
1013,Bhutan,BTN,1979,847489807,0.0014527620153430565,20.55778937000791
1014,Bhutan,BTN,1980,848721008,0.1816004453138269,20.55924107778543
1015,Bhutan,BTN,1981,1002849121,0.045224177845193614,20.726110906893975
1016,Bhutan,BTN,1982,1048202148,0.1293870454842838,20.770342293557487
1017,Bhutan,BTN,1983,1183825927,0.019302938446287277,20.892017341484696
1018,Bhutan,BTN,1984,1206677246,0.039966110374472175,20.911136341480862
1019,Bhutan,BTN,1985,1254903442,0.06709208787077348,20.950324467924812
1020,Bhutan,BTN,1986,1339097534,0.03739792339875958,21.01526174192874
1021,Bhutan,BTN,1987,1389177001,0.05758190348848147,21.051977323125595
1022,Bhutan,BTN,1988,1469168457,0.02645456333806928,21.1079624021721
1023,Bhutan,BTN,1989,1508034667,0.040650908325571056,21.13407309499473
1024,Bhutan,BTN,1990,1569337646,0.029490322313978412,21.173919485760916
1025,Bhutan,BTN,1991,1615617919,0.10918039279310565,21.20298333282748
1026,Bhutan,BTN,1992,1792011718,-0.060312966658848555,21.30660469054027
1027,Bhutan,BTN,1993,1683930175,0.007191283332160792,21.24439628813018
1028,Bhutan,BTN,1994,1696039794,0.02198941447714642,21.251561837484257
1029,Bhutan,BTN,1995,1733334716,0.08189272890556931,21.273312971557672
1030,Bhutan,BTN,1996,1875282226,0.13380967649612874,21.35202500557504
1031,Bhutan,BTN,1997,2126213134,0.03836114249118361,21.47760836301727
1032,Bhutan,BTN,1998,2207777099,0.15025342646694417,21.515252008725454
1033,Bhutan,BTN,1999,2539503173,0.030734762149478234,21.65523429766335
1034,Bhutan,BTN,2000,2617554199,0.057432344689341,21.685506206893827
1035,Bhutan,BTN,2001,2767886474,0.1490636674862409,21.741349860132424
1036,Bhutan,BTN,2002,3180477783,0.09637868707602282,21.88029726867908
1037,Bhutan,BTN,2003,3487008056,0.16830036999490083,21.97230991493264
1038,Bhutan,BTN,2004,4073872802,-0.002419848257206314,22.12785993236867
1039,Bhutan,BTN,2005,4064014648,4.613664473196444e-05,22.125437151546805
1040,Bhutan,BTN,2006,4064202148,0.06961121806877202,22.125483287127274
1041,Bhutan,BTN,2007,4347116210,0.10996929778419706,22.19277852197508
1042,Bhutan,BTN,2008,4825165527,0.08089798967843786,22.29711087726291
1043,Bhutan,BTN,2009,5215511718,0.17000818633766124,22.374903044842227
1044,Bhutan,BTN,2010,6102191406,0.03929236483212328,22.53191379049721
1045,Bhutan,BTN,2011,6341960937,0.04700263372183566,22.570453853630163
1046,Bhutan,BTN,2012,6640049804,-0.08106606590145393,22.616385301009036
1047,Bhutan,BTN,2013,6101767089,0.03464024386985254,22.53184425289589
1048,Bhutan,BTN,2014,6313133789,0.127458118724181,22.565898028725744
1049,Bhutan,BTN,2015,7117793945,0.09400742606071599,22.685863675174826
1050,Bhutan,BTN,2016,7786919433,0.07139809224734783,22.77571116714126
1051,Bhutan,BTN,2017,8342890625,0.03603297148582718,22.844675590987773
1052,Bhutan,BTN,2018,8643509765,0.039855251786135915,22.88007456007716
1054,Bolivia,BOL,1950,6936597167,0.08343026905947482,22.660077169460177
1055,Bolivia,BOL,1951,7515319335,-0.005011053598828918,22.740209352262518
1056,Bolivia,BOL,1952,7477659667,-0.16967833941405297,22.735185701232716
1057,Bolivia,BOL,1953,6208862792,0.039885021347078276,22.549243590840515
1058,Bolivia,BOL,1954,6456503417,0.08790502325230931,22.588353741484944
1059,Bolivia,BOL,1955,7024062500,-0.0545202457979268,22.67260759130342
1060,Bolivia,BOL,1956,6641108886,-0.013107280198868865,22.61654478739527
1061,Bolivia,BOL,1957,6554062011,-0.0334581242337898,22.60335084872847
1062,Bolivia,BOL,1958,6334775390,0.0645300232183923,22.569320194684483
1063,Bolivia,BOL,1959,6743558593,0.029059994259324817,22.631853603694886
1064,Bolivia,BOL,1960,6939526367,0.03295518266023478,22.660499362306233
1065,Bolivia,BOL,1961,7168219726,0.03760236185594845,22.692923165888065
1066,Bolivia,BOL,1962,7437761718,0.0658564667129069,22.72983579617383
1067,Bolivia,BOL,1963,7927586425,0.062083752937452275,22.793614466241035
1068,Bolivia,BOL,1964,8419760742,0.06467903871466096,22.85384724935749
1069,Bolivia,BOL,1965,8964342773,0.07974225574606986,22.91652063099827
1070,Bolivia,BOL,1966,9679179687,0.08123236890167673,22.993242991565488
1071,Bolivia,BOL,1967,10465442382,-0.11533700057209872,23.07134446447839
1072,Bolivia,BOL,1968,9258389648,0.035981828553949935,22.948795966377755
1073,Bolivia,BOL,1969,9591523437,-0.02066226687571826,22.98414557005538
1074,Bolivia,BOL,1970,9393340820,0.062142385780057374,22.96326685176768
1075,Bolivia,BOL,1971,9977065429,0.01849182430574592,23.02355483883964
1076,Bolivia,BOL,1972,10161559570,0.08151238629209745,23.041877768300928
1077,Bolivia,BOL,1973,10989852539,0.07165336916082521,23.120238187528518
1078,Bolivia,BOL,1974,11777312500,0.0579706347267257,23.189440848224947
1079,Bolivia,BOL,1975,12460050781,0.0420805806666158,23.245793425819084
1080,Bolivia,BOL,1976,12984376953,0.0523167791153083,23.28701269885373
1081,Bolivia,BOL,1977,13663677734,-0.004819961380977289,23.33800688867351
1082,Bolivia,BOL,1978,13597819335,0.021266765933245058,23.333175273817396
1083,Bolivia,BOL,1979,13887000976,-0.005596088826832046,23.354219057945212
1084,Bolivia,BOL,1980,13809288085,0.03095403053140089,23.348607252350924
1085,Bolivia,BOL,1981,14236741210,-0.017099791898233185,23.37909186912827
1086,Bolivia,BOL,1982,13993295898,-0.007532834349273321,23.361844187440912
1087,Bolivia,BOL,1983,13887886718,0.04305573174246846,23.3542828380051
1088,Bolivia,BOL,1984,14485839843,0.05415424549092185,23.39643744667334
1089,Bolivia,BOL,1985,15270309570,0.004614052365933707,23.449176229055936
1090,Bolivia,BOL,1986,15340767578,0.04186200649574823,23.453779669312947
1091,Bolivia,BOL,1987,15982962890,-0.10210915505666918,23.494789172488275
1092,Bolivia,BOL,1988,14350956054,0.048867606615277115,23.387082400904887
1093,Bolivia,BOL,1989,15052252929,0.06475307667214136,23.434793513216995
1094,Bolivia,BOL,1990,16026932617,0.0682051982823284,23.49753643260634
1095,Bolivia,BOL,1991,17120052734,0.05005266691137056,23.56351628791227
1096,Bolivia,BOL,1992,17976957031,0.06877597859681961,23.612356609786996
1097,Bolivia,BOL,1993,19213339843,0.08493092061734986,23.67887065821942
1098,Bolivia,BOL,1994,20845146484,0.11769657487814467,23.760386975551192
1099,Bolivia,BOL,1995,23298548828,0.11847170269604046,23.871656913518372
1100,Bolivia,BOL,1996,26058767578,0.013691484139918053,23.983620115813387
1101,Bolivia,BOL,1997,26415550781,0.021991144830409315,23.99721871841478
1102,Bolivia,BOL,1998,26996458984,0.001801451517357222,24.01897154560925
1103,Bolivia,BOL,1999,27045091796,0.016191347705640347,24.020771376458903
1104,Bolivia,BOL,2000,27482988281,0.04328096427644801,24.03683304223845
1105,Bolivia,BOL,2001,28672478515,0.04939889208597781,24.079203562878405
1106,Bolivia,BOL,2002,30088867187,0.04986271137014464,24.12742107938882
1107,Bolivia,BOL,2003,31589179687,0.0631683861300516,24.176080483933532
1108,Bolivia,BOL,2004,33584617187,0.07117911824599643,24.23733397726769
1109,Bolivia,BOL,2005,35975140625,0.05530381439613907,24.30609399867676
1110,Bolivia,BOL,2006,37964703125,0.06230664091357885,24.359922699878677
1111,Bolivia,BOL,2007,40330156250,0.12963198289121425,24.420365320111316
1112,Bolivia,BOL,2008,45558234375,0.04127907035466616,24.542257220933354
1113,Bolivia,BOL,2009,47438835937,0.11177353207068008,24.582707053750514
1114,Bolivia,BOL,2010,52741242187,0.12694657985606383,24.688663570627934
1115,Bolivia,BOL,2011,59436562500,0.12166464244967057,24.808175404256964
1116,Bolivia,BOL,2012,66667890625,0.11323854601106942,24.92298927403281
1117,Bolivia,BOL,2013,74217265625,0.046965149829312436,25.030262650415423
1118,Bolivia,BOL,2014,77702890625,0.026259681056749695,25.076158296008973
1119,Bolivia,BOL,2015,79743343750,0.05223937185352856,25.102079111178213
1120,Bolivia,BOL,2016,83909085937,0.09073389792037823,25.152999739395202
1121,Bolivia,BOL,2017,91522484375,0.053127655277331876,25.239850509915318
1122,Bolivia,BOL,2018,96384859375,0.025427765085640486,25.29161496580232
1124,Bosnia and Herzegovina,BIH,1993,4991360839,0.32731642686192086,22.3309744227568
1125,Bosnia and Herzegovina,BIH,1994,6625115234,0.42104692167230606,22.61413360247875
1126,Bosnia and Herzegovina,BIH,1995,9414599609,0.9270128779196181,22.96552747122611
1127,Bosnia and Herzegovina,BIH,1996,18142054687,0.2380626333407987,23.621498543521128
1128,Bosnia and Herzegovina,BIH,1997,22461000000,0.02941478767641681,23.83504630886307
1129,Bosnia and Herzegovina,BIH,1998,23121685546,0.1031402051660788,23.864036782331958
1130,Bosnia and Herzegovina,BIH,1999,25506460937,-0.030687384029219333,23.962197627096444
1131,Bosnia and Herzegovina,BIH,2000,24723734375,0.028201250807201372,23.931029525076276
1132,Bosnia and Herzegovina,BIH,2001,25420974609,0.019003823041031875,23.958840442216655
1133,Bosnia and Herzegovina,BIH,2002,25904070312,-0.013126330607683867,23.97766594820784
1134,Bosnia and Herzegovina,BIH,2003,25564044921,0.011938612216617184,23.964452705930523
1135,Bosnia and Herzegovina,BIH,2004,25869244140,0.1534692235889965,23.976320615090913
1136,Bosnia and Herzegovina,BIH,2005,29839376953,0.07459168917989834,24.11909473247284
1137,Bosnia and Herzegovina,BIH,2006,32065146484,0.07338301448814932,24.19103549788235
1138,Bosnia and Herzegovina,BIH,2007,34418183593,0.07685731165481968,24.26185085448956
1139,Bosnia and Herzegovina,BIH,2008,37063472656,-0.00546022769852994,24.335897757029475
1140,Bosnia and Herzegovina,BIH,2009,36861097656,0.026627623684999824,24.33042256780059
1141,Bosnia and Herzegovina,BIH,2010,37842621093,0.02670259260098984,24.3567018465166
1142,Bosnia and Herzegovina,BIH,2011,38853117187,0.023095898629730716,24.38305414701491
1143,Bosnia and Herzegovina,BIH,2012,39750464843,-0.01081925239613224,24.405887372141898
1144,Bosnia and Herzegovina,BIH,2013,39320394531,0.0037867991604867424,24.395009166025496
1145,Bosnia and Herzegovina,BIH,2014,39469292968,0.026149382960489742,24.398788813311498
1146,Bosnia and Herzegovina,BIH,2015,40501390625,0.028048612516005322,24.424602146889175
1147,Bosnia and Herzegovina,BIH,2016,41637398437,0.01825526069190131,24.45226460124378
1148,Bosnia and Herzegovina,BIH,2017,42397500000,0.03802442655816973,24.47035523518183
1149,Bosnia and Herzegovina,BIH,2018,44009640625,0.03473750601661507,24.50767455197829
1151,Botswana,BWA,1960,274039794,0.07851556040798946,19.428783887383613
1152,Botswana,BWA,1961,295556182,0.07691714599290633,19.504369501950425
1153,Botswana,BWA,1962,318289520,0.046715769969429166,19.57847196679668
1154,Botswana,BWA,1963,333158660,0.06567039860227553,19.624129390931838
1155,Botswana,BWA,1964,355037322,-0.0415021212896598,19.687733474308033
1156,Botswana,BWA,1965,340302520,0.08524098205326247,19.645345544674395
1157,Botswana,BWA,1966,369310241,0.16260782489375925,19.727147610280433
1158,Botswana,BWA,1967,429362976,0.10669748571893622,19.877813217055333
1159,Botswana,BWA,1968,475174926,-0.045148489169228645,19.979193559469064
1160,Botswana,BWA,1969,453721496,0.1456407126013708,19.93299412283737
1161,Botswana,BWA,1970,519801818,0.2751750648936746,20.068958177664587
1162,Botswana,BWA,1971,662838317,0.2533365055900956,20.312041652648357
1163,Botswana,BWA,1972,830759460,0.23170055385225474,20.537850852434776
1164,Botswana,BWA,1973,1023246887,0.11991707432382337,20.746246631064874
1165,Botswana,BWA,1974,1145951660,0.11271336000333565,20.859501272848423
1166,Botswana,BWA,1975,1275115722,0.12959694257459708,20.96630277379109
1167,Botswana,BWA,1976,1440366821,0.13778931873910483,21.088163654899965
1168,Botswana,BWA,1977,1638833984,0.124524927474289,21.217250840546704
1169,Botswana,BWA,1978,1842909667,0.1299848263262704,21.334611500325433
1170,Botswana,BWA,1979,2082459960,0.12006697502121488,21.456815704929678
1171,Botswana,BWA,1980,2332494628,0.14579002237256167,21.570204187574866
1172,Botswana,BWA,1981,2672549072,0.07025676346495913,21.70629856252839
1173,Botswana,BWA,1982,2860313720,0.17495076134515752,21.774197148070105
1174,Botswana,BWA,1983,3360727783,0.2583047771352327,21.935423389550014
1175,Botswana,BWA,1984,4228819824,0.16137210909934474,22.16518878965802
1176,Botswana,BWA,1985,4911233398,0.11273909080058742,22.314790948429092
1177,Botswana,BWA,1986,5464921386,0.10535000438888287,22.42161557347602
1178,Botswana,BWA,1987,6040650878,0.1070845452028788,22.521777604345587
1179,Botswana,BWA,1988,6687511230,0.2749232386709577,22.623507628419464
1180,Botswana,BWA,1989,8526063476,0.08748164098233135,22.866393600253506
1181,Botswana,BWA,1990,9271937500,0.0760426286307474,22.95025820223638
1182,Botswana,BWA,1991,9977000000,0.03898967625538741,23.02354828087778
1183,Botswana,BWA,1992,10366000000,0.030416068686089037,23.061797056713925
1184,Botswana,BWA,1993,10681292968,0.03941589255732514,23.09175972757023
1185,Botswana,BWA,1994,11102305664,0.09465851200689834,23.13041864117189
1186,Botswana,BWA,1995,12153233398,0.14314252627504742,23.220861094620627
1187,Botswana,BWA,1996,13892877929,0.06997149719215678,23.35464216656334
1188,Botswana,BWA,1997,14864983398,0.03377602682472913,23.42227417654418
1189,Botswana,BWA,1998,15367063476,0.10095868214659287,23.45549232068069
1190,Botswana,BWA,1999,16918501953,0.07468790236336131,23.551673650148114
1191,Botswana,BWA,2000,18182109375,-0.00476053901199236,23.62370394619283
1192,Botswana,BWA,2001,18095552734,0.18071752999595336,23.61893203972383
1193,Botswana,BWA,2002,21365736328,-0.012979674968494725,23.7850543696657
1194,Botswana,BWA,2003,21088416015,0.047088573996912464,23.771989722642104
1195,Botswana,BWA,2004,22081439453,0.14096494889408606,23.818003248848115
1196,Botswana,BWA,2005,25194148437,0.04226737917587675,23.949877599619107
1197,Botswana,BWA,2006,26259039062,0.04221329144538677,23.99127611192988
1198,Botswana,BWA,2007,27367519531,0.013652631966765139,24.032622728599442
1199,Botswana,BWA,2008,27741158203,-0.07067975560544404,24.046183003052345
1200,Botswana,BWA,2009,25780419921,0.11972241532364758,23.972881122959393
1201,Botswana,BWA,2010,28866914062,0.11167642994592564,24.085961934087102
1202,Botswana,BWA,2011,32090667968,-0.06354079036414284,24.191831107308065
1203,Botswana,BWA,2012,30051601562,0.020452255954876764,24.126181793079795
1204,Botswana,BWA,2013,30666224609,0.10274339254905573,24.146427710299534
1205,Botswana,BWA,2014,33816976562,-0.04710559346071208,24.244228778490392
1206,Botswana,BWA,2015,32224007812,0.048486510340844724,24.195977595910538
1207,Botswana,BWA,2016,33786437500,0.057835822613733656,24.243325301513643
1208,Botswana,BWA,2017,35740503906,0.016901670457382334,24.299550445794864
1209,Botswana,BWA,2018,36344578125,0.04486032776037341,24.316310872304292
1211,Brazil,BRA,1950,88442671875,0.030050009442910586,25.20562040363942
1212,Brazil,BRA,1951,91100375000,0.10614373843137304,25.235227757559503
1213,Brazil,BRA,1952,100770109375,0.03345051941400645,25.33610761463061
1214,Brazil,BRA,1953,104140921875,0.08534109205090035,25.369010836908163
1215,Brazil,BRA,1954,113028421875,0.07636733791210415,25.450905145050342
1216,Brazil,BRA,1955,121660101562,0.0369648584890272,25.524496940640528
1217,Brazil,BRA,1956,126157250000,0.0875197422264673,25.560794981646435
1218,Brazil,BRA,1957,137198500000,0.05807438674621079,25.644694619233825
1219,Brazil,BRA,1958,145166218750,0.0461323538814018,25.70114525903223
1220,Brazil,BRA,1959,151863078125,0.09664678410455463,25.746245150017714
1221,Brazil,BRA,1960,166540156250,0.13888776824658478,25.838502295966688
1222,Brazil,BRA,1961,189670546875,0.07601033535534274,25.968554440235792
1223,Brazil,BRA,1962,204087468750,0.06930155100470858,26.041814507278083
1224,Brazil,BRA,1963,218231046875,0.04519972990208854,26.108820186543532
1225,Brazil,BRA,1964,228095031250,0.06371275349734296,26.153028182790376
1226,Brazil,BRA,1965,242627593750,0.049173868955290745,26.214793568744234
1227,Brazil,BRA,1966,254558531250,0.08602012331888798,26.262796631759656
1228,Brazil,BRA,1967,276455687500,0.10477221598126829,26.34531638285929
1229,Brazil,BRA,1968,305420562500,0.017710926879718425,26.444955557195897
1230,Brazil,BRA,1969,310829843750,0.140265247615883,26.4625114731917
1231,Brazil,BRA,1970,354428468750,0.12255055696622841,26.593772381881124
1232,Brazil,BRA,1971,397863875000,0.1209654464105343,26.70937576111471
1233,Brazil,BRA,1972,445991656250,0.13555403537888489,26.82356608083184
1234,Brazil,BRA,1973,506447625000,0.08765664564030673,26.95068674956284
1235,Brazil,BRA,1974,550841125000,0.04234524065355516,27.034712265138594
1236,Brazil,BRA,1975,574166625000,0.08599322104450091,27.07618547859717
1237,Brazil,BRA,1976,623541062500,0.023145227905499777,27.1586804579573
1238,Brazil,BRA,1977,637973062500,0.040198111812910664,27.181561897613
1239,Brazil,BRA,1978,663618375000,0.06840348943020147,27.22097308475276
1240,Brazil,BRA,1979,709012187500,0.0004249750643390282,27.287138553034605
1241,Brazil,BRA,1980,709313500000,0.03642174792951214,27.28756343782262
1242,Brazil,BRA,1981,735147937500,0.023389509951526,27.323337591416255
1243,Brazil,BRA,1982,752342687500,-0.021056810630594502,27.34645775855864
1244,Brazil,BRA,1983,736500750000,0.03728119082024017,27.325176091178516
1245,Brazil,BRA,1984,763958375000,0.05229555209732473,27.361779141644387
1246,Brazil,BRA,1985,803910000000,0.14295202510231242,27.41275315956109
1247,Brazil,BRA,1986,918830562500,0.03340196903822523,27.546367570704
1248,Brazil,BRA,1987,949521312500,0.007509573409390846,27.579223812971065
1249,Brazil,BRA,1988,956651812500,0.022487478954104745,27.58670532990794
1250,Brazil,BRA,1989,978164500000,-0.024119153782415914,27.608943693246125
1251,Brazil,BRA,1990,954572000000,0.091432731108811,27.584528909430787
1252,Brazil,BRA,1991,1041851125000,0.028101303821119306,27.67202017477199
1253,Brazil,BRA,1992,1071128500000,0.07844425295377722,27.69973388152284
1254,Brazil,BRA,1993,1155152375000,0.12547294896917816,27.775253377607708
1255,Brazil,BRA,1994,1300092750000,0.1644567281834315,27.89345672400487
1256,Brazil,BRA,1995,1513901750000,0.20083923874188003,28.045711374518394
1257,Brazil,BRA,1996,1817952625000,-0.031002320536268058,28.22873205248841
1258,Brazil,BRA,1997,1761591875000,-0.04178138594105407,28.197238990619905
1259,Brazil,BRA,1998,1687990125000,-0.033944733533319726,28.15455966196672
1260,Brazil,BRA,1999,1630691750000,0.014031238583257721,28.120025427223805
1261,Brazil,BRA,2000,1653572375000,-0.004670267305354581,28.13395913919958
1262,Brazil,BRA,2001,1645849750000,0.00712048593743142,28.129277932121475
1263,Brazil,BRA,2002,1657569000000,-0.003744037201467987,28.136373187099245
1264,Brazil,BRA,2003,1651363000000,0.052944900666903605,28.132622123446815
1265,Brazil,BRA,2004,1738794250000,0.03689755127727157,28.184213029177272
1266,Brazil,BRA,2005,1802951500000,0.09125065205580962,28.22044616017617
1267,Brazil,BRA,2006,1967472000000,0.11393643721486257,28.307770585878764
1268,Brazil,BRA,2007,2191638750000,0.11326684199209391,28.41567066760056
1269,Brazil,BRA,2008,2439878750000,0.037589777770719035,28.52296946137599
1270,Brazil,BRA,2009,2531593250000,0.16059540765484348,28.559869963546014
1271,Brazil,BRA,2010,2938155500000,0.11668553621481226,28.708803119440976
1272,Brazil,BRA,2011,3280995750000,-0.002857897636715956,28.819168074569887
1273,Brazil,BRA,2012,3271619000000,0.010525981173235666,28.8163060853463
1274,Brazil,BRA,2013,3306056000000,-0.0025764082641068775,28.82677705408289
1275,Brazil,BRA,2014,3297538250000,-0.0650786234246108,28.824197321167343
1276,Brazil,BRA,2015,3082939000000,-0.04911709248869345,28.756904478714016
1277,Brazil,BRA,2016,2931514000000,0.012727723626767551,28.70654012905137
1278,Brazil,BRA,2017,2968825500000,0.024688551078532628,28.719187535984933
1279,Brazil,BRA,2018,3042121500000,0.012467286398653021,28.743576249796437
1281,British Virgin Islands,VGB,1970,76438346,-0.11842455356111448,18.15199503921632
1282,British Virgin Islands,VGB,1971,67386169,-0.008810932700447749,18.02595034710942
1283,British Virgin Islands,VGB,1972,66792434,0.05785301969980616,18.01710036861903
1284,British Virgin Islands,VGB,1973,70656578,0.09065284763720083,18.07334176962546
1285,British Virgin Islands,VGB,1974,77061798,0.05836558601967745,18.160118229358293
1286,British Virgin Islands,VGB,1975,81559555,-0.010702547359411119,18.21684404754971
1287,British Virgin Islands,VGB,1976,80686660,0.04695188770981473,18.206083815982478
1288,British Virgin Islands,VGB,1977,84475051,0.08408144080315494,18.25196679429336
1289,British Virgin Islands,VGB,1978,91577835,0.12281707686144805,18.332699824380914
1290,British Virgin Islands,VGB,1979,102825157,0.1582856712778955,18.44854059894563
1291,British Virgin Islands,VGB,1980,119100906,-0.011763915549055537,18.59548164134949
1292,British Virgin Islands,VGB,1981,117699813,0.011791556542235071,18.583647983444195
1293,British Virgin Islands,VGB,1982,119087677,0.05506480741915887,18.595370561298157
1294,British Virgin Islands,VGB,1983,125645217,0.048555648560820286,18.64897275517284
1295,British Virgin Islands,VGB,1984,131746002,-0.09028520652945504,18.696386399574273
1296,British Virgin Islands,VGB,1985,119851287,-0.012166093802563838,18.60176225721004
1297,British Virgin Islands,VGB,1986,118393165,0.20621105111937843,18.58952155070731
1298,British Virgin Islands,VGB,1987,142807144,-0.16435442473382145,18.777005634629603
1299,British Virgin Islands,VGB,1988,119336158,0.44258235630478393,18.59745492580779
1300,British Virgin Islands,VGB,1989,172152236,0.16460159715845912,18.963889736337123
1301,British Virgin Islands,VGB,1990,200488769,0.49312912884411997,19.116268788179408
1302,British Virgin Islands,VGB,1991,299355621,0.07587026067567981,19.51714279251027
1303,British Virgin Islands,VGB,1992,322067810,0.262864761306012,19.59027267139982
1304,British Virgin Islands,VGB,1993,406728088,0.4463942898381781,19.82365543168424
1305,British Virgin Islands,VGB,1994,588289184,0.1985525812420852,20.192729194488045
1306,British Virgin Islands,VGB,1995,705095520,0.08516912431949653,20.37384384096039
1307,British Virgin Islands,VGB,1996,765147888,0.27840635299512195,20.45557969075442
1308,British Virgin Islands,VGB,1997,978169921,-0.20490728522411805,20.701193956261246
1309,British Virgin Islands,VGB,1998,777735778,-0.004805679648185124,20.47189740749318
1310,British Virgin Islands,VGB,1999,773998229,0.26624250712594333,20.467080143437688
1311,British Virgin Islands,VGB,2000,980069458,0.2262050441326986,20.703134002627547
1312,British Virgin Islands,VGB,2001,1201766113,0.05062485315726328,20.907058072595202
1313,British Virgin Islands,VGB,2002,1262605346,-0.16498603990545757,20.956443158008906
1314,British Virgin Islands,VGB,2003,1054293090,-0.20411591429476217,20.77613632241397
1315,British Virgin Islands,VGB,2004,839095092,0.2340619923444862,20.54783459769913
1316,British Virgin Islands,VGB,2005,1035495361,0.17632572667797786,20.75814575882851
1317,British Virgin Islands,VGB,2006,1218079833,-0.1412728955344259,20.920541548421156
1318,British Virgin Islands,VGB,2007,1045998168,-0.054969781744397817,20.768237451153574
1319,British Virgin Islands,VGB,2008,988499877,-0.021641519131924025,20.711699076143983
1320,British Virgin Islands,VGB,2009,967107238,-0.14319304680873457,20.68981994489039
1321,British Virgin Islands,VGB,2010,828624206,0.2965159045812378,20.535277300311463
1322,British Virgin Islands,VGB,2011,1074324462,-0.24711994224329592,20.794957893553462
1323,British Virgin Islands,VGB,2012,808837463,0.2176508087880198,20.51110854383621
1324,British Virgin Islands,VGB,2013,984881591,0.091679257511881,20.708031979727558
1325,British Virgin Islands,VGB,2014,1075174804,-0.046580134517363536,20.795749093678822
1326,British Virgin Islands,VGB,2015,1025093017,0.03193593601467293,20.748049193712088
1327,British Virgin Islands,VGB,2016,1057830322,0.0023820219061558845,20.77948578133941
1328,British Virgin Islands,VGB,2017,1060350097,0.03131071340864877,20.78186497072857
1329,British Virgin Islands,VGB,2018,1093550415,0.02618256790657436,20.812695501270728
1331,Brunei,BRN,1974,13076708007,0.05846825252890264,23.29409846987636
1332,Brunei,BRN,1975,13841280273,0.09674602642156893,23.350921288132152
1333,Brunei,BRN,1976,15180369140,0.0632160238759516,23.443268926141286
1334,Brunei,BRN,1977,16140011718,0.034013272083796675,23.504567225810256
1335,Brunei,BRN,1978,16688986328,0.22348629759150707,23.5380148374851
1336,Brunei,BRN,1979,20418746093,-0.027653242193631744,23.739719241969894
1337,Brunei,BRN,1980,19854101562,-0.03673290507367255,23.71167645054359
1338,Brunei,BRN,1981,19124802734,-0.03333030702935147,23.674251902043725
1339,Brunei,BRN,1982,18487367187,-0.01823806627463398,23.640353481022434
1340,Brunei,BRN,1983,18150193359,-0.011808048253862169,23.621947050988954
1341,Brunei,BRN,1984,17935875000,-0.06738709346491323,23.610068734028022
1342,Brunei,BRN,1985,16727228515,-0.2665704226496005,23.540303678628533
1343,Brunei,BRN,1986,12268244140,0.08223920656342587,23.23027998355469
1344,Brunei,BRN,1987,13277174804,-0.0939048429658681,23.309312217699542
1345,Brunei,BRN,1988,12030383789,0.12840461809809023,23.210701269084137
1346,Brunei,BRN,1989,13575140625,0.15598602508031112,23.331506061828776
1347,Brunei,BRN,1990,15692672851,-0.03919642535342882,23.476459742975017
1348,Brunei,BRN,1991,15077576171,0.16498489132388272,23.436474455241502
1349,Brunei,BRN,1992,17565148437,-0.022008580535857192,23.58918257335437
1350,Brunei,BRN,1993,17178564453,-0.07482537795965394,23.566928190814515
1351,Brunei,BRN,1994,15893171875,-0.04565080769945429,23.48915541211215
1352,Brunei,BRN,1995,15167635742,0.29908376171234674,23.442429767270927
1353,Brunei,BRN,1996,19704029296,-0.12867599351949321,23.70408898456825
1354,Brunei,BRN,1997,17168593750,-0.1295933481447774,23.566347606929167
1355,Brunei,BRN,1998,14943658203,0.14599394360893636,23.42755284631641
1356,Brunei,BRN,1999,17125341796,0.17734100884978332,23.563825179786036
1357,Brunei,BRN,2000,20162367187,-0.027209571669428056,23.72708369324647
1358,Brunei,BRN,2001,19613757812,0.009024178267955874,23.699497086129487
1359,Brunei,BRN,2002,19790755859,0.13788437169563883,23.708480789818378
1360,Brunei,BRN,2003,22519591796,0.10912615935767112,23.837651513765874
1361,Brunei,BRN,2004,24977068359,0.21622943358978852,23.941223975229054
1362,Brunei,BRN,2005,30377845703,0.16795230797080984,24.136979419914365
1363,Brunei,BRN,2006,35479875000,-0.004321001525512735,24.29223147126997
1364,Brunei,BRN,2007,35326566406,0.08005981245093885,24.28790110723736
1365,Brunei,BRN,2008,38154804687,-0.23725955017362133,24.364917528738985
1366,Brunei,BRN,2009,29102212890,0.09481163945949,24.094080052562532
1367,Brunei,BRN,2010,31861441406,0.2488673797258525,24.184662382275615
1368,Brunei,BRN,2011,39790714843,0.0724134468146378,24.406899426617187
1369,Brunei,BRN,2012,42672097656,-0.03854016873643795,24.476811092909884
1370,Brunei,BRN,2013,41027507812,-0.10370205127974108,24.43750860092691
1371,Brunei,BRN,2014,36772871093,-0.22562159710122143,24.328026211697036
1372,Brunei,BRN,2015,28476117187,-0.06965595895586241,24.07233157946964
1373,Brunei,BRN,2016,26492585937,0.03157457675098985,24.000130754831726
1374,Brunei,BRN,2017,27329078125,0.0990928132157769,24.031217105069764
1375,Brunei,BRN,2018,30037193359,0.05661581152656048,24.12570222935098
1377,Bulgaria,BGR,1970,38673539062,0.06834786704579665,24.378421457953856
1378,Bulgaria,BGR,1971,41316792968,0.07826266918887925,24.444534863664874
1379,Bulgaria,BGR,1972,44550355468,0.08378396602651317,24.519885969911083
1380,Bulgaria,BGR,1973,48282960937,0.08410583831630936,24.600344559733507
1381,Bulgaria,BGR,1974,52343839843,0.10228601847053831,24.68110009480796
1382,Bulgaria,BGR,1975,57697882812,0.05978582673890709,24.77848631675433
1383,Bulgaria,BGR,1976,61147398437,0.05183363919015327,24.836553154217093
1384,Bulgaria,BGR,1977,64316890625,0.05887438198898476,24.887088118375587
1385,Bulgaria,BGR,1978,68103507812,0.07923577725095043,24.944294558496296
1386,Bulgaria,BGR,1979,73499742187,0.016310431361105326,25.020547735499186
1387,Bulgaria,BGR,1980,74698554687,0.07407083575022533,25.03672658066507
1388,Bulgaria,BGR,1981,80231539062,0.04053249399200709,25.1081825296515
1389,Bulgaria,BGR,1982,83483523437,0.0635224521758706,25.147915125224472
1390,Bulgaria,BGR,1983,88786601562,0.020744261719645385,25.209501592249694
1391,Bulgaria,BGR,1984,90628414062,0.0529299025548251,25.23003362181994
1392,Bulgaria,BGR,1985,95425367187,0.015890608888393887,25.281610283482273
1393,Bulgaria,BGR,1986,96941734375,0.08580178073588329,25.29737595842497
1394,Bulgaria,BGR,1987,105259507812,0.03468763250842177,25.379694640934833
1395,Bulgaria,BGR,1988,108910710937,-0.028406583919827866,25.413794217760383
1396,Bulgaria,BGR,1989,105816929687,0.00619724499604879,25.384976359514603
1397,Bulgaria,BGR,1990,106472703125,-0.21474760330031772,25.39115448055776
1398,Bulgaria,BGR,1993,83607945312,-0.013581432012981454,25.149404392138315
1399,Bulgaria,BGR,1994,82472429687,0.0527017977946771,25.13572988882247
1400,Bulgaria,BGR,1995,86818875000,-0.048930892043924756,25.18708988889009
1401,Bulgaria,BGR,1996,82570750000,-0.2386996057199432,25.136921338536627
1402,Bulgaria,BGR,1997,62861144531,0.17235675630527125,24.864194075770182
1403,Bulgaria,BGR,1998,73695687500,-0.0057667468669723165,25.02321012018273
1404,Bulgaria,BGR,1999,73270703125,0.08678157304089607,25.017426681428184
1405,Bulgaria,BGR,2000,79629250000,0.022847681599412306,25.100647324610566
1406,Bulgaria,BGR,2001,81448593750,0.03701913208292806,25.12323790665205
1407,Bulgaria,BGR,2002,84463750000,0.029765450409199312,25.159588285182412
1408,Bulgaria,BGR,2003,86977851562,0.04494454183216323,25.188919343442944
1409,Bulgaria,BGR,2004,90887031250,0.10966885401485715,25.232883157434387
1410,Bulgaria,BGR,2005,100854507812,0.05877053556246459,25.33694479853312
1411,Bulgaria,BGR,2006,106781781250,0.07943763521925695,25.39405316137398
1412,Bulgaria,BGR,2007,115264273437,0.07099683357196374,25.47049335876423
1413,Bulgaria,BGR,2008,123447671875,-0.035249183900415315,25.53908319371003
1414,Bulgaria,BGR,2009,119096242187,0.037994809742988966,25.50319776106347
1415,Bulgaria,BGR,2010,123621281250,-0.011008356928835838,25.54048854554706
1416,Bulgaria,BGR,2011,122260414062,0.024608013649244587,25.529419148274446
1417,Bulgaria,BGR,2012,125269000000,-0.0488607890858872,25.553729262013405
1418,Bulgaria,BGR,2013,119148257812,0.03183664889154558,25.503634418579814
1419,Bulgaria,BGR,2014,122941539062,0.03618558033307595,25.534974787152837
1420,Bulgaria,BGR,2015,127390250000,0.047899196563316204,25.57052104654361
1421,Bulgaria,BGR,2016,133492140625,0.04174426467288517,25.61730844133086
1422,Bulgaria,BGR,2017,139064671875,0.03392733529217917,25.65820492716254
1423,Bulgaria,BGR,2018,143782765625,0.03929300028026228,25.691569425433293
1425,Burkina Faso,BFA,1959,5089440917,-0.008957251443420189,22.35043382198685
1426,Burkina Faso,BFA,1960,5043853515,-0.056369273642555395,22.341436213192004
1427,Burkina Faso,BFA,1961,4759535156,0.07134044646607074,22.283415844118533
1428,Burkina Faso,BFA,1962,5099082519,-0.028501316748351324,22.352326462257768
1429,Burkina Faso,BFA,1963,4953751953,0.041148774087599094,22.323411096715624
1430,Burkina Faso,BFA,1964,5157592773,-0.0038165250469262,22.363735790726572
1431,Burkina Faso,BFA,1965,5137908691,0.009487631044395206,22.359911964164397
1432,Burkina Faso,BFA,1966,5186655273,0.09975730230105073,22.36935487030377
1433,Burkina Faso,BFA,1967,5704062011,0.02646885337305993,22.464444391493
1434,Burkina Faso,BFA,1968,5855041992,0.022421580781038397,22.490569005960126
1435,Burkina Faso,BFA,1969,5986321289,-0.036715539542435005,22.512742918341164
1436,Burkina Faso,BFA,1970,5766530273,-0.07066471772600369,22.475336397421394
1437,Burkina Faso,BFA,1971,5359040039,0.23932928018192778,22.40205069878781
1438,Burkina Faso,BFA,1972,6641615234,-0.059279469244845395,22.61662102898482
1439,Burkina Faso,BFA,1973,6247903808,0.07891810904141239,22.555511853718674
1440,Burkina Faso,BFA,1974,6740976562,-0.014511296857406264,22.631470641879464
1441,Burkina Faso,BFA,1975,6643156250,0.010180825116073322,22.616853026352448
1442,Burkina Faso,BFA,1976,6710789062,0.10757521125017289,22.626982375949197
1443,Burkina Faso,BFA,1977,7432703613,0.10056767831998847,22.729155507415882
1444,Burkina Faso,BFA,1978,8180193359,0.0159118621391503,22.824981625301252
1445,Burkina Faso,BFA,1979,8310355468,0.0027595229937280585,22.840768220831514
1446,Burkina Faso,BFA,1980,8333288085,0.06977557418741265,22.84352394333176
1447,Burkina Faso,BFA,1981,8914748046,-0.002525112530813556,22.9109728260562
1448,Burkina Faso,BFA,1982,8892237304,-0.060425223780105286,22.908444520051685
1449,Burkina Faso,BFA,1983,8354921875,-0.026416642585302408,22.84611664826184
1450,Burkina Faso,BFA,1984,8134212890,0.0686238705021156,22.819344816943623
1451,Burkina Faso,BFA,1985,8692414062,0.09978899081579429,22.88571653534358
1452,Burkina Faso,BFA,1986,9559821289,-0.02270090574284167,22.980834870215745
1453,Burkina Faso,BFA,1987,9342804687,0.0598697694899164,22.957872331797205
1454,Burkina Faso,BFA,1988,9902156250,0.005839163767992428,23.01601837340162
1455,Burkina Faso,BFA,1989,9959976562,-0.011453752053518174,23.021840555327298
1456,Burkina Faso,BFA,1990,9845897460,0.06694174560294486,23.010320703846716
1457,Burkina Faso,BFA,1991,10504999023,0.008099659392038827,23.075117078240037
1458,Burkina Faso,BFA,1992,10590085937,0.04056334750780022,23.083184111446535
1459,Burkina Faso,BFA,1993,11019655273,-0.09299017996604075,23.122946358239965
1460,Burkina Faso,BFA,1994,9994935546,0.14510151339399147,23.02534435625367
1461,Burkina Faso,BFA,1995,11445215820,0.1126822657853559,23.160837647316004
1462,Burkina Faso,BFA,1996,12734888671,0.09366416666965138,23.267611203368674
1463,Burkina Faso,BFA,1997,13927691406,0.06932218835521198,23.357144882791196
1464,Burkina Faso,BFA,1998,14893189453,0.08687145034198074,23.424169861711956
1465,Burkina Faso,BFA,1999,16186982421,0.04164056891329837,23.507473201902712
1466,Burkina Faso,BFA,2000,16861017578,0.03759978898469307,23.548270142265878
1467,Burkina Faso,BFA,2001,17494988281,0.04564242394304463,23.58518029291731
1468,Burkina Faso,BFA,2002,18293501953,0.04965016497844732,23.629811749200826
1469,Burkina Faso,BFA,2003,19201777343,0.05553603741732549,23.67826868164373
1470,Burkina Faso,BFA,2004,20268167968,0.08676638686715665,23.73231741187525
1471,Burkina Faso,BFA,2005,22026763671,0.03869990193440431,23.815524081431086
1472,Burkina Faso,BFA,2006,22879197265,-0.0008801322339575535,23.853493918270853
1473,Burkina Faso,BFA,2007,22859060546,0.022358817501335837,23.85261339849311
1474,Burkina Faso,BFA,2008,23370162109,-0.0016573450290737757,23.874725922101277
1475,Burkina Faso,BFA,2009,23331429687,0.09312394795980339,23.87306720215658
1476,Burkina Faso,BFA,2010,25504144531,0.04520052729464363,23.962106806531573
1477,Burkina Faso,BFA,2011,26656945312,0.0883659541042614,24.006315565687387
1478,Burkina Faso,BFA,2012,29012511718,0.047122719028555915,24.090993012441757
1479,Burkina Faso,BFA,2013,30379660156,-0.008591788836994296,24.137039147613024
1480,Burkina Faso,BFA,2014,30118644531,0.03221452449499673,24.128410236574634
1481,Burkina Faso,BFA,2015,31088902343,0.10638241464786469,24.160116754604168
1482,Burkina Faso,BFA,2016,34396214843,0.07112780738133728,24.2612123616379
1483,Burkina Faso,BFA,2017,36842742187,0.10147839075125131,24.3299244806068
1484,Burkina Faso,BFA,2018,40581484375,0.06167019286119935,24.42657774965488
1486,Burundi,BDI,1960,2099753662,-0.13297551329618784,21.465085870985636
1487,Burundi,BDI,1961,1820537841,0.09070095017047208,21.322397811411523
1488,Burundi,BDI,1962,1985662353,0.03162810329012666,21.409218374520275
1489,Burundi,BDI,1963,2048465087,0.021897230899693643,21.44035661160362
1490,Burundi,BDI,1964,2093320800,0.03698017857559144,21.462017541479337
1491,Burundi,BDI,1965,2170732177,0.03792114562643256,21.498330356345008
1492,Burundi,BDI,1966,2253048828,0.1251677413712935,21.535550170598427
1493,Burundi,BDI,1967,2535057861,0.008761318367399573,21.653482298581146
1494,Burundi,BDI,1968,2557268310,-0.03512258398885015,21.66220545931095
1495,Burundi,BDI,1969,2467450439,0.20303043217477157,21.62645124355854
1496,Burundi,BDI,1970,2968417968,0.045096655674198516,21.81129497713451
1497,Burundi,BDI,1971,3102283691,-0.10188964243244636,21.85540435174216
1498,Burundi,BDI,1972,2786193115,0.09020081653600664,21.747942026125745
1499,Burundi,BDI,1973,3037510009,0.00811259549005161,21.83430394075168
1500,Burundi,BDI,1974,3062152099,-0.007682074971939512,21.84238380603772
1501,Burundi,BDI,1975,3038628417,0.10345677616954907,21.834672071934424
1502,Burundi,BDI,1976,3352995117,0.13914208274106477,21.93311984812166
1503,Burundi,BDI,1977,3819537841,0.012373483119524797,22.06339526821432
1504,Burundi,BDI,1978,3866798828,0.018753336603628545,22.075692825461683
1505,Burundi,BDI,1979,3939314208,0.03082601274947594,22.094272486222998
1506,Burundi,BDI,1980,4060747558,0.06831865340987542,22.124632921196856
1507,Burundi,BDI,1981,4338172363,-0.01548053451558995,22.190718981848978
1508,Burundi,BDI,1982,4271015136,0.01960686355198149,22.175117372700186
1509,Burundi,BDI,1983,4354756347,0.02155105877844421,22.19453449780973
1510,Burundi,BDI,1984,4448605957,0.07818394646815419,22.215856615955975
1511,Burundi,BDI,1985,4796415527,0.05178906072705658,22.291134710683895
1512,Burundi,BDI,1986,5044817382,0.003698489278635364,22.341627292277202
1513,Burundi,BDI,1987,5063475585,0.08253309213892468,22.345318958961386
1514,Burundi,BDI,1988,5481379882,-0.033502270587565164,22.42462270949388
1515,Burundi,BDI,1989,5297741210,0.04234770237106389,22.39054637986863
1516,Burundi,BDI,1990,5522088378,0.044025251382892705,22.432021955034738
1517,Burundi,BDI,1991,5765199707,-0.01726982065844329,22.475105631351045
1518,Burundi,BDI,1992,5665635742,-0.06226606722787087,22.45768494790128
1519,Burundi,BDI,1993,5312858886,0.012716880016903298,22.393395923926974
1520,Burundi,BDI,1994,5380421875,-0.09155608304413865,22.406032623473283
1521,Burundi,BDI,1995,4887811523,-0.07470631575742126,22.310010498947896
1522,Burundi,BDI,1996,4522661132,-0.019172547858268274,22.232366403565308
1523,Burundi,BDI,1997,4435950195,0.10654810564211026,22.213007678914334
1524,Burundi,BDI,1998,4908592285,0.007616089263359882,22.3142530339795
1525,Burundi,BDI,1999,4945976562,-0.035511522911256366,22.321840267255595
1526,Burundi,BDI,2000,4770337402,0.015422454598107649,22.285682873517025
1527,Burundi,BDI,2001,4843907714,0.04930121734354742,22.30098761084553
1528,Burundi,BDI,2002,5082718261,0.05145355547378827,22.349112046174827
1529,Burundi,BDI,2003,5344242187,0.05295281652623962,22.399285591577513
1530,Burundi,BDI,2004,5627234863,-0.01296186400173005,22.45088401510836
1531,Burundi,BDI,2005,5554295410,0.03978383839688493,22.437837413109385
1532,Burundi,BDI,2006,5775266601,0.018351763705877877,22.47685025696404
1533,Burundi,BDI,2007,5881252929,0.055824228266242004,22.495035659321218
1534,Burundi,BDI,2008,6209569335,0.009004342005628052,22.549357380245414
1535,Burundi,BDI,2009,6265482421,0.06147809795283443,22.55832142488377
1536,Burundi,BDI,2010,6650672363,0.09267691074800877,22.61798379372123
1537,Burundi,BDI,2011,7267036132,0.038114035759413856,22.706614360634052
1538,Burundi,BDI,2012,7544012207,0.10205818878256756,22.74402000038336
1539,Burundi,BDI,2013,8313940429,0.04737313496091211,22.841199512608053
1540,Burundi,BDI,2014,8707797851,-0.004225626114617964,22.887484765878384
1541,Burundi,BDI,2015,8671001953,0.04046871386974993,22.883250186574948
1542,Burundi,BDI,2016,9021906250,-0.008458578252240168,22.922921484612832
1543,Burundi,BDI,2017,8945593750,0.00904829620728087,22.914426929568908
1544,Burundi,BDI,2018,9026536132,0.009211988162902918,22.92343453521338
1546,Cambodia,KHM,1970,12698688476,0.09893992040001276,23.264764555471984
1547,Cambodia,KHM,1971,13955095703,-0.15371408212835524,23.359110561883234
1548,Cambodia,KHM,1972,11810000976,-0.18974136475973147,23.192212549797507
1549,Cambodia,KHM,1973,9569155273,-0.08585170755019478,22.98181077028134
1550,Cambodia,KHM,1974,8747626953,-0.03833539676551867,22.89204829516168
1551,Cambodia,KHM,1975,8412283203,-0.0073803908524927575,22.852958760767947
1552,Cambodia,KHM,1976,8350197265,-0.14590691972113545,22.845551000081016
1553,Cambodia,KHM,1977,7131845703,-0.00042797420571172307,22.687835902248892
1554,Cambodia,KHM,1978,7128793457,-0.1263026833967088,22.68740783643608
1555,Cambodia,KHM,1979,6228407714,-0.03847432602418743,22.552386553451104
1556,Cambodia,KHM,1980,5988773925,-0.010959796249112919,22.513152541144233
1557,Cambodia,KHM,1981,5923138183,-0.004731428025845252,22.50213224386949
1558,Cambodia,KHM,1982,5895113281,0.044653891019944325,22.497389587205735
1559,Cambodia,KHM,1983,6158353027,0.04639254338739618,22.541075212996493
1560,Cambodia,KHM,1984,6444054687,0.042582097813907094,22.586423788724197
1561,Cambodia,KHM,1985,6718456054,0.040314772594030934,22.62812421121496
1562,Cambodia,KHM,1986,6989309082,0.2008675359078933,22.667647544529938
1563,Cambodia,KHM,1987,8393234375,0.12984835253096327,22.8506917867138
1564,Cambodia,KHM,1988,9483082031,0.06650649239754536,22.972775209132216
1565,Cambodia,KHM,1989,10113768554,-0.0004605803440259626,23.037163555616836
1566,Cambodia,KHM,1990,10109110351,0.091215003791979,23.036702869173105
1567,Cambodia,KHM,1991,11031212890,0.27227720849470427,23.123994626995003
1568,Cambodia,KHM,1992,14034760742,-0.1045337000017097,23.364802999375907
1569,Cambodia,KHM,1993,12567655273,0.11872965064578911,23.25439230857702
1570,Cambodia,KHM,1994,14059808593,0.09811502815812201,23.366586109651628
1571,Cambodia,KHM,1995,15439287109,-0.048317407580635185,23.460181208780206
1572,Cambodia,KHM,1996,14693300781,0.03021884970694666,23.410657497671323
1573,Cambodia,KHM,1997,15137315429,-0.03286760762392782,23.440428752786794
1574,Cambodia,KHM,1998,14639788085,0.07718657616074376,23.407008870306505
1575,Cambodia,KHM,1999,15769783203,0.07708311321418493,23.481361490395027
1576,Cambodia,KHM,2000,16985367187,0.07368658776820114,23.55561805663556
1577,Cambodia,KHM,2001,18236960937,0.07081429326198041,23.626716192414673
1578,Cambodia,KHM,2002,19528398437,0.08047204890199988,23.695135573198446
1579,Cambodia,KHM,2003,21099888671,0.06461110441183138,23.77253360115859
1580,Cambodia,KHM,2004,22463175781,0.1723370001526856,23.835143173456082
1581,Cambodia,KHM,2005,26334412109,0.06505048978915862,23.99414236607079
1582,Cambodia,KHM,2006,28047478515,0.12531032585051616,24.057164572361174
1583,Cambodia,KHM,2007,31562117187,0.11567194752396825,24.175223415179723
1584,Cambodia,KHM,2008,35212968750,-0.05170136624734323,24.284680282094378
1585,Cambodia,KHM,2009,33392410156,0.058715859467475484,24.23159447026763
1586,Cambodia,KHM,2010,35353074218,0.09294420229873546,24.288651190656257
1587,Cambodia,KHM,2011,38638937500,0.10128839026694259,24.37752634850066
1588,Cambodia,KHM,2012,42552613281,0.09543534753512484,24.474007106789617
1589,Cambodia,KHM,2013,46613636718,0.03924540591130454,24.565158968702676
1590,Cambodia,KHM,2014,48443007812,0.11539316901406949,24.60365384726262
1591,Cambodia,KHM,2015,54033000000,0.07432820278348418,24.71286080796944
1592,Cambodia,KHM,2016,58049175781,0.08962868161347681,24.784556346557128
1593,Cambodia,KHM,2017,63252046875,0.09634297901920674,24.870393325690493
1594,Cambodia,KHM,2018,69345937500,0.06985798103890373,24.962373402323045
1596,Cameroon,CMR,1960,8538083984,0.02936292562474274,22.867802461729468
1597,Cameroon,CMR,1961,8788787109,0.006641763678656432,22.896742553798415
1598,Cameroon,CMR,1962,8847160156,0.06470561478552717,22.903362358143532
1599,Cameroon,CMR,1963,9419621093,0.03799509666752576,22.966060701052655
1600,Cameroon,CMR,1964,9777520507,0.05815725864168719,23.003351761958147
1601,Cameroon,CMR,1965,10346154296,0.046461632530054864,23.059880722006323
1602,Cameroon,CMR,1966,10826853515,-0.08706307319056772,23.105295321581725
1603,Cameroon,CMR,1967,9884234375,0.04051146389373228,23.0142068373574
1604,Cameroon,CMR,1968,10284659179,0.06764626205801472,23.05391922182604
1605,Cameroon,CMR,1969,10980377929,0.03846252020930785,23.119375692198656
1606,Cameroon,CMR,1970,11402710937,0.012584469675046783,23.157116965567795
1607,Cameroon,CMR,1971,11546208007,0.04968216618410337,23.16962290892608
1608,Cameroon,CMR,1972,12119848632,0.03902930732575838,23.21811032840068
1609,Cameroon,CMR,1973,12592877929,0.00888251650104599,23.256397247363225
1610,Cameroon,CMR,1974,12704734375,0.036123037243743994,23.265240546376802
1611,Cameroon,CMR,1975,13163667968,-0.04691602032969178,23.300726444980754
1612,Cameroon,CMR,1976,12546081054,0.1352450930052791,23.25267418714529
1613,Cameroon,CMR,1977,14242876953,0.24603087645589095,23.37952275574057
1614,Cameroon,CMR,1978,17747064453,0.0485733941116262,23.599485956260995
1615,Cameroon,CMR,1979,18609099609,0.11308385232041229,23.646916524323725
1616,Cameroon,CMR,1980,20713488281,0.13027214867884762,23.75405093279134
1617,Cameroon,CMR,1981,23411878906,0.13581296621968786,23.876509376057207
1618,Cameroon,CMR,1982,26591515625,0.14113369982084278,24.00385804038887
1619,Cameroon,CMR,1983,30344474609,0.12997765052192412,24.135880282161125
1620,Cameroon,CMR,1984,34288578125,0.038655592750683754,24.258078136390598
1621,Cameroon,CMR,1985,35614023437,-0.028696341732010966,24.296005314009218
1622,Cameroon,CMR,1986,34592031250,-0.015148674971204534,24.266889181790866
1623,Cameroon,CMR,1987,34068007812,-0.021081568225630787,24.251624593531314
1624,Cameroon,CMR,1988,33349800781,-0.03194523394595383,24.230317635706992
1625,Cameroon,CMR,1989,32284433593,-0.03874817522805285,24.197851018903158
1626,Cameroon,CMR,1990,31033470703,-0.039776672574385,24.158332159071396
1627,Cameroon,CMR,1991,29799062500,-0.005346159698816022,24.11774277023136
1628,Cameroon,CMR,1992,29639751953,0.04361640067197503,24.112382268682058
1629,Cameroon,CMR,1993,30932531250,-0.035325623020262875,24.15507425831618
1630,Cameroon,CMR,1994,29839820312,0.10612182703816542,24.119109590548025
1631,Cameroon,CMR,1995,33006476562,0.06164131140075613,24.21996963861107
1632,Cameroon,CMR,1996,35041039062,0.04418190012176071,24.279785756170835
1633,Cameroon,CMR,1997,36589218750,0.047896515773515835,24.323019464287434
1634,Cameroon,CMR,1998,38341714843,0.04155844050076207,24.369804300819805
1635,Cameroon,CMR,1999,39935136718,0.038519689411921965,24.41052239282311
1636,Cameroon,CMR,2000,41473425781,0.023471166624628115,24.448318716449656
1637,Cameroon,CMR,2001,42446855468,0.03222485470169145,24.471518670823365
1638,Cameroon,CMR,2002,43814699218,0.061323241354038105,24.50323519661268
1639,Cameroon,CMR,2003,46501558593,0.02609841959539594,24.562751667107033
1640,Cameroon,CMR,2004,47715175781,0.03883845262366048,24.588515334786628
1641,Cameroon,CMR,2005,49568359375,0.03759226130328219,24.626618551295806
1642,Cameroon,CMR,2006,51431746093,0.052261617661972126,24.663521447022173
1643,Cameroon,CMR,2007,54119652343,0.05682251660653459,24.714463216410923
1644,Cameroon,CMR,2008,57194867187,0.002023987897751711,24.769729996812774
1645,Cameroon,CMR,2009,57310628906,0.04205923843469894,24.771751939206606
1646,Cameroon,CMR,2010,59721070312,0.06583064473662037,24.812950731626927
1647,Cameroon,CMR,2011,63652546875,0.0719479753731378,24.87670517489635
1648,Cameroon,CMR,2012,68232218750,0.04404364048325782,24.946182705931818
1649,Cameroon,CMR,2013,71237414062,0.05688252607644184,24.98928399574779
1650,Cameroon,CMR,2014,75289578125,0.04208677204618083,25.044607557458967
1651,Cameroon,CMR,2015,78458273437,0.06256888738371025,25.085832771839502
1652,Cameroon,CMR,2016,83367320312,0.03763427609593428,25.146522226738895
1653,Cameroon,CMR,2017,86504789062,0.051269379685109584,25.18346561423028
1654,Cameroon,CMR,2018,90939835937,0.039011369038071786,25.233463981262034
1656,Canada,CAN,1950,177335015625,0.03439129733349855,25.90130652418209
1657,Canada,CAN,1951,183433796875,0.08682449552005433,25.935119659371534
1658,Canada,CAN,1952,199360343750,0.04628506390203291,26.01837979681167
1659,Canada,CAN,1953,208587750000,-0.003988129696015252,26.0636256529565
1660,Canada,CAN,1954,207755875000,0.08790650926237342,26.05962954946383
1661,Canada,CAN,1955,226018968750,0.08207732011431013,26.143884765218683
1662,Canada,CAN,1956,244570000000,0.0253708677474751,26.22276740345423
1663,Canada,CAN,1957,250774953125,0.02384527162893879,26.247821772795398
1664,Canada,CAN,1958,256754750000,0.039629622236784234,26.2713871860708
1665,Canada,CAN,1959,266929843750,0.0352582109882571,26.310251703329225
1666,Canada,CAN,1960,276341312500,0.04142239409100301,26.3449025781475
1667,Canada,CAN,1961,287788031250,0.06411315967470421,26.385490043495302
1668,Canada,CAN,1962,306239031250,0.05280076868059247,26.447631781837398
1669,Canada,CAN,1963,322408687500,0.07018973783080829,26.49908579355579
1670,Canada,CAN,1964,345038468750,0.06253569008745496,26.566921751384893
1671,Canada,CAN,1965,366615687500,0.06676593046771906,26.62757996330772
1672,Canada,CAN,1966,391093125000,0.02913612326987347,26.69221153992898
1673,Canada,CAN,1967,402488062500,0.053306705214393846,26.720931274980117
1674,Canada,CAN,1968,423943375000,0.052283368032346234,26.772865733731535
1675,Canada,CAN,1969,446108562500,0.028570399834008997,26.8238281730233
1676,Canada,CAN,1970,458854062500,0.05232103344404848,26.85199804982812
1677,Canada,CAN,1971,482861781250,0.05678184174987444,26.90299628246108
1678,Canada,CAN,1972,510279562500,0.07387347597328087,26.95822457424371
1679,Canada,CAN,1973,547975687500,0.026913602804686576,27.02949675703432
1680,Canada,CAN,1974,562723687500,0.01354750149912598,27.05605455864322
1681,Canada,CAN,1975,570347187500,0.05859895644703261,27.069511113225552
1682,Canada,CAN,1976,603768937500,0.034619100456786844,27.126457407880903
1683,Canada,CAN,1977,624670875000,0.039396646273927916,27.160490747980337
1684,Canada,CAN,1978,649280812500,0.04072814026057481,27.19913114496923
1685,Canada,CAN,1979,675724812500,0.018034338497818547,27.23905174800837
1686,Canada,CAN,1980,687911062500,0.03397168801890005,27.256925396901625
1687,Canada,CAN,1981,711280562500,-0.02507739342307702,27.290332791586785
1688,Canada,CAN,1982,693443500000,0.03404143596414122,27.26493560258208
1689,Canada,CAN,1983,717049312500,0.07021187263184214,27.298410451331687
1690,Canada,CAN,1984,767394687500,0.025242633048590202,27.366267092009213
1691,Canada,CAN,1985,786765750000,0.01870752190216729,27.391196391756324
1692,Canada,CAN,1986,801484187500,0.07110441277420709,27.409731080167596
1693,Canada,CAN,1987,858473250000,0.0498325806890314,27.478421357800237
1694,Canada,CAN,1988,901253187500,0.03672726261509052,27.527052062293823
1695,Canada,CAN,1989,934353750000,0.007615557812017171,27.563120950791934
1696,Canada,CAN,1990,941469375000,-0.02597575199936797,27.570707656633534
1697,Canada,CAN,1991,917014000000,0.009748828807411902,27.544388576261905
1698,Canada,CAN,1992,925953812500,0.023621183589003225,27.554090191838895
1699,Canada,CAN,1993,947825937500,0.04779206888923104,27.577436712110945
1700,Canada,CAN,1994,993124500000,0.04950600352725165,27.62412187077597
1701,Canada,CAN,1995,1042290125000,0.02518348717925356,27.672441451407146
1702,Canada,CAN,1996,1068538625000,0.04000533906764492,27.697313059859
1703,Canada,CAN,1997,1111285875000,0.014652282879056733,27.736538906717993
1704,Canada,CAN,1998,1127568750000,0.07153732311222716,27.751084882074064
1705,Canada,CAN,1999,1208232000000,0.06326216736520807,27.820179249981493
1706,Canada,CAN,2000,1284667375000,-0.008517477140726815,27.881520948627657
1707,Canada,CAN,2001,1273725250000,0.006524955048194281,27.87296699048004
1708,Canada,CAN,2002,1282036250000,0.04997908600478351,27.87947075015831
1709,Canada,CAN,2003,1346111250000,0.04469132844703583,27.928240996038692
1710,Canada,CAN,2004,1406270750000,0.07666509098621299,27.971962458345836
1711,Canada,CAN,2005,1514082625000,0.005694867543968973,28.04583084343092
1712,Canada,CAN,2006,1522705125000,0.02144144618939281,28.051509556519356
1713,Canada,CAN,2007,1555354125000,0.04192252680719899,28.072724368751466
1714,Canada,CAN,2008,1620558500000,-0.10078493001024025,28.11379195884557
1715,Canada,CAN,2009,1457230625000,0.06964237386926997,28.00755891819267
1716,Canada,CAN,2010,1558715625000,0.058228389158542004,28.074883280770464
1717,Canada,CAN,2011,1649477125000,0.007018739347476544,28.13147945968015
1718,Canada,CAN,2012,1661054375000,0.037306800988980315,28.138473682327316
1719,Canada,CAN,2013,1723023000000,0.033405749662076545,28.17510142219546
1720,Canada,CAN,2014,1780581875000,-0.050147300864780475,28.20796132288108
1721,Canada,CAN,2015,1691290500000,0.011768823865563105,28.15651296292961
1722,Canada,CAN,2016,1711195000000,0.04973220468736761,28.168213072784205
1723,Canada,CAN,2017,1796296500000,0.02078637908608072,28.216748161269713
1724,Canada,CAN,2018,1833635000000,0.017767917279065903,28.23732145141729
1726,Cape Verde,CPV,1960,247263198,0.20093114301627701,19.325963906213357
1727,Cape Verde,CPV,1961,296946075,-0.14881264552831686,19.509061114625368
1728,Cape Verde,CPV,1962,252756744,-0.16566473494372913,19.347938098001464
1729,Cape Verde,CPV,1963,210883865,0.08060563571328694,19.16681813706949
1730,Cape Verde,CPV,1964,227882293,0.05238349519328378,19.24433979483934
1731,Cape Verde,CPV,1965,239819564,0.2502928910336939,19.29539738188372
1732,Cape Verde,CPV,1966,299844696,0.11852683230388039,19.51877521857792
1733,Cape Verde,CPV,1967,335384338,0.1093376489154958,19.630787709781256
1734,Cape Verde,CPV,1968,372054473,0.09327382014837382,19.734550834312884
1735,Cape Verde,CPV,1969,406757415,0.12992126031679097,19.82372753376819
1736,Cape Verde,CPV,1970,459603851,0.052577707839963184,19.94587548292901
1737,Cape Verde,CPV,1971,483768768,0.022616699803158946,19.99711759845491
1738,Cape Verde,CPV,1972,494710021,0.01679993662388335,20.019482332714016
1739,Cape Verde,CPV,1973,503021118,0.024727906155224355,20.036142711278135
1740,Cape Verde,CPV,1974,515459777,-0.1694133041926955,20.060569831218913
1741,Cape Verde,CPV,1975,428134033,0.017895237027325983,19.874946865736284
1742,Cape Verde,CPV,1976,435795593,-0.046722549119490475,19.892683867986765
1743,Cape Verde,CPV,1977,415434112,0.09629672394355526,19.84483458447481
1744,Cape Verde,CPV,1978,455439056,0.047060985915972964,19.93677246988407
1745,Cape Verde,CPV,1979,476872467,0.0841482005712022,19.982759648324407
1746,Cape Verde,CPV,1980,517000427,0.07482384535825548,20.063554258391125
1747,Cape Verde,CPV,1981,555684387,0.06997338401015751,20.13571104176043
1748,Cape Verde,CPV,1982,594567504,0.07646564888618612,20.203344815168002
1749,Cape Verde,CPV,1983,640031494,-0.04358163037520779,20.27702794248225
1750,Cape Verde,CPV,1984,612137878,0.020580665651930063,20.2324681059521
1751,Cape Verde,CPV,1985,624736083,0.13382379579954562,20.252839851320775
1752,Cape Verde,CPV,1986,708340637,0.04573082964319619,20.378435661660347
1753,Cape Verde,CPV,1987,740733642,0.023567217701717436,20.423151661150154
1754,Cape Verde,CPV,1988,758190673,0.07196738886815623,20.446445459467284
1755,Cape Verde,CPV,1989,812755676,-0.02232072630889881,20.515941100821227
1756,Cape Verde,CPV,1990,794614379,0.00889886615052049,20.49336749707835
1757,Cape Verde,CPV,1991,801685546,0.09460695952225628,20.50222700166268
1758,Cape Verde,CPV,1992,877530578,0.060522230599695304,20.592622359420808
1759,Cape Verde,CPV,1993,930640686,0.17647564142709316,20.65138381659965
1760,Cape Verde,CPV,1994,1094876098,-0.07701440204423937,20.81390704130123
1761,Cape Verde,CPV,1995,1010554870,0.21073174779712844,20.733765393185326
1762,Cape Verde,CPV,1996,1223510864,-0.02691768660911542,20.924990320251794
1763,Cape Verde,CPV,1997,1190576782,0.12635036334851013,20.89770371740153
1764,Cape Verde,CPV,1998,1341006591,0.17146853083587854,21.01668635622269
1765,Cape Verde,CPV,1999,1570947021,0.0874095651631781,21.174944472544958
1766,Cape Verde,CPV,2000,1708262817,0.048094591875671444,21.25874279459716
1767,Cape Verde,CPV,2001,1790421020,0.0401734380888803,21.305716635846224
1768,Cape Verde,CPV,2002,1862348388,0.05417177561946063,21.345104102488524
1769,Cape Verde,CPV,2003,1963235107,0.08293755924567425,21.397859514299743
1770,Cape Verde,CPV,2004,2126061035,0.02430323737154616,21.477536825296973
1771,Cape Verde,CPV,2005,2177731201,0.05591936366805994,21.501549438322034
1772,Cape Verde,CPV,2006,2299508544,0.14694270124877606,21.555961260527695
1773,Cape Verde,CPV,2007,2637404541,0.10584432219645601,21.693061142107833
1774,Cape Verde,CPV,2008,2916558837,0.02682236442741104,21.793670277792984
1775,Cape Verde,CPV,2009,2994787841,0.078535861131807,21.820139228275163
1776,Cape Verde,CPV,2010,3229986083,0.09778131170975701,21.895743665502962
1777,Cape Verde,CPV,2011,3545818359,-0.033377096347760205,21.989034819090147
1778,Cape Verde,CPV,2012,3427469238,-0.04659341890787816,21.955087994305764
1779,Cape Verde,CPV,2013,3267771728,-0.007579721309101228,21.907374160831303
1780,Cape Verde,CPV,2014,3243002929,0.05431465276360847,21.899765567447254
1781,Cape Verde,CPV,2015,3419145507,0.04441992120225957,21.952656505048388
1782,Cape Verde,CPV,2016,3571023681,0.037065579179506924,21.996118137012513
1783,Cape Verde,CPV,2017,3703385742,0.002244831237998568,22.03251330358488
1784,Cape Verde,CPV,2018,3711699218,0.07730156705817426,22.034755618953668
1786,Cayman Islands,CYM,1970,339202697,0.031789042644315924,19.642108412911732
1787,Cayman Islands,CYM,1971,349985626,0.08109969636295866,19.67340264303297
1788,Cayman Islands,CYM,1972,378369354,0.14346230059636378,19.751381403490168
1789,Cayman Islands,CYM,1973,432651092,0.0993461216087721,19.885442168993958
1790,Cayman Islands,CYM,1974,475633300,0.09871386002620075,19.980157737150694
1791,Cayman Islands,CYM,1975,522584899,0.09907368945997796,20.074298014728203
1792,Cayman Islands,CYM,1976,574359313,0.09890457369496852,20.1687657392758
1793,Cayman Islands,CYM,1977,631166076,0.09836539440373859,20.26307958080446
1794,Cayman Islands,CYM,1978,693250976,0.10093197618520189,20.35690265032069
1795,Cayman Islands,CYM,1979,763222167,0.09651455655375374,20.45305972248788
1796,Cayman Islands,CYM,1980,836884216,0.1002966042318092,20.545196286746386
1797,Cayman Islands,CYM,1981,920820861,0.09929362471296144,20.640776070415058
1798,Cayman Islands,CYM,1982,1012252502,0.12747383261098633,20.735443884594904
1799,Cayman Islands,CYM,1983,1141288208,0.08639047902964059,20.855423468392996
1800,Cayman Islands,CYM,1984,1239884643,-0.13203487027946037,20.938284182397105
1801,Cayman Islands,CYM,1985,1076176635,0.12422052630793279,20.796680444135337
1802,Cayman Islands,CYM,1986,1209859863,0.19707749987570256,20.913770374145425
1803,Cayman Islands,CYM,1987,1448296020,0.09819661936238688,21.09365354371787
1804,Cayman Islands,CYM,1988,1590513793,0.11634846161940837,21.187322941231557
1805,Cayman Islands,CYM,1989,1775567626,0.33641888050508983,21.297385998047865
1806,Cayman Islands,CYM,1990,2372902099,-0.03804728017984693,21.587379557333215
1807,Cayman Islands,CYM,1991,2282619628,-0.05397893564420009,21.548589580012894
1808,Cayman Islands,CYM,1992,2159406250,0.16373768067032324,21.49309913659562
1809,Cayman Islands,CYM,1993,2512982421,-0.05805457880678111,21.64473610025857
1810,Cayman Islands,CYM,1994,2367092285,0.03796542938755776,21.58492815488892
1811,Cayman Islands,CYM,1995,2456959960,-0.0008042760289833639,21.62219063405637
1812,Cayman Islands,CYM,1996,2454983886,0.16060073520173002,21.6213860344239
1813,Cayman Islands,CYM,1997,2849256103,0.13847869925927814,21.77032378066501
1814,Cayman Islands,CYM,1998,3243817382,0.007041339973928196,21.900016677533625
1815,Cayman Islands,CYM,1999,3266658203,0.08043089226742706,21.907033343033103
1816,Cayman Islands,CYM,2000,3529398437,-0.013002877067914365,21.984393278921832
1817,Cayman Islands,CYM,2001,3483506103,0.0005524781479047114,21.971305124406502
1818,Cayman Islands,CYM,2002,3485430664,0.06545018162495864,21.971857449994545
1819,Cayman Islands,CYM,2003,3713552734,-0.03236502013276643,22.035254865592158
1820,Cayman Islands,CYM,2004,3593363525,0.16052874444424603,22.002354515857437
1821,Cayman Islands,CYM,2005,4170201660,0.0935953593668657,22.151230231300058
1822,Cayman Islands,CYM,2006,4560513183,0.04594434367190381,22.24070099427212
1823,Cayman Islands,CYM,2007,4770042968,-0.010161686032007289,22.285621149772545
1824,Cayman Islands,CYM,2008,4721571289,-0.12595097851968495,22.27540748135676
1825,Cayman Islands,CYM,2009,4126884765,-0.06525196809075429,22.140788665107493
1826,Cayman Islands,CYM,2011,3857597412,-0.034296414029220124,22.073310394507505
1827,Cayman Islands,CYM,2012,3725295654,-0.017876097949030112,22.038412055829628
1828,Cayman Islands,CYM,2013,3658701904,0.029469220184930478,22.020374250410786
1829,Cayman Islands,CYM,2014,3766520996,0.060558917696791115,22.049417599620433
1831,Central African Republic,CAF,1960,2240148925,0.08259502077523706,21.52980818497837
1832,Central African Republic,CAF,1961,2425174072,-0.0016711109716993633,21.609169141027674
1833,Central African Republic,CAF,1962,2421121337,-0.05903389467340847,21.607496632192497
1834,Central African Republic,CAF,1963,2278193115,0.045541655058509045,21.546648472302792
1835,Central African Republic,CAF,1964,2381945800,0.010611339267249553,21.591183553632398
1836,Central African Republic,CAF,1965,2407221435,-0.002397368150720225,21.601738987776855
1837,Central African Republic,CAF,1966,2401450439,-0.006790736437929823,21.599338741337977
1838,Central African Republic,CAF,1967,2385142822,0.13562781063514873,21.59252484293193
1839,Central African Republic,CAF,1968,2708634521,0.0015184909474170727,21.719710478064826
1840,Central African Republic,CAF,1969,2712747558,0.04487430673046067,21.721227817270655
1841,Central African Republic,CAF,1970,2834480224,-0.038311956132384695,21.765124414812426
1842,Central African Republic,CAF,1971,2725885742,-0.04199332064300443,21.72605925518239
1843,Central African Republic,CAF,1972,2611416748,0.11569773734176869,21.683158726335737
1844,Central African Republic,CAF,1973,2913551757,-0.09898861288703031,21.79263870893398
1845,Central African Republic,CAF,1974,2625143310,-0.015385785928768936,21.6884013257855
1846,Central African Republic,CAF,1975,2584753417,-0.004663766733304597,21.672895950414922
1847,Central African Republic,CAF,1976,2572698730,0.051505754426209194,21.6682212743894
1848,Central African Republic,CAF,1977,2705207519,0.025483708926509197,21.718444463122974
1849,Central African Republic,CAF,1978,2774146240,-0.01758828727068118,21.743608875546112
1850,Central African Republic,CAF,1979,2725353759,-0.08020577522391292,21.725864076452268
1851,Central African Republic,CAF,1980,2506764648,0.16705568563610917,21.642258773773996
1852,Central African Republic,CAF,1981,2925533935,0.01012535511744117,21.79674284285183
1853,Central African Republic,CAF,1982,2955156005,-0.05485934405009529,21.80681727998116
1854,Central African Republic,CAF,1983,2793038085,0.07654635149738742,21.750395759691887
1855,Central African Republic,CAF,1984,3006834960,0.1127615664013697,21.824153854178842
1856,Central African Republic,CAF,1985,3345890380,-0.009741573781027468,21.930998677468097
1857,Central African Republic,CAF,1986,3313296142,-0.067926923026007,21.921209344135296
1858,Central African Republic,CAF,1987,3088234130,0.052997899482446265,21.85086528553532
1859,Central African Republic,CAF,1988,3251904052,0.057570688743063814,21.90250652389167
1860,Central African Republic,CAF,1989,3439118408,-0.013815370790804082,21.958480998743035
1861,Central African Republic,CAF,1990,3391605712,-0.015217228470099986,21.94456930755357
1862,Central African Republic,CAF,1991,3339994873,-0.039521018749779424,21.929235108903903
1863,Central African Republic,CAF,1992,3207994873,-0.01937245271900412,21.88891192875738
1864,Central African Republic,CAF,1993,3145848144,0.21766722856791532,21.869349370868854
1865,Central African Republic,CAF,1994,3830596191,0.029476889854715527,22.066286291471144
1866,Central African Republic,CAF,1995,3943510253,-0.1495842965163453,22.095337090773583
1867,Central African Republic,CAF,1996,3353623046,0.049589267702092155,21.93330710464546
1868,Central African Republic,CAF,1997,3519926757,0.051649648288406125,21.98170601866948
1869,Central African Republic,CAF,1998,3701729736,-0.010982315808914067,22.032066043570495
1870,Central African Republic,CAF,1999,3661076171,0.032159406551719005,22.021022976931985
1871,Central African Republic,CAF,2000,3778814208,0.014279666326479479,22.05267609577597
1872,Central African Republic,CAF,2001,3832774414,0.001758769307000474,22.06685476797344
1873,Central African Republic,CAF,2002,3839515380,-0.04631353579836417,22.068611992456763
1874,Central African Republic,CAF,2003,3661693847,0.028652117676620126,22.021191677027698
1875,Central African Republic,CAF,2004,3766609130,0.021421787399533043,22.04944099865869
1876,Central African Republic,CAF,2005,3847296630,0.04952144332057906,22.070636564580486
1877,Central African Republic,CAF,2006,4037820312,0.05623634744843997,22.11897085658988
1878,Central African Republic,CAF,2007,4264892578,0.02502764889099618,22.173682830702987
1879,Central African Republic,CAF,2008,4371632812,0.07651391079365877,22.198402417457356
1880,Central African Republic,CAF,2009,4706123535,0.04477699585078998,22.27213037743828
1881,Central African Republic,CAF,2010,4916849609,0.01750289084345269,22.315933838982076
1882,Central African Republic,CAF,2011,5002908691,0.10931560613605451,22.33328531843644
1883,Central African Republic,CAF,2012,5549804687,-0.3408687753338949,22.437028572553988
1884,Central African Republic,CAF,2013,3658049560,-0.03868034773153817,22.020195935210403
1885,Central African Republic,CAF,2014,3516554931,0.11494244336602977,21.98074763452024
1886,Central African Republic,CAF,2015,3920756347,0.05377666866785291,22.089550417800428
1887,Central African Republic,CAF,2016,4131601562,0.03235328866883602,22.14193095615845
1888,Central African Republic,CAF,2017,4265272460,0.04121036572655434,22.17377189861634
1889,Central African Republic,CAF,2018,4441045898,0.04535031535942924,22.21415574826264
1891,Chad,TCD,1960,4289329101,0.0478395810086385,22.179396170943374
1892,Chad,TCD,1961,4494528808,0.14697122528711581,22.226126673568935
1893,Chad,TCD,1962,5155095214,-0.09780211190489174,22.363251424467848
1894,Chad,TCD,1963,4650916015,0.010446425788662728,22.260330029618324
1895,Chad,TCD,1964,4699501464,0.04765621454012159,22.270722268547082
1896,Chad,TCD,1965,4923461914,-0.040218183761500326,22.317277761068237
1897,Chad,TCD,1966,4725449218,-0.0314701189536728,22.2762284659656
1898,Chad,TCD,1967,4576738769,-0.003408562032350515,22.244252522267658
1899,Chad,TCD,1968,4561138671,0.02264684730081945,22.240838137853345
1900,Chad,TCD,1969,4664434082,0.09586097673145333,22.263232352418505
1901,Chad,TCD,1970,5111571289,0.023620962552127756,22.354772686850744
1902,Chad,TCD,1971,5232311523,-0.09171936626679333,22.37811899118656
1903,Chad,TCD,1972,4752407226,-0.050253520719648836,22.28191711104216
1904,Chad,TCD,1973,4513582031,0.15806588959721068,22.230356917124677
1905,Chad,TCD,1974,5227025390,0.15528314565925605,22.377108194136223
1906,Chad,TCD,1975,6038694335,-0.05541880536332855,22.52145365582311
1907,Chad,TCD,1976,5704037109,-0.05081156546872667,22.464440025822658
1908,Chad,TCD,1977,5414206054,0.03298361315008802,22.41229208688971
1909,Chad,TCD,1978,5592786132,-0.20722617522754216,22.444743413542326
1910,Chad,TCD,1979,4433814453,-0.07265144953958225,22.212526100850873
1911,Chad,TCD,1980,4111691406,-0.09585679130122926,22.137100315104107
1912,Chad,TCD,1981,3717557861,0.07583635158920266,22.036332800669726
1913,Chad,TCD,1982,3999483886,0.29801330570981577,22.10943116124141
1914,Chad,TCD,1983,5191383300,0.08957601685855088,22.370266030402828
1915,Chad,TCD,1984,5656406738,0.09745707151797123,22.456054675614215
1916,Chad,TCD,1985,6207663574,-0.023335256537856952,22.549050426026398
1917,Chad,TCD,1986,6062806152,0.024586387270657983,22.525438591233936
1918,Chad,TCD,1987,6211868652,0.0907820658471965,22.54972759777235
1919,Chad,TCD,1988,6775794921,0.04364715054810908,22.636622528342286
1920,Chad,TCD,1989,7071539062,0.008886027560488063,22.679343982272968
1921,Chad,TCD,1990,7134376953,0.04333024159453891,22.68819076142747
1922,Chad,TCD,1991,7443511230,0.009942725511277395,22.730608513979114
1923,Chad,TCD,1992,7517520019,-0.014951856292489407,22.740502135809777
1924,Chad,TCD,1993,7405119140,0.04341729659193572,22.725437373665713
1925,Chad,TCD,1994,7726629394,0.05322925353704355,22.76793856227836
1926,Chad,TCD,1995,8137912109,-0.04754535522349668,22.81979948639386
1927,Chad,TCD,1996,7750992187,0.11055036301509302,22.77108669624631
1928,Chad,TCD,1997,8607867187,0.004479232795114418,22.875942411227296
1929,Chad,TCD,1998,8646423828,0.023179968040770937,22.880411642115316
1930,Chad,TCD,1999,8846847656,-0.025990896298983324,22.90332703545086
1931,Chad,TCD,2000,8616910156,0.09188203702561615,22.876992406783202
1932,Chad,TCD,2001,9408649414,-0.25007942845642517,22.964895253569008
1933,Chad,TCD,2002,7055739746,0.17552275389722127,22.677107270900372
1934,Chad,TCD,2003,8294182617,0.5029555847311289,22.838820216493
1935,Chad,TCD,2004,12465788085,0.2643651175143493,23.246253775750105
1936,Chad,TCD,2005,15761307617,0.08704235716586606,23.4808238885561
1937,Chad,TCD,2006,17133208984,0.11274226099756768,23.564284462969894
1938,Chad,TCD,2007,19064845703,0.07330214793084289,23.67111193701574
1939,Chad,TCD,2008,20462339843,-0.059918096483937866,23.741851952759035
1940,Chad,TCD,2009,19236275390,0.3269391641309831,23.680063676645293
1941,Chad,TCD,2010,25525367187,-0.021428285046515172,23.962938586280547
1942,Chad,TCD,2011,24978402343,0.08230008395937705,23.94127738215252
1943,Chad,TCD,2012,27034126953,-0.11763639608295506,24.02036586604644
1944,Chad,TCD,2013,23853929687,0.037478920359492296,23.895214807458736
1945,Chad,TCD,2014,24747949218,0.10767842981760234,23.932008462649254
1946,Chad,TCD,2015,27412769531,-0.10689568004744043,24.0342747830543
1947,Chad,TCD,2016,24482462890,-0.03134131167470955,23.9212228977815
1948,Chad,TCD,2017,23715150390,0.05788221978043295,23.889379937811825
1949,Chad,TCD,2018,25087835937,0.026613837705120158,23.94564894159207
1951,Chile,CHL,1951,29655855468,0.08252744142352864,24.112925429165486
1952,Chile,CHL,1952,32103277343,0.02363563202264296,24.192223959783515
1953,Chile,CHL,1953,32862058593,0.07028301423855354,24.215584594976104
1954,Chile,CHL,1954,35171703125,-0.0236608219977974,24.283507707764517
1955,Chile,CHL,1955,34339511718,-0.015387021700807524,24.259562473269803
1956,Chile,CHL,1956,33811128906,0.10457667588769981,24.244055842815968
1957,Chile,CHL,1957,37346984375,0.04008251166865473,24.34351800564045
1958,Chile,CHL,1958,38843945312,-0.00805687822094936,24.382818053789567
1959,Chile,CHL,1959,38530984375,0.06450186394958934,24.374728543532196
1960,Chile,CHL,1960,41016304687,-0.033667346840186574,24.43723549989154
1961,Chile,CHL,1961,39635394531,0.2496720842342106,24.40298835729221
1962,Chile,CHL,1962,49531246093,0.037169955618382655,24.625869541578567
1963,Chile,CHL,1963,51372320312,0.03305099399225275,24.662365349025333
1964,Chile,CHL,1964,53070226562,-0.03481427688727723,24.694881902893364
1965,Chile,CHL,1965,51222625000,0.11887431944380045,24.65944716591649
1966,Chile,CHL,1966,57311679687,0.05764245536061918,24.77177027387484
1967,Chile,CHL,1967,60615265625,0.024925909495261633,24.827812606301485
1968,Chile,CHL,1968,62126156250,0.06909579650680553,24.85243293286003
1969,Chile,CHL,1969,66418812500,0.00454396391082712,24.91924617408418
1970,Chile,CHL,1970,66720617187,0.13339298818318057,24.923779845358794
1971,Chile,CHL,1971,75620679687,0.0013324108354624276,25.048995623559758
1972,Chile,CHL,1972,75721437500,-0.026338933079552262,25.050327147523603
1973,Chile,CHL,1973,73727015625,-0.048224881108497986,25.02363513105022
1974,Chile,CHL,1974,70171539062,-0.15190425650464834,24.97420863930341
1975,Chile,CHL,1975,59512183593,0.0414846776062574,24.809446894805152
1976,Chile,CHL,1976,61981027343,0.09036352669673109,24.85009416456393
1977,Chile,CHL,1977,67581851562,0.07702719746031694,24.936605315933587
1978,Chile,CHL,1978,72787492187,0.08047452779319908,25.010809966769784
1979,Chile,CHL,1979,78645031250,0.06084817023961708,25.08821028899414
1980,Chile,CHL,1980,83430437500,0.04970814008976032,25.147279037763703
1981,Chile,CHL,1981,87577609375,-0.12561679667337922,25.19579120147531
1982,Chile,CHL,1982,76576390625,-0.032046022670580765,25.061554649800712
1983,Chile,CHL,1983,74122421875,0.03337837424109402,25.028983912883717
1984,Chile,CHL,1984,76596507812,0.0014909703883667635,25.061817322732033
1985,Chile,CHL,1985,76710710937,0.05028459703844912,25.063307182727623
1986,Chile,CHL,1986,80568078125,0.0758766315055377,25.112368354969572
1987,Chile,CHL,1987,86681312500,0.09688263617374271,25.185504155401176
1988,Chile,CHL,1988,95079226562,0.0928450212754266,25.277976344802877
1989,Chile,CHL,1989,103906859375,0.02364805679605797,25.366760751881095
1990,Chile,CHL,1990,106364054687,0.07930318036315831,25.39013352488681
1991,Chile,CHL,1991,114799062500,0.11997695701565503,25.466449154422225
1992,Chile,CHL,1992,128572304687,0.06591810116986219,25.579757265424416
1993,Chile,CHL,1993,137047546875,0.08990413112784879,25.64359376004577
1994,Chile,CHL,1994,149368687500,0.14556211371275518,25.729683499325006
1995,Chile,CHL,1995,171111109375,0.047215757378406664,25.865578944871764
1996,Chile,CHL,1996,179190250000,0.0197518768459779,25.911713927524904
1997,Chile,CHL,1997,182729593750,-0.010917344224654402,25.931273267234918
1998,Chile,CHL,1998,180734671875,-0.04299223507802663,25.920295891484752
1999,Chile,CHL,1999,172964484375,0.037260810496952734,25.876352117738715
2000,Chile,CHL,2000,179409281250,-0.004417535533714156,25.91293552018273
2001,Chile,CHL,2001,178616734375,0.008152756543755357,25.90850819850787
2002,Chile,CHL,2002,180072953125,0.04483642870784399,25.91662790086562
2003,Chile,CHL,2003,188146781250,0.11564383658569755,25.960488246478377
2004,Chile,CHL,2004,209904796875,0.123349000406211,26.069919916656225
2005,Chile,CHL,2005,235796343750,0.16900773615154918,26.186234319204274
2006,Chile,CHL,2006,275647750000,0.0857692244903141,26.342389619423848
2007,Chile,CHL,2007,299289843750,-0.02819612050400555,26.424678317884844
2008,Chile,CHL,2008,290851031250,0.019174764400977207,26.396077052938978
2009,Chile,CHL,2009,296428031250,0.15439803738196578,26.41507029826508
2010,Chile,CHL,2010,342195937500,0.10900964085817066,26.558649326621588
2011,Chile,CHL,2011,379498593750,0.0574159736263844,26.662116728241635
2012,Chile,CHL,2012,401287875000,0.0343556355895378,26.717944899459308
2013,Chile,CHL,2013,415074375000,0.015798147621134184,26.751723557987155
2014,Chile,CHL,2014,421631781250,-0.010624495588827276,26.767398213803986
2015,Chile,CHL,2015,417152156250,-0.013220445866986896,26.75671687528509
2016,Chile,CHL,2016,411637218750,0.025925285697941947,26.743408261380935
2017,Chile,CHL,2017,422309031250,0.03274423816859828,26.769003184520766
2018,Chile,CHL,2018,436137218750,0.010423611662929266,26.801222752684566
2020,China,CHN,1952,558018375000,0.12617102438606964,27.047657728893064
2021,China,CHN,1953,628424125000,-0.07157496937279417,27.166481133743087
2022,China,CHN,1954,583444687500,0.10202134628229009,27.09221548983528
2023,China,CHN,1955,642968500000,0.0708189825784622,27.189361570870496
2024,China,CHN,1956,688502875000,0.0340302682105722,27.257785330850773
2025,China,CHN,1957,711932812500,0.02049886203271467,27.29124937943949
2026,China,CHN,1958,726526625000,-0.044510240763716014,27.31154096759905
2027,China,CHN,1959,694188750000,-0.05998791755124233,27.266009734538375
2028,China,CHN,1960,652545812500,-0.14998525486668413,27.204147184406573
2029,China,CHN,1961,554673562500,0.08284670138753913,27.041645601974
2030,China,CHN,1962,600626437500,0.12344653077313139,27.121239010008374
2031,China,CHN,1963,674771687500,0.12974082807823795,27.2376402298619
2032,China,CHN,1964,762317125000,0.1059960774198796,27.359628480597134
2033,China,CHN,1965,843119750000,0.02856192729443241,27.460374837054353
2034,China,CHN,1966,867200875000,0.029126469689044088,27.48853647662575
2035,China,CHN,1967,892459375000,-0.02912184378140459,27.51724683135694
2036,China,CHN,1968,866469312500,0.09815509190350014,27.487692530010417
2037,China,CHN,1969,951517687500,0.12418351655706883,27.58132411257973
2038,China,CHN,1970,1069680500000,0.09701085978476742,27.698381121682225
2039,China,CHN,1971,1173451125000,-0.0288319421910308,27.79097020245664
2040,China,CHN,1972,1139618250000,0.09022747310338342,27.76171445383295
2041,China,CHN,1973,1242443125000,0.017943074859060548,27.848100819221617
2042,China,CHN,1974,1264736375000,0.04652323295437766,27.86588481718041
2043,China,CHN,1975,1323576000000,-0.038422614190647186,27.9113582804632
2044,China,CHN,1976,1272720750000,0.07179127864458867,27.872178047732305
2045,China,CHN,1977,1364091000000,0.15362089112823107,27.941509388666958
2046,China,CHN,1978,1573643875000,0.051046810066858406,28.08441498555936
2047,China,CHN,1979,1653973375000,0.0147729856896881,28.1342016150607
2048,China,CHN,1980,1678407500000,0.0073285986865525565,28.14886654311993
2049,China,CHN,1981,1690707875000,0.07159072350094786,28.156168418112518
2050,China,CHN,1982,1811746875000,0.076933001471301,28.22531262008265
2051,China,CHN,1983,1951130000000,0.1363977541219703,28.299429807845833
2052,China,CHN,1984,2217259750000,0.13344478471681098,28.42729320253235
2053,China,CHN,1985,2513141500000,0.031164779221543926,28.55255468010736
2054,China,CHN,1986,2591463000000,0.052410838973969476,28.583243697028752
2055,China,CHN,1987,2727283750000,0.06323608608748543,28.634327266450832
2056,China,CHN,1988,2899746500000,0.001643850591767304,28.695644435307067
2057,China,CHN,1989,2904513250000,-0.016578337179215863,28.69728693625532
2058,China,CHN,1990,2856361250000,0.052420715341940705,28.68056964050218
2059,China,CHN,1991,3006093750000,0.09293015229481782,28.731662594397758
2060,China,CHN,1992,3285450500000,0.09194758831399219,28.820524896970866
2061,China,CHN,1993,3587539750000,0.07432259112947803,28.908487777092276
2062,China,CHN,1994,3854175000000,0.10474770865360283,28.980178092258807
2063,China,CHN,1995,4257891000000,0.07583179090305503,29.079795083199468
2064,China,CHN,1996,4580774500000,0.03524578649309196,29.15288920456153
2065,China,CHN,1997,4742227500000,0.0035405302676854156,29.18752807795872
2066,China,CHN,1998,4759017500000,0.05852867740032486,29.191062355303877
2067,China,CHN,1999,5037556500000,0.07593959492067226,29.247942259019347
2068,China,CHN,2000,5420106500000,0.08818636681770009,29.32113658063355
2069,China,CHN,2001,5898086000000,0.09501777356247443,29.4056490074293
2070,China,CHN,2002,6458509000000,0.0926146421720555,29.496419602129937
2071,China,CHN,2003,7056661500000,0.11615237602087047,29.584993180238783
2072,China,CHN,2004,7876309500000,0.11319952574235437,29.694880572530593
2073,China,CHN,2005,8767904000000,0.09064401252568466,29.80211889716916
2074,China,CHN,2006,9562662000000,0.10034632615897121,29.888887256114174
2075,China,CHN,2007,10522240000000,0.06537077656468582,29.984512228328867
2076,China,CHN,2008,11210087000000,0.08529496693469008,30.047835113910246
2077,China,CHN,2009,12166251000000,0.1381993516326434,30.129686922881707
2078,China,CHN,2010,13847619000000,0.0809807086691221,30.2591344204257
2079,China,CHN,2011,14969009000000,0.06359044877319531,30.337003113104036
2080,China,CHN,2012,15920895000000,0.040333662146506244,30.398653513357544
2081,China,CHN,2013,16563043000000,0.048674328745025974,30.438195004043237
2082,China,CHN,2014,17369238000000,0.03549482136176607,30.485721826480095
2083,China,CHN,2015,17985756000000,0.03369077174181623,30.520601227221878
2084,China,CHN,2016,18591710000000,0.058921530079804496,30.553736898369685
2085,China,CHN,2017,19687162000000,0.0021316429457938213,30.610987864113056
2086,China,CHN,2018,19729128000000,0.02678942525995076,30.61311723833153
2088,Colombia,COL,1950,40504574218,0.01520372266316361,24.42468074833557
2089,Colombia,COL,1951,41120394531,0.06697805537647938,24.439770052672777
2090,Colombia,COL,1952,43874558593,0.08588859557441153,24.504600458123427
2091,Colombia,COL,1953,47642882812,0.09540364519787525,24.586999092029238
2092,Colombia,COL,1954,52188187500,0.0379955323798129,24.678122013123406
2093,Colombia,COL,1955,54171105468,0.022500031196889703,24.715413493792152
2094,Colombia,COL,1956,55389957031,-0.0026897362443631945,24.737664133237377
2095,Colombia,COL,1957,55240972656,-0.0014425433906863905,24.734970773152906
2096,Colombia,COL,1958,55161285156,0.0597043230172416,24.733527188294808
2097,Colombia,COL,1959,58454652343,0.060158545711051614,24.79151711695786
2098,Colombia,COL,1960,61971199218,0.06400118956949252,24.849935585322665
2099,Colombia,COL,1961,65937429687,0.047389031583923824,24.911972094257933
2100,Colombia,COL,1962,69062140625,0.029678661223802694,24.958272525025034
2101,Colombia,COL,1963,71111812500,0.08373784594507416,24.987519299196517
2102,Colombia,COL,1964,77066562500,0.0027144757105261874,25.06793533343201
2103,Colombia,COL,1965,77275757812,0.05509712224832852,25.070646131606896
2104,Colombia,COL,1966,81533429687,0.03809643265252283,25.124278953300912
2105,Colombia,COL,1967,84639562500,0.06422362326128517,25.16166763609219
2106,Colombia,COL,1968,90075421875,0.06791331291780311,25.2239131771666
2107,Colombia,COL,1969,96192742187,0.0810100424193243,25.28961974673037
2108,Colombia,COL,1970,103985320312,0.10720097886464441,25.36751557527891
2109,Colombia,COL,1971,115132648437,0.09931370601846923,25.469350765249967
2110,Colombia,COL,1972,126566898437,0.10896516374591259,25.564036846725863
2111,Colombia,COL,1973,140358281250,0.08067245319734218,25.667464142288647
2112,Colombia,COL,1974,151681328125,0.060154487126330425,25.745047631513152
2113,Colombia,COL,1975,160805640625,0.06683164973710021,25.803462271589723
2114,Colombia,COL,1976,171552546875,0.048072005634570925,25.868155452395403
2115,Colombia,COL,1977,179799421875,0.0754987132797198,25.915107743600565
2116,Colombia,COL,1978,193374046875,0.03604647695823315,25.98789221693286
2117,Colombia,COL,1979,200344500000,0.047683178225506495,26.02330422169268
2118,Colombia,COL,1980,209897562500,0.005955285926676712,26.06988545103287
2119,Colombia,COL,1981,211147562500,0.004635531845175844,26.075823074333613
2120,Colombia,COL,1982,212126343750,-0.00451868086280538,26.080447895189046
2121,Colombia,COL,1983,211167812500,0.020846497971844125,26.075918974228404
2122,Colombia,COL,1984,215569921875,-0.0011323907012479317,26.096551157320405
2123,Colombia,COL,1985,215325812500,0.0636820568133234,26.095418124980373
2124,Colombia,COL,1986,229038203125,0.008857760833430817,26.157154652460125
2125,Colombia,COL,1987,231066968750,0.032155247741354254,26.165973413461657
2126,Colombia,COL,1988,238496984375,0.023136102284312177,26.197622503064892
2127,Colombia,COL,1989,244014875000,0.03438884873309456,26.22049502349619
2128,Colombia,COL,1990,252406265625,0.0053413392756382905,26.254305791493152
2129,Colombia,COL,1991,253754453125,0.047929762316363256,26.259632916409505
2130,Colombia,COL,1992,265916843750,0.06781525568554736,26.306449479371874
2131,Colombia,COL,1993,283950062500,0.055403557975973294,26.372064223379002
2132,Colombia,COL,1994,299681906250,0.04490845032456803,26.425987436573642
2133,Colombia,COL,1995,313140156250,0.004003299241503777,26.469916710807755
2134,Colombia,COL,1996,314393750000,0.024359183348905633,26.47391201816901
2135,Colombia,COL,1997,322052125000,-0.021863502686094716,26.497979248271836
2136,Colombia,COL,1998,315010937500,-0.052871676082675734,26.475873197391465
2137,Colombia,COL,1999,298355781250,0.030818491136578308,26.421552508135846
2138,Colombia,COL,2000,307550656250,0.005241108146716966,26.451905646397893
2139,Colombia,COL,2001,309162562500,0.012932819930291606,26.457133067739164
2140,Colombia,COL,2002,313160906250,0.035994674862134035,26.469982972870046
2141,Colombia,COL,2003,324433031250,0.049159124422538225,26.505344976599662
2142,Colombia,COL,2004,340381875000,0.06863605399083017,26.55333398604704
2143,Colombia,COL,2005,363744343750,0.09459923732491027,26.619717105483033
2144,Colombia,COL,2006,398154281250,0.10252613288959833,26.710105408449017
2145,Colombia,COL,2007,438975500000,0.09863712496483279,26.807709439808185
2146,Colombia,COL,2008,482274781250,0.018309258732363,26.90177987414087
2147,Colombia,COL,2009,491104875000,0.10096328711866276,26.919923536637516
2148,Colombia,COL,2010,540688437500,0.11700465205527899,27.016109048789097
2149,Colombia,COL,2011,603951500000,0.04391319087708201,27.126759733643922
2150,Colombia,COL,2012,630472937500,0.02067019728344799,27.169736069146296
2151,Colombia,COL,2013,643504937500,0.027723466379774298,27.19019553683583
2152,Colombia,COL,2014,661345125000,-0.008633918636657412,27.217541666105294
2153,Colombia,COL,2015,655635125000,-0.0031796458434102393,27.20887025925704
2154,Colombia,COL,2016,653550437500,0.004820018194846565,27.205685547598602
2155,Colombia,COL,2017,656700562500,0.04223319437159767,27.210493986698477
2156,Colombia,COL,2018,684435125000,0.03393236137610556,27.25185969997363
2158,Comoros,COM,1960,363880218,0.07673571032102666,19.71233530001656
2159,Comoros,COM,1961,391802825,0.20321826673914356,19.786269273760105
2160,Comoros,COM,1962,471424316,0.08706434650689499,19.971269129656125
2161,Comoros,COM,1963,512468566,0.13260328829612544,20.054749932461647
2162,Comoros,COM,1964,580423583,0.04651354595287005,20.179268710471373
2163,Comoros,COM,1965,607421142,0.11099701893484637,20.22473291734586
2164,Comoros,COM,1966,674843078,0.10914972443415949,20.329990744772793
2165,Comoros,COM,1967,748502014,-0.04607346854780803,20.4335844525351
2166,Comoros,COM,1968,714015930,-0.020136195000579282,20.38641583097934
2167,Comoros,COM,1969,699638366,0.14957582672074343,20.366074139513586
2168,Comoros,COM,1970,804287353,0.04336971589804417,20.505467167518418
2169,Comoros,COM,1971,839169067,0.022246505184872367,20.54792275426215
2170,Comoros,COM,1972,857837646,0.07222287957271578,20.569925415770935
2171,Comoros,COM,1973,919793151,0.031179323273738957,20.63965936685842
2172,Comoros,COM,1974,948471679,0.06500743919418595,20.67036248816926
2173,Comoros,COM,1975,1010129394,0.0006724485041567085,20.733344272465114
2174,Comoros,COM,1976,1010808654,0.0478843516114178,20.73401649497708
2175,Comoros,COM,1977,1059210571,0.02055190874789714,20.78078972327093
2176,Comoros,COM,1978,1080979370,0.09009683690818271,20.801133291240063
2177,Comoros,COM,1979,1178372192,0.11449085689218297,20.887399824735137
2178,Comoros,COM,1980,1313285034,-0.02326761229200147,20.995797494769754
2179,Comoros,COM,1981,1282728027,0.07448809957280211,20.97225491803527
2180,Comoros,COM,1982,1378276000,0.02380877560082295,21.04409927975822
2181,Comoros,COM,1983,1411091064,0.15994660072484157,21.06762904635965
2182,Comoros,COM,1984,1636790283,0.006439754139229592,21.216003016560435
2183,Comoros,COM,1985,1647330810,0.10670596818376743,21.22242212407503
2184,Comoros,COM,1986,1823110839,0.0012405153606791508,21.3238101311238
2185,Comoros,COM,1987,1825372436,-0.023672796382688488,21.325049877681042
2186,Comoros,COM,1988,1782160766,-0.04966765551610175,21.301092378536303
2187,Comoros,COM,1989,1693645019,-0.014235559830734545,21.250148859269146
2188,Comoros,COM,1990,1669535034,-0.043001774468902854,21.235811001853772
2189,Comoros,COM,1991,1597742065,0.05899323993826244,21.191857260123392
2190,Comoros,COM,1992,1691998046,-0.030428441168542597,21.24917594328344
2191,Comoros,COM,1993,1640513183,-0.0857747450359867,21.218274946297786
2192,Comoros,COM,1994,1499798583,0.18349811042593833,21.12859665803848
2193,Comoros,COM,1995,1775008789,-0.028352082711856408,21.297071211410827
2194,Comoros,COM,1996,1724683593,0.03485099194075758,21.268309446257604
2195,Comoros,COM,1997,1784790527,-0.08351204903050224,21.30256689347102
2196,Comoros,COM,1998,1635739013,0.007655835619541973,21.215360534894987
2197,Comoros,COM,1999,1648261962,-0.028951172265176628,21.222987213325553
2198,Comoros,COM,2000,1600542846,0.1107159920416152,21.193608687400125
2199,Comoros,COM,2001,1777748535,0.023175147771954174,21.298613532652187
2200,Comoros,COM,2002,1818948120,-0.007096588329303155,21.321524214910184
2201,Comoros,COM,2003,1806039794,-0.010084907907627172,21.314402326028464
2202,Comoros,COM,2004,1787826049,0.13545640311900398,21.304266220933627
2203,Comoros,COM,2005,2029998535,-0.010055474251857044,21.43130090832497
2204,Comoros,COM,2006,2009585937,-0.19324929919630507,21.421194536303638
2205,Comoros,COM,2007,1621234863,0.08015341451487146,21.206453956928364
2206,Comoros,COM,2008,1751182373,0.01167054632064879,21.28355703845301
2207,Comoros,COM,2009,1771619628,-0.025526578778681253,21.295160009202338
2208,Comoros,COM,2010,1726396240,0.11792121083396245,21.269301974523234
2209,Comoros,COM,2011,1929974975,0.11078834118043424,21.3807728734579
2210,Comoros,COM,2012,2143793701,0.03249694593631047,21.48584285397687
2211,Comoros,COM,2013,2213460449,0.03114224563223722,21.51782294189461
2212,Comoros,COM,2014,2282392578,0.017998583765110654,21.548490106018107
2213,Comoros,COM,2015,2323472412,0.058231618891285475,21.566328632952064
2214,Comoros,COM,2016,2458771972,0.03828358874752946,21.62292786387571
2215,Comoros,COM,2017,2552902587,0.03741997108955886,21.660496818191067
2216,Comoros,COM,2018,2648432128,0.030950560572568397,21.697233652039404
2218,Congo,COG,1960,2150340087,-0.06688758437306663,21.488891846576845
2219,Congo,COG,1961,2006509033,0.28881882337381937,21.419662249530038
2220,Congo,COG,1962,2586026611,0.10716313119950338,21.67338840765303
2221,Congo,COG,1963,2863153320,0.06436576788001003,21.775189413846473
2222,Congo,COG,1964,3047442382,-0.00882015232142297,21.837568512496176
2223,Congo,COG,1965,3020563476,-0.07415196362521337,21.82870923238599
2224,Congo,COG,1966,2796582763,0.016162216115325423,21.751664066996284
2225,Congo,COG,1967,2841781738,0.1262910505057233,21.76769706493886
2226,Congo,COG,1968,3200673339,0.10099117022076087,21.886627043054737
2227,Congo,COG,1969,3523913085,0.12519270548354067,21.982837880981798
2228,Congo,COG,1970,3965081298,0.10227730821170167,22.100792195732225
2229,Congo,COG,1971,4370619140,-0.00655757069695162,22.198170515652166
2230,Congo,COG,1972,4341958496,0.15921843210543662,22.19159134962813
2231,Congo,COG,1973,5033278320,0.20859195543154474,22.339337362238126
2232,Congo,COG,1974,6083179687,-0.04846852931701018,22.528793371056334
2233,Congo,COG,1975,5788336914,0.04758659855023084,22.47911085307478
2234,Congo,COG,1976,6063784179,0.04277057945073026,22.525599894118823
2235,Congo,COG,1977,6323135742,-0.044789248176162255,22.567481083766516
2236,Congo,COG,1978,6039927246,0.13187406612016672,22.52165780345635
2237,Congo,COG,1979,6836437011,0.0019005753990117835,22.64553252803826
2238,Congo,COG,1980,6849430175,-0.18403133294223262,22.647431299629
2239,Congo,COG,1981,5588920410,0.07041860254367083,22.44405197666022
2240,Congo,COG,1982,5982484375,0.6256251973913429,22.51210176595902
2241,Congo,COG,1983,9725277343,0.1765653976167536,22.997994244604687
2242,Congo,COG,1984,11442424804,-0.05877924998597173,23.160593758829666
2243,Congo,COG,1985,10769847656,-0.36794094917325537,23.100016182796466
2244,Congo,COG,1986,6807179687,-0.055259612100202804,22.641243728448867
2245,Congo,COG,1987,6431017578,-0.07107521204166112,22.58439861741837
2246,Congo,COG,1988,5973931640,0.003606734776764098,22.510671113755542
2247,Congo,COG,1989,5995478027,0.1878165990983458,22.51427135986169
2248,Congo,COG,1990,7121528320,0.12073892911233974,22.68638819102131
2249,Congo,COG,1991,7981374023,-0.2701913892001049,22.80037641691961
2250,Congo,COG,1992,5824875488,0.05827101157771564,22.485403460719073
2251,Congo,COG,1993,6164296875,-0.04683733519891509,22.542039915963507
2252,Congo,COG,1994,5875577636,-0.03306681198621131,22.494070213164715
2253,Congo,COG,1995,5681291015,0.13686593292739468,22.46044433522594
2254,Congo,COG,1996,6458866210,-0.04486436776649072,22.58871963004944
2255,Congo,COG,1997,6169093261,-0.20358748714983965,22.54281770474484
2256,Congo,COG,1998,4913143066,0.2905029826786647,22.315179709594965
2257,Congo,COG,1999,6340425781,0.4347176384052369,22.57021176102699
2258,Congo,COG,2000,9096720703,-0.03966788349135486,22.931179823215423
2259,Congo,COG,2001,8735873046,-0.003771155536089754,22.890703723563146
2260,Congo,COG,2002,8702928710,0.04714166020096,22.886925439291996
2261,Congo,COG,2003,9113199218,0.20528110197623461,22.93298966307957
2262,Congo,COG,2004,10983966796,0.41605635776905525,23.11970248246505
2263,Congo,COG,2005,15553916015,0.10988817249313154,23.467578277628913
2264,Congo,COG,2006,17263107421,-0.1849827423952285,23.571837542376304
2265,Congo,COG,2007,14069730468,0.40277984854713145,23.36729155138602
2266,Congo,COG,2008,19736734375,-0.20953581562299362,23.70574742540215
2267,Congo,COG,2009,15601181640,0.5841242995104312,23.470612494487153
2268,Congo,COG,2010,24714210937,0.25125900174718585,23.93064425671378
2269,Congo,COG,2011,30923878906,0.0993804974577015,24.15479450253874
2270,Congo,COG,2012,33997109375,-0.050296900249331866,24.24954133956595
2271,Congo,COG,2013,32287160156,-0.04788529156884325,24.19793546975355
2272,Congo,COG,2014,30741080078,-0.2571250184425612,24.14886571035373
2273,Congo,COG,2015,22836779296,-0.13439839840014545,23.851638200232486
2274,Congo,COG,2016,19767552734,0.053462275943864546,23.70730767961795
2275,Congo,COG,2017,20824371093,0.24040116758593522,23.759389824927453
2276,Congo,COG,2018,25830574218,-0.029922827943228203,23.974824674469083
2278,Costa Rica,CRI,1950,3368575683,0.03749063428716792,21.937755845976625
2279,Costa Rica,CRI,1951,3494865722,0.1314552528035582,21.974560791865503
2280,Costa Rica,CRI,1952,3954284179,0.1962701401486704,22.09806543038182
2281,Costa Rica,CRI,1953,4730392089,0.04226224575863058,22.277273930095067
2282,Costa Rica,CRI,1954,4930309082,0.09007550837357425,22.318667517153465
2283,Costa Rica,CRI,1955,5374409179,-0.026818445749011377,22.404914484732426
2284,Costa Rica,CRI,1956,5230275878,0.0721387691205837,22.377729862771634
2285,Costa Rica,CRI,1957,5607581542,0.12455087719525126,22.447385365848987
2286,Costa Rica,CRI,1958,6306010742,0.007614882524727529,22.564769101524856
2287,Costa Rica,CRI,1959,6354030273,0.0841279071759311,22.572355137182765
2288,Costa Rica,CRI,1960,6888581542,-0.016980517438433207,22.653131028789044
2289,Costa Rica,CRI,1961,6771609863,0.06703884987238218,22.636004689250615
2290,Costa Rica,CRI,1962,7225570800,0.06189275039696507,22.700892071284507
2291,Costa Rica,CRI,1963,7672781250,0.05459920208203517,22.760945000677815
2292,Costa Rica,CRI,1964,8091708984,0.106174336929169,22.81410579218455
2293,Costa Rica,CRI,1965,8950840820,0.05864857967611581,22.915013311189206
2294,Costa Rica,CRI,1966,9475794921,0.04764452278293452,22.972006481071233
2295,Costa Rica,CRI,1967,9927264648,0.06397233623946397,23.01855081361236
2296,Costa Rica,CRI,1968,10562334960,0.05730895765873334,23.080560204418873
2297,Costa Rica,CRI,1969,11167651367,0.08952562917162199,23.13628716534091
2298,Costa Rica,CRI,1970,12167442382,0.05009670963404278,23.222029564258985
2299,Costa Rica,CRI,1971,12776991210,0.06739875662793082,23.270911828600443
2300,Costa Rica,CRI,1972,13638144531,0.06982168863480864,23.336136448656998
2301,Costa Rica,CRI,1973,14590382812,0.032205905085199715,23.403628437108107
2302,Costa Rica,CRI,1974,15060279296,0.035832824437946,23.43532660469732
2303,Costa Rica,CRI,1975,15599931640,0.07945910723234428,23.47053236914102
2304,Costa Rica,CRI,1976,16839488281,0.11447191297225867,23.54699245818488
2305,Costa Rica,CRI,1977,18767136718,0.05204774306690796,23.65537313025059
2306,Costa Rica,CRI,1978,19743923828,0.04781277147459617,23.706111626679775
2307,Costa Rica,CRI,1979,20687935546,0.00639922329154774,23.75281654344515
2308,Costa Rica,CRI,1980,20820322265,-0.009394179470929576,23.759195378639763
2309,Costa Rica,CRI,1981,20624732421,-0.06524440703191225,23.749756795555726
2310,Costa Rica,CRI,1982,19279083984,0.011640691808088466,23.682286613796798
2311,Costa Rica,CRI,1983,19503505859,0.0753932961914876,23.69386007399728
2312,Costa Rica,CRI,1984,20973939453,0.016692403865498973,23.76654652558989
2313,Costa Rica,CRI,1985,21324044921,0.10693135347667737,23.783101142498218
2314,Costa Rica,CRI,1986,23604253906,0.0013512196202860594,23.884692782989088
2315,Costa Rica,CRI,1987,23636148437,0.027288462107909472,23.88604309053366
2316,Costa Rica,CRI,1988,24281142578,0.06430787781027947,23.912965860432475
2317,Costa Rica,CRI,1989,25842611328,0.03261154870548544,23.97529056833998
2318,Costa Rica,CRI,1990,26685378906,0.018353112643638703,24.007381645844553
2319,Costa Rica,CRI,1991,27175138671,0.10531081267504305,24.025568372829348
2320,Costa Rica,CRI,1992,30036974609,0.0698192221520082,24.125694946686654
2321,Costa Rica,CRI,1993,32134132812,0.04683128752234533,24.193184629626792
2322,Costa Rica,CRI,1994,33639015625,0.03970974923556492,24.238952409583778
2323,Costa Rica,CRI,1995,34974812500,-0.01662491042661063,24.277893996511462
2324,Costa Rica,CRI,1996,34393359375,0.04505048440037718,24.26112934126645
2325,Costa Rica,CRI,1997,35942796875,0.0998572384192069,24.305194535947297
2326,Costa Rica,CRI,1998,39531945312,0.009530464793131133,24.40037492407378
2327,Costa Rica,CRI,1999,39908703125,0.04401736071196871,24.409860260490355
2328,Costa Rica,CRI,2000,41665378906,0.044427998103082844,24.452936378846996
2329,Costa Rica,CRI,2001,43516488281,0.0075699575497185645,24.496405744165706
2330,Costa Rica,CRI,2002,43845906250,0.032715693223925646,24.5039471933677
2331,Costa Rica,CRI,2003,45280355468,0.04648513158178558,24.53613912125222
2332,Costa Rica,CRI,2004,47385218750,0.07368685974463296,24.581576176297716
2333,Costa Rica,CRI,2005,50876886718,0.02088343928922254,24.652674565387617
2334,Costa Rica,CRI,2006,51939371093,0.059184390093901085,24.673342934771163
2335,Costa Rica,CRI,2007,55013371093,0.05902293783289281,24.730842103414062
2336,Costa Rica,CRI,2008,58260421875,0.05858863233643552,24.78818882969762
2337,Costa Rica,CRI,2009,61673820312,0.01876302609674463,24.84512537168802
2338,Costa Rica,CRI,2010,62831007812,0.06263987639313862,24.86371454353184
2339,Costa Rica,CRI,2011,66766734375,0.05983518645021335,24.924470805053403
2340,Costa Rica,CRI,2012,70761734375,-0.014099141249320213,24.982584216607485
2341,Costa Rica,CRI,2013,69764054687,0.060237974009029305,24.968384738238196
2342,Costa Rica,CRI,2014,73966500000,0.07052348022415544,25.026878124947075
2343,Costa Rica,CRI,2015,79182875000,0.06616684794534167,25.095025887639377
2344,Costa Rica,CRI,2016,84422156250,0.06289447860436526,25.159095718907764
2345,Costa Rica,CRI,2017,89731843750,0.014972823535680524,25.22009154579965
2346,Costa Rica,CRI,2018,91075382812,0.026532365150614634,25.234953383093252
2348,Cote d'Ivoire,CIV,1960,5840771484,0.052018826422554065,22.488128728486316
2349,Cote d'Ivoire,CIV,1961,6144601562,0.05224256817321038,22.538839738480636
2350,Cote d'Ivoire,CIV,1962,6465611328,0.1350619094931158,22.589763404328522
2351,Cote d'Ivoire,CIV,1963,7338869140,0.16206595829831083,22.716450599583233
2352,Cote d'Ivoire,CIV,1964,8528250000,-0.04481629759915573,22.866650019137214
2353,Cote d'Ivoire,CIV,1965,8146045410,0.12129213861085009,22.820798420672194
2354,Cote d'Ivoire,CIV,1966,9134096679,0.05326314786206776,22.93528013617258
2355,Cote d'Ivoire,CIV,1967,9620607421,0.14003783389593516,22.987173241106778
2356,Cote d'Ivoire,CIV,1968,10967856445,0.09864826061734622,23.118234690590498
2357,Cote d'Ivoire,CIV,1969,12049816406,0.11189048194366324,23.212315260750408
2358,Cote d'Ivoire,CIV,1970,13398076171,0.06692964755200892,23.318376964267856
2359,Cote d'Ivoire,CIV,1971,14294804687,0.04560803888372855,23.383161999598315
2360,Cote d'Ivoire,CIV,1972,14946762695,0.05836097319533984,23.427760571194003
2361,Cote d'Ivoire,CIV,1973,15819070312,0.08126008410398677,23.48448203093457
2362,Cote d'Ivoire,CIV,1974,17104529296,0.045207666730754825,23.562609136493975
2363,Cote d'Ivoire,CIV,1975,17877785156,0.12207079623996786,23.606824726311988
2364,Cote d'Ivoire,CIV,1976,20060140625,0.07137959756949619,23.72200062967497
2365,Cote d'Ivoire,CIV,1977,21492025390,0.09897920895765333,23.790947791182102
2366,Cote d'Ivoire,CIV,1978,23619289062,0.018349756500388947,23.885329548278733
2367,Cote d'Ivoire,CIV,1979,24052697265,-0.10932278334647716,23.903512979600425
2368,Cote d'Ivoire,CIV,1980,21423189453,0.052251261393911896,23.787739791581686
2369,Cote d'Ivoire,CIV,1981,22542578125,0.031704413489750394,23.838671719008275
2370,Cote d'Ivoire,CIV,1982,23257277343,0.011150407727242184,23.869883924004245
2371,Cote d'Ivoire,CIV,1983,23516605468,0.029207087899426165,23.880972624220796
2372,Cote d'Ivoire,CIV,1984,24203457031,0.1131911521354605,23.909761312427264
2373,Cote d'Ivoire,CIV,1985,26943074218,0.04921842594020198,24.016992114929685
2374,Cote d'Ivoire,CIV,1986,28269169921,-0.014688041819422182,24.065037645681027
2375,Cote d'Ivoire,CIV,1987,27853951171,0.02369845843225482,24.0502406665421
2376,Cote d'Ivoire,CIV,1988,28514046875,0.09802850732670687,24.073662675606126
2377,Cote d'Ivoire,CIV,1989,31309236328,-0.07509571387716407,24.167178981313363
2378,Cote d'Ivoire,CIV,1990,28958046875,0.02575971971521307,24.089113960028
2379,Cote d'Ivoire,CIV,1991,29703998046,0.04550451470898942,24.114547488038802
2380,Cote d'Ivoire,CIV,1992,31055664062,-0.012323826282893968,24.159047046145574
2381,Cote d'Ivoire,CIV,1993,30672939453,-0.01754593973051255,24.146646651790814
2382,Cote d'Ivoire,CIV,1994,30134753906,0.15036210397251093,24.12894495746347
2383,Cote d'Ivoire,CIV,1995,34665878906,0.08457501380392096,24.2690217232961
2384,Cote d'Ivoire,CIV,1996,37597746093,0.00176924254542965,24.35020994121042
2385,Cote d'Ivoire,CIV,1997,37664265625,0.02267660451696374,24.35197762048985
2386,Cote d'Ivoire,CIV,1998,38518363281,-0.014459114005883067,24.37440093286457
2387,Cote d'Ivoire,CIV,1999,37961421875,-0.01987482359023207,24.359836267178416
2388,Cote d'Ivoire,CIV,2000,37206945312,0.007181643877489208,24.339761282734358
2389,Cote d'Ivoire,CIV,2001,37474152343,-0.012720955677308243,24.346917261413076
2390,Cote d'Ivoire,CIV,2002,36997445312,0.11679617658894004,24.334114701585257
2391,Cote d'Ivoire,CIV,2003,41318605468,-0.04826745064144433,24.444578731063945
2392,Cote d'Ivoire,CIV,2004,39324261718,-0.00038015254061740666,24.395107511855652
2393,Cote d'Ivoire,CIV,2005,39309312500,0.04765917027930722,24.39472728703874
2394,Cote d'Ivoire,CIV,2006,41182761718,0.05874357512897488,24.441285600843223
2395,Cote d'Ivoire,CIV,2007,43601984375,0.06105316306489783,24.49836849945378
2396,Cote d'Ivoire,CIV,2008,46264023437,0.08727151142611067,24.557630464394798
2397,Cote d'Ivoire,CIV,2009,50301554687,0.14144024190247784,24.64130182186471
2398,Cote d'Ivoire,CIV,2010,57416218750,0.05825036370929593,24.773592656980536
2399,Cote d'Ivoire,CIV,2011,60760734375,0.186595372679776,24.830209601088765
2400,Cote d'Ivoire,CIV,2012,72098406250,0.12055300718939255,25.00129777627733
2401,Cote d'Ivoire,CIV,2013,80790085937,0.14685144207238054,25.11512009614584
2402,Cote d'Ivoire,CIV,2014,92654226562,0.1385435820287193,25.25214040722336
2403,Cote d'Ivoire,CIV,2015,105490875000,0.026666998448918067,25.38189029323081
2404,Cote d'Ivoire,CIV,2016,108304000000,0.026398277644408275,25.408207924712663
2405,Cote d'Ivoire,CIV,2017,111163039062,0.08626539467539707,25.434263780975602
2406,Cote d'Ivoire,CIV,2018,120752562500,0.07237288183428814,25.51700935078601
2408,Croatia,HRV,1990,65532152343,-0.2083129994960129,24.905806734613318
2409,Croatia,HRV,1991,51880953125,-0.12666656327933457,24.672217567949104
2410,Croatia,HRV,1992,45309371093,-0.07270450312008259,24.536779715436435
2411,Croatia,HRV,1993,42015175781,0.07374186318175768,24.461296718085542
2412,Croatia,HRV,1994,45113453125,0.054184744630984216,24.532446334428347
2413,Croatia,HRV,1995,47557914062,0.03283660891779516,24.58521404872389
2414,Croatia,HRV,1996,49119554687,0.08231820544313972,24.6175230549258
2415,Croatia,HRV,1997,53162988281,0.025129677491764868,24.69662828217244
2416,Croatia,HRV,1998,54498957031,0.019256962558072965,24.721447401386623
2417,Croatia,HRV,1999,55548441406,0.07037410548440248,24.74052129514068
2418,Croatia,HRV,2000,59457613281,0.046176080395701646,24.808529513801552
2419,Croatia,HRV,2001,62203132812,0.07505789060674628,24.853671202175594
2420,Croatia,HRV,2002,66871968750,0.06462115338872843,24.926045714032472
2421,Croatia,HRV,2003,71193312500,0.02837531702152507,24.98866472539126
2422,Croatia,HRV,2004,73213445312,0.08550075278282243,25.016644920172414
2423,Croatia,HRV,2005,79473250000,0.09459570515865412,25.098686323997857
2424,Croatia,HRV,2006,86991078125,0.08059599861408207,25.189071400055
2425,Croatia,HRV,2007,94002210937,0.06092891930848854,25.266584139546193
2426,Croatia,HRV,2008,99729664062,-0.050738022478991285,25.325729002879633
2427,Croatia,HRV,2009,94669578125,-0.010673389836657221,25.273658540808135
2428,Croatia,HRV,2010,93659132812,0.033011496393055006,25.26292778176507
2429,Croatia,HRV,2011,96750960937,0.0008401079349789065,25.295406100972354
2430,Croatia,HRV,2012,96832242187,-0.04887003755279473,25.29624585621418
2431,Croatia,HRV,2013,92100046875,-0.007624012134901492,25.246141289165198
2432,Croatia,HRV,2014,91397875000,0.04423183046651791,25.23848806568329
2433,Croatia,HRV,2015,95440570312,0.02866697232692461,25.28176959032593
2434,Croatia,HRV,2016,98176562500,0.08046154091003133,25.310033352740927
2435,Croatia,HRV,2017,106076000000,-0.016321950186658607,25.387421655282374
2436,Croatia,HRV,2018,104344632812,0.029205203639851574,25.370965034666707
2438,Curacao,CUW,2005,3869423095,0.04168745392780582,22.076371261816476
2439,Curacao,CUW,2006,4030729492,-0.01753024313346796,22.11721321190831
2440,Curacao,CUW,2007,3960069824,0.03298300176638502,22.099527494380585
2441,Curacao,CUW,2008,4090684814,-0.09919933494049926,22.131978229171068
2442,Curacao,CUW,2009,3684891601,0.0275849919092368,22.02750694587282
2443,Curacao,CUW,2010,3786539306,0.02784805477468888,22.054718327026798
2444,Curacao,CUW,2011,3891987060,-0.009411238381661025,22.082185676495886
2445,Curacao,CUW,2012,3855358642,-0.008961122221842865,22.072729872578638
2446,Curacao,CUW,2013,3820810302,-0.011111026626414278,22.06372835801284
2447,Curacao,CUW,2014,3778357177,0.0013575728179495705,22.05255514284867
2448,Curacao,CUW,2015,3783486572,-0.0176887238071054,22.0539117949978
2449,Curacao,CUW,2016,3716561523,-0.03767816088430187,22.036064756008482
2450,Curacao,CUW,2017,3576528320,-0.02502044440682638,21.997658423837297
2451,Curacao,CUW,2018,3487041992,-0.008239629481353261,21.972319647010778
2453,Cyprus,CYP,1950,1604561279,0.055009043378517086,21.196116209745004
2454,Cyprus,CYP,1951,1692826660,0.1094691986951577,21.249665548559058
2455,Cyprus,CYP,1952,1878139038,0.12448813707049955,21.353547250135787
2456,Cyprus,CYP,1953,2111945068,0.12171443419379702,21.470875192982476
2457,Cyprus,CYP,1954,2368999267,0.03138408611419807,21.585733452709757
2458,Cyprus,CYP,1955,2443348144,0.11334874224947944,21.61663512582288
2459,Cyprus,CYP,1956,2720298583,0.012555258901886468,21.72400748439145
2460,Cyprus,CYP,1957,2754452636,-0.1222787535345371,21.736484579593974
2461,Cyprus,CYP,1958,2417641601,0.06044022527555781,21.606058356895918
2462,Cyprus,CYP,1959,2563764404,-0.05063888545977335,21.664742485667603
2463,Cyprus,CYP,1960,2433938232,0.12728134096707833,21.612776454032797
2464,Cyprus,CYP,1961,2743733154,0.17438238820800422,21.732585294996696
2465,Cyprus,CYP,1962,3222191894,0.013235316332156355,21.893327677345475
2466,Cyprus,CYP,1963,3264838623,-0.14299009963654186,21.906476172113315
2467,Cyprus,CYP,1964,2797999023,0.28427227760329354,21.752170364011654
2468,Cyprus,CYP,1965,3593392578,0.04664288617562784,22.00236260100728
2469,Cyprus,CYP,1966,3760998779,0.1129071887422699,22.04795039178686
2470,Cyprus,CYP,1967,4185642578,0.035452292505803173,22.154926072231536
2471,Cyprus,CYP,1968,4334033203,0.13951589101381412,22.18976440108338
2472,Cyprus,CYP,1969,4938699707,0.0352722838671673,22.320367916292035
2473,Cyprus,CYP,1970,5112898925,0.09690105755415446,22.355032384611054
2474,Cyprus,CYP,1971,5608344238,0.0492637531284148,22.447521368175703
2475,Cyprus,CYP,1972,5884632324,-0.009422052211124687,22.495610098901455
2476,Cyprus,CYP,1973,5829187011,-0.23202583301028357,22.486143378356733
2477,Cyprus,CYP,1974,4476665039,-0.2049593650645256,22.222144195224402
2478,Cyprus,CYP,1975,3559130615,0.25922372168968577,21.99278214271675
2479,Cyprus,CYP,1976,4481741699,0.25996994968718745,22.223277579919227
2480,Cyprus,CYP,1977,5646859863,0.11182938452885782,22.454365451143598
2481,Cyprus,CYP,1978,6278344726,0.14986393740113346,22.56037220402114
2482,Cyprus,CYP,1979,7219242187,0.07178636629385049,22.700015824093125
2483,Cyprus,CYP,1980,7737485351,0.0074651797554012855,22.76934258170816
2484,Cyprus,CYP,1981,7795247070,0.07628947570997258,22.776780034912793
2485,Cyprus,CYP,1982,8389942382,0.050581861910097725,22.85029948994068
2486,Cyprus,CYP,1983,8814321289,0.11679157614605074,22.899643654823468
2487,Cyprus,CYP,1984,9843759765,-0.018082620893786094,23.010103564971825
2488,Cyprus,CYP,1985,9665758789,0.018327926846426923,22.99185545547486
2489,Cyprus,CYP,1986,9842912109,0.07935010740224424,23.010017450263767
2490,Cyprus,CYP,1987,10623948242,0.05934015712799812,23.086376557868924
2491,Cyprus,CYP,1988,11254375000,0.11538585687788072,23.144022778888043
2492,Cyprus,CYP,1989,12552970703,0.040141067793584284,23.253223183915345
2493,Cyprus,CYP,1990,13056860351,-0.020021802176966585,23.29257952997928
2494,Cyprus,CYP,1991,12795438476,0.06525121984416793,23.272354575294937
2495,Cyprus,CYP,1992,13630356445,-0.005719296873457513,23.335565233816943
2496,Cyprus,CYP,1993,13552400390,0.05524174179154406,23.32982951913632
2497,Cyprus,CYP,1994,14301058593,0.06149109104625561,23.383599398954892
2498,Cyprus,CYP,1995,15180446289,-0.008291402347716526,23.4432740082841
2499,Cyprus,CYP,1996,15054579101,0.035832704812329697,23.43494804106651
2500,Cyprus,CYP,1997,15594025390,-0.0072199375840570346,23.470153690022823
2501,Cyprus,CYP,1998,15481437500,0.07764742453664275,23.462907562553713
2502,Cyprus,CYP,1999,16683531250,0.14609853372618575,23.537687917106027
2503,Cyprus,CYP,2000,19120970703,0.028444616146745316,23.67405151226632
2504,Cyprus,CYP,2001,19664859375,-0.029082055513046323,23.702099091774866
2505,Cyprus,CYP,2002,19092964843,-0.053147234562265,23.672585771320573
2506,Cyprus,CYP,2003,18078226562,0.021424253019050044,23.617974098714505
2507,Cyprus,CYP,2004,18465539062,0.15701979066328753,23.639172078542654
2508,Cyprus,CYP,2005,21364994140,0.035126549114981476,23.785019631761998
2509,Cyprus,CYP,2006,22115472656,0.07107465589588258,23.819543320681312
2510,Cyprus,CYP,2007,23687322265,0.07621759035497289,23.88820581643637
2511,Cyprus,CYP,2008,25492712890,0.007999681904392153,23.961658479251437
2512,Cyprus,CYP,2009,25696646484,0.028251877786933388,23.969626333329526
2513,Cyprus,CYP,2010,26422625000,-0.0029539374683628106,23.997486487653124
2514,Cyprus,CYP,2011,26344574218,0.027082189451842487,23.99452817870063
2515,Cyprus,CYP,2012,27058042968,-0.10332518675893909,24.021250135122475
2516,Cyprus,CYP,2013,24262265625,-0.06576304833444424,23.912188125425793
2517,Cyprus,CYP,2014,22666705078,0.055716874757671286,23.84416294807062
2518,Cyprus,CYP,2015,23929623046,0.09462301034359544,23.89838298638157
2519,Cyprus,CYP,2016,26193916015,0.019930454106252826,23.988793007579872
2520,Cyprus,CYP,2017,26715972656,0.007144602311798476,24.008527450302765
2521,Cyprus,CYP,2018,26906847656,0.04263305418255503,24.01564665086198
2523,Czechia,CZE,1990,250625656250,-0.15636873020656683,26.247226253457683
2524,Czechia,CZE,1991,211435640625,-0.008142253098442076,26.077186489478823
2525,Czechia,CZE,1992,209714078125,0.014387595134178532,26.069010907197903
2526,Czechia,CZE,1993,212731359375,0.05434663892040481,26.083295983052444
2527,Czechia,CZE,1994,224292593750,0.03815739847629285,26.13621725853375
2528,Czechia,CZE,1995,232851015625,0.04541215161384371,26.173664668078835
2529,Czechia,CZE,1996,243425281250,-0.035571361797491985,26.218075879197233
2530,Czechia,CZE,1997,234766312500,-0.038225578574012875,26.181856441438438
2531,Czechia,CZE,1998,225792234375,-0.004663994547531747,26.14288109646295
2532,Czechia,CZE,1999,224739140625,0.0301863862304248,26.138206191555724
2533,Czechia,CZE,2000,231523203125,0.046894125420069654,26.1679459349317
2534,Czechia,CZE,2001,242380281250,-0.017712932763584655,26.213773739854098
2535,Czechia,CZE,2002,238087015625,0.04588422208293208,26.1959020556679
2536,Czechia,CZE,2003,249011453125,0.028447674940654366,26.240764728839256
2537,Czechia,CZE,2004,256095250000,0.09003608032558197,26.268815282537478
2538,Czechia,CZE,2005,279153062500,0.022714465115352356,26.35502607944683
2539,Czechia,CZE,2006,285493875000,0.08861190542178887,26.37748641222215
2540,Czechia,CZE,2007,310792031250,0.052488576313843405,26.46238981563244
2541,Czechia,CZE,2008,327105062500,-0.03936216211878407,26.513547248289356
2542,Czechia,CZE,2009,314229500000,0.014852400872610527,26.473389447603132
2543,Czechia,CZE,2010,318896562500,0.03121927270696112,26.488132631663184
2544,Czechia,CZE,2011,328852281250,-0.004299612867593616,26.51887449372308
2545,Czechia,CZE,2012,327438343750,-0.01238925992460227,26.51456561093917
2546,Czechia,CZE,2013,323381625000,0.045824631346941924,26.502098964293385
2547,Czechia,CZE,2014,338200468750,0.026487710922192598,26.546904659424122
2548,Czechia,CZE,2015,347158625000,0.023474139523395054,26.573047645004852
2549,Czechia,CZE,2016,355307875000,0.06555503097137949,26.596250504095906
2550,Czechia,CZE,2017,378600093750,0.03458811214306512,26.659746323344425
2551,Czechia,CZE,2018,391695156250,0.023939694812092682,26.693749711572885
2553,Democratic Republic of Congo,COD,1950,26857605468,0.1680018331632751,24.013814875445043
2554,Democratic Republic of Congo,COD,1951,31369732421,0.06990796451715764,24.16910932933895
2555,Democratic Republic of Congo,COD,1952,33562726562,0.13341402024440208,24.236681959643363
2556,Democratic Republic of Congo,COD,1953,38040464843,0.03618833522885612,24.36191629439647
2557,Democratic Republic of Congo,COD,1954,39417085937,0.06893524720074229,24.397465212473264
2558,Democratic Republic of Congo,COD,1955,42134312500,0.03313705500712749,24.46412826943621
2559,Democratic Republic of Congo,COD,1956,43530519531,-0.010471819654607417,24.49672812744973
2560,Democratic Republic of Congo,COD,1957,43074675781,-0.003264588565099036,24.486201092483558
2561,Democratic Republic of Congo,COD,1958,42934054687,0.00031088738525419934,24.482931163523247
2562,Democratic Republic of Congo,COD,1959,42947402343,0.06025293477200888,24.48324200259303
2563,Democratic Republic of Congo,COD,1960,45535109375,-0.15548476158678382,24.54174949996177
2564,Democratic Republic of Congo,COD,1961,38455093750,0.23410503972571894,24.372757001366903
2565,Democratic Republic of Congo,COD,1962,47457625000,-0.036280063003574226,24.583103044561128
2566,Democratic Republic of Congo,COD,1963,45735859375,-0.09181688671396038,24.546148496191968
2567,Democratic Republic of Congo,COD,1964,41536535156,0.14136923696082015,24.449839242093727
2568,Democratic Republic of Congo,COD,1965,47408523437,0.06767135920744916,24.582067868827874
2569,Democratic Republic of Congo,COD,1966,50616722656,-0.08305733013517536,24.647547845913667
2570,Democratic Republic of Congo,COD,1967,46412632812,0.0798667085751188,24.56083751800221
2571,Democratic Republic of Congo,COD,1968,50119457031,0.11432958492458889,24.63767513353571
2572,Democratic Republic of Congo,COD,1969,55849593750,0.031497053745355164,24.74592808848709
2573,Democratic Republic of Congo,COD,1970,57608691406,-0.007155699234596136,24.77693928573041
2574,Democratic Republic of Congo,COD,1971,57196460937,-0.03592968423804355,24.76975786168726
2575,Democratic Republic of Congo,COD,1972,55141410156,0.10192147306534682,24.733166816317336
2576,Democratic Republic of Congo,COD,1973,60761503906,0.05632247493897302,24.830222265947654
2577,Democratic Republic of Congo,COD,1974,64183742187,-0.18843776029390957,24.885015778609816
2578,Democratic Republic of Congo,COD,1975,52089101562,-0.09374194308550321,24.676221580752884
2579,Democratic Republic of Congo,COD,1976,47206167968,0.047151544931773426,24.577790398288524
2580,Democratic Republic of Congo,COD,1977,49432011718,-0.014546731824352621,24.62386406175798
2581,Democratic Republic of Congo,COD,1978,48712937500,0.14395407341222244,24.60921048883855
2582,Democratic Republic of Congo,COD,1979,55725363281,0.03345817129263473,24.743701235371613
2583,Democratic Republic of Congo,COD,1980,57589832031,-0.04206146145201628,24.776611861825906
2584,Democratic Republic of Congo,COD,1981,55167519531,0.021449229384603363,24.733640202752355
2585,Democratic Republic of Congo,COD,1982,56350820312,0.029099925767199553,24.75486263477078
2586,Democratic Republic of Congo,COD,1983,57990625000,0.15017554021878543,24.78354719649698
2587,Democratic Republic of Congo,COD,1984,66699398437,-0.039669527102244806,24.923461770891787
2588,Democratic Republic of Congo,COD,1985,64053464843,-0.05666616272666258,24.88298395973547
2589,Democratic Republic of Congo,COD,1986,60423800781,-0.021692416962492023,24.824648916934382
2590,Democratic Republic of Congo,COD,1987,59113062500,0.07489322631524975,24.80271776062499
2591,Democratic Republic of Congo,COD,1988,63540230468,0.027301723651658172,24.874939092913717
2592,Democratic Republic of Congo,COD,1989,65274988281,-0.21098277917284092,24.90187477199884
2593,Democratic Republic of Congo,COD,1990,51503089843,-0.18026004354885938,24.66490763976781
2594,Democratic Republic of Congo,COD,1991,42219140625,0.2926153532998399,24.466139524469707
2595,Democratic Republic of Congo,COD,1992,54573109375,-0.2136963488531296,24.722807096088808
2596,Democratic Republic of Congo,COD,1993,42911035156,-0.26405248868520215,24.482394859546073
2597,Democratic Republic of Congo,COD,1994,31580269531,0.040401387890231844,24.175798380601325
2598,Democratic Republic of Congo,COD,1995,32856156250,-0.1046678252876887,24.215404969189557
2599,Democratic Republic of Congo,COD,1996,29417173828,0.02848589786019473,24.104844484554988
2600,Democratic Republic of Congo,COD,1997,30255148437,-0.09318655477333893,24.132932203205982
2601,Democratic Republic of Congo,COD,1998,27435775390,0.037176952409800235,24.03511366986095
2602,Democratic Republic of Congo,COD,1999,28455753906,-0.09834785995284812,24.071616223326323
2603,Democratic Republic of Congo,COD,2000,25657191406,-0.00031553348423418726,23.968089735973443
2604,Democratic Republic of Congo,COD,2001,25649095703,0.03868245233628076,23.967774152698045
2605,Democratic Republic of Congo,COD,2002,26641265625,0.09041754712056771,24.005727189936056
2606,Democratic Republic of Congo,COD,2003,29050103515,0.10452953286145972,24.092287883577054
2607,Democratic Republic of Congo,COD,2004,32086697265,0.08785687996236957,24.191707365768018
2608,Democratic Republic of Congo,COD,2005,34905734375,0.09039032358132415,24.275916961396845
2609,Democratic Republic of Congo,COD,2006,38060875000,0.06330545309323554,24.362452688565913
2610,Democratic Republic of Congo,COD,2007,40470335937,-0.009748845737633016,24.42383509668928
2611,Democratic Republic of Congo,COD,2008,40075796875,0.024111732026538713,24.414038419835723
2612,Democratic Republic of Congo,COD,2009,41042093750,0.12033815129131908,24.437864053807782
2613,Democratic Republic of Congo,COD,2010,45981023437,0.08347125538122668,24.551494614341696
2614,Democratic Republic of Congo,COD,2011,49819117187,0.0718419306702196,24.631664626571254
2615,Democratic Republic of Congo,COD,2012,53398218750,0.10481674246858663,24.70104322561464
2616,Democratic Republic of Congo,COD,2013,58995246093,0.11343306727546709,24.8007227029109
2617,Democratic Republic of Congo,COD,2014,65687257812,0.09663915269789713,24.908170798604377
2618,Democratic Republic of Congo,COD,2015,72035218750,0.16014106814939044,25.0004209856735
2619,Democratic Republic of Congo,COD,2016,83571015625,-0.0195615817011916,25.14896259387143
2620,Democratic Republic of Congo,COD,2017,81936234375,0.03537554641252094,25.129207152126778
2621,Democratic Republic of Congo,COD,2018,84834773437,0.04524797329541541,25.163971359806524
2623,Denmark,DNK,1950,45009820312,-0.017304036243671717,24.530146532063767
2624,Denmark,DNK,1951,44230968750,0.0211718881920262,24.512691031141618
2625,Denmark,DNK,1952,45167421875,0.06325666833292098,24.533641908937977
2626,Denmark,DNK,1953,48024562500,0.033349145554423254,24.59497843572091
2627,Denmark,DNK,1954,49626140625,-0.0037307864296569626,24.627783560576265
2628,Denmark,DNK,1955,49440996093,0.0209023619195714,24.624045797405024
2629,Denmark,DNK,1956,50474429687,0.05049470438407799,24.64473270216122
2630,Denmark,DNK,1957,53023121093,0.019026782169810685,24.693993902408195
2631,Denmark,DNK,1958,54031980468,0.08340864680444349,24.71284193910007
2632,Denmark,DNK,1959,58538714843,0.062372918141311295,24.792954164484375
2633,Denmark,DNK,1960,62189945312,0.06335931765548097,24.853459172692148
2634,Denmark,DNK,1961,66130257812,0.04803528737224405,24.91489223718882
2635,Denmark,DNK,1962,69306843750,0.016353566266679165,24.961809493677528
2636,Denmark,DNK,1963,70440257812,0.08158986233893262,24.978030780590434
2637,Denmark,DNK,1964,76187468750,0.04368972259627668,25.056462834015544
2638,Denmark,DNK,1965,79516078125,0.02647528634008567,25.099225078724867
2639,Denmark,DNK,1966,81621289062,0.05403097862924078,25.12535596025684
2640,Denmark,DNK,1967,86031367187,0.057059130413793735,25.177977801432935
2641,Denmark,DNK,1968,90940242187,0.06404824047007684,25.23346844849126
2642,Denmark,DNK,1969,96764804687,0.012889500516581665,25.295549177170606
2643,Denmark,DNK,1970,98012054687,0.027773608529003235,25.308356315062444
2644,Denmark,DNK,1971,100734203125,0.04185915315940503,25.335751232675957
2645,Denmark,DNK,1972,104950851562,0.03820009798235513,25.37675799715822
2646,Denmark,DNK,1973,108959984375,-0.015192360612891309,25.414246535946354
2647,Denmark,DNK,1974,107304625000,-0.0159916365487508,25.398937589102413
2648,Denmark,DNK,1975,105588648437,0.05602667841259157,25.382816706578737
2649,Denmark,DNK,1976,111504429687,0.02526286967170077,25.437330155191972
2650,Denmark,DNK,1977,114321351562,0.028175716031953124,25.46227919311885
2651,Denmark,DNK,1978,117542437500,0.03989270630022457,25.49006527553713
2652,Denmark,DNK,1979,122231523437,0.005229957109464278,25.529182816349312
2653,Denmark,DNK,1980,122870789062,-0.03523067073180186,25.534399144730884
2654,Denmark,DNK,1981,118541968750,0.016140973801736402,25.498532901486055
2655,Denmark,DNK,1982,120455351562,0.008835677902215844,25.5145449947588
2656,Denmark,DNK,1983,121519656250,0.020844107267625755,25.52334186647746
2657,Denmark,DNK,1984,124052625000,0.015241389490951995,25.543971707682584
2658,Denmark,DNK,1985,125943359375,0.07359310205790681,25.5590981140597
2659,Denmark,DNK,1986,135211921875,0.02397798455965483,25.630109176216504
2660,Denmark,DNK,1987,138454031250,-0.00014558080987625566,25.653804203149242
2661,Denmark,DNK,1988,138433875000,0.00597374558792052,25.65365861174145
2662,Denmark,DNK,1989,139260843750,0.026960759563831038,25.659614585253316
2663,Denmark,DNK,1990,143015421875,0.003693985362374086,25.686218306671154
2664,Denmark,DNK,1991,143543718750,0.03925927183769584,25.689905486025314
2665,Denmark,DNK,1992,149179140625,-0.007518016562511609,25.72841370679857
2666,Denmark,DNK,1993,148057609375,0.04492982936224044,25.720867287505197
2667,Denmark,DNK,1994,154709812500,0.03329156158081448,25.764817021731726
2668,Denmark,DNK,1995,159860343750,0.0374451840874388,25.797566419461003
2669,Denmark,DNK,1996,165846343750,0.05296666737640998,25.834327556573403
2670,Denmark,DNK,1997,174630671875,0.030850465397374904,25.885939134311023
2671,Denmark,DNK,1998,180018109375,0.04800133389357786,25.9163232904149
2672,Denmark,DNK,1999,188659218750,0.0589559216808746,25.96320814911216
2673,Denmark,DNK,2000,199781796875,-0.000557717853892914,26.020491592278663
2674,Denmark,DNK,2001,199670375000,-0.0026616523607971843,26.019933718842317
2675,Denmark,DNK,2002,199138921875,0.019283805565696976,26.017268517986903
2676,Denmark,DNK,2003,202979078125,0.05289938672096817,26.036368747253153
2677,Denmark,DNK,2004,213716546875,0.09164921205870002,26.08791642666701
2678,Denmark,DNK,2005,233303500000,0.04036587535120573,26.175606018004427
2679,Denmark,DNK,2006,242721000000,0.029602274834068742,26.215178472511777
2680,Denmark,DNK,2007,249906093750,0.06243570241071805,26.244351059243915
2681,Denmark,DNK,2008,265509156250,-0.04242079457476333,26.304915163851074
2682,Denmark,DNK,2009,254246046875,0.06750910028283985,26.261568323573282
2683,Denmark,DNK,2010,271409968750,0.022071315315311146,26.32689631451271
2684,Denmark,DNK,2011,277400343750,-0.006860571887809752,26.348727584011666
2685,Denmark,DNK,2012,275497218750,-0.018284894210025437,26.341843370207116
2686,Denmark,DNK,2013,270459781250,0.0023506267625512667,26.32338924118408
2687,Denmark,DNK,2014,271095531250,-0.0034042427617478888,26.325737109545347
2688,Denmark,DNK,2015,270172656250,0.03436378935923501,26.3223270591651
2689,Denmark,DNK,2016,279456812500,0.05989811932031541,26.35611360060795
2690,Denmark,DNK,2017,296195750000,0.008517065994363415,26.414286390263936
2691,Denmark,DNK,2018,298718468750,0.04391938437853948,26.422767390688925
2693,Djibouti,DJI,1970,1460423583,0.06003749666921121,21.101992355930903
2694,Djibouti,DJI,1971,1548103759,0.040915731023685176,21.160296637645462
2695,Djibouti,DJI,1972,1611445556,0.04199860600192684,21.200397473976388
2696,Djibouti,DJI,1973,1679124023,-0.03930279246561641,21.241538079496618
2697,Djibouti,DJI,1974,1613129760,0.1412351148986304,21.201442079227064
2698,Djibouti,DJI,1975,1840960327,0.04431652317730794,21.333553189263906
2699,Djibouti,DJI,1976,1922545288,-0.11683196666522422,21.376915815893664
2700,Djibouti,DJI,1977,1697930541,0.038926278433671246,21.252676017638453
2701,Djibouti,DJI,1978,1764024658,-0.005177950862861436,21.290863772891363
2702,Djibouti,DJI,1979,1754890625,0.044695961037457765,21.285672369984827
2703,Djibouti,DJI,1980,1833327148,0.012178485451632026,21.329398266692852
2704,Djibouti,DJI,1981,1855654296,0.06961751242053538,21.34150319103029
2705,Djibouti,DJI,1982,1984840332,0.00388116407944894,21.408804310570716
2706,Djibouti,DJI,1983,1992543823,-0.00872343975543266,21.412677962364196
2707,Djibouti,DJI,1984,1975161987,-0.07560643733672667,21.40391625067032
2708,Djibouti,DJI,1985,1825827026,-0.03298289933407961,21.325298886264154
2709,Djibouti,DJI,1986,1765605957,0.015468778235437242,21.291759786824986
2710,Djibouti,DJI,1987,1792917724,0.01699496892251151,21.307110143176896
2711,Djibouti,DJI,1988,1823388305,-0.05283266967098377,21.323962313252235
2712,Djibouti,DJI,1989,1727053833,-0.035298990590295065,21.26968280702062
2713,Djibouti,DJI,1990,1666090576,-0.05365138203626696,21.23374574656015
2714,Djibouti,DJI,1991,1576702514,0.23323800446480414,21.178601486675902
2715,Djibouti,DJI,1992,1944449462,0.28031876613515183,21.388244720993473
2716,Djibouti,DJI,1993,2489515136,-0.3067638946863587,21.63535380396376
2717,Djibouti,DJI,1994,1725821777,0.22005750191666507,21.26896916645464
2718,Djibouti,DJI,1995,2105601806,-0.1334261692782761,21.46786715680767
2719,Djibouti,DJI,1996,1824659423,0.08179842830866746,21.3246591890314
2720,Djibouti,DJI,1997,1973913696,-0.015340345457535154,21.403284056637197
2721,Djibouti,DJI,1998,1943633178,0.06011985868662717,21.387824830735177
2722,Djibouti,DJI,1999,2060484130,0.011310060417694112,21.44620680669941
2723,Djibouti,DJI,2000,2083788330,-0.0027576399758415526,21.457453386581154
2724,Djibouti,DJI,2001,2078041992,-0.029937991262690478,21.454691937311473
2725,Djibouti,DJI,2002,2015829589,0.08721244144809503,21.424296654316862
2726,Djibouti,DJI,2003,2191635009,0.03444894413985877,21.507913681675067
2727,Djibouti,DJI,2004,2267134521,0.06796086186012418,21.541782545485038
2728,Djibouti,DJI,2005,2421210937,0.2066410345973091,21.607533639153168
2729,Djibouti,DJI,2006,2921532470,0.056413448316047665,21.795374134050693
2730,Djibouti,DJI,2007,3086346191,0.1272992009599223,21.85025376573618
2731,Djibouti,DJI,2008,3479235595,-0.16891604892884526,21.97007844999555
2732,Djibouti,DJI,2009,2891536865,-0.11260434336534042,21.78505398491928
2733,Djibouti,DJI,2010,2565937255,0.32681961780862023,21.665589650385705
2734,Djibouti,DJI,2011,3404535888,0.0827806911929958,21.948374464174076
2735,Djibouti,DJI,2012,3686365722,0.008506324213265248,22.027906910479956
2736,Djibouti,DJI,2013,3717723144,0.07145486732349315,22.03637725978295
2737,Djibouti,DJI,2014,3983372558,0.09026572502686814,22.10539467380399
2738,Djibouti,DJI,2015,4342934570,-0.005067385576568828,22.191816124762767
2739,Djibouti,DJI,2016,4320927246,-0.052993420153503834,22.18673585644828
2740,Djibouti,DJI,2017,4091946533,0.40303830162484666,22.132286618723644
2741,Djibouti,DJI,2018,5741157714,0.039909028006890335,22.470926719275216
2743,Dominica,DMA,1970,342896942,0.08249235713510683,19.652940499341472
2744,Dominica,DMA,1971,371183319,0.06710493636164716,19.73220661982778
2745,Dominica,DMA,1972,396091552,0.0749598138361709,19.797155934417212
2746,Dominica,DMA,1973,425782501,-0.070219332475573,19.869439212820115
2747,Dominica,DMA,1974,395884338,0.05641889778423104,19.79663265079875
2748,Dominica,DMA,1975,418219696,0.0467309220175991,19.85151744093251
2749,Dominica,DMA,1976,437763488,-0.003693297966412379,19.89718934076292
2750,Dominica,DMA,1977,436146697,0.12630104819984456,19.89348920573217
2751,Dominica,DMA,1978,491232482,-0.14233688439194048,20.01242806046102
2752,Dominica,DMA,1979,421311981,0.0874680774862655,19.858884164712464
2753,Dominica,DMA,1980,458163330,0.1381501854371454,19.94273629422671
2754,Dominica,DMA,1981,521458679,0.04756039548054014,20.072140594366523
2755,Dominica,DMA,1982,546259460,0.02776339287561269,20.11860462230192
2756,Dominica,DMA,1983,561425476,0.03016743579338388,20.145989600271065
2757,Dominica,DMA,1984,578362243,-0.06717513542805731,20.175710948324024
2758,Dominica,DMA,1985,539510681,0.07497593360899568,20.10617314042756
2759,Dominica,DMA,1986,579960998,0.0673951319740298,20.17847141441612
2760,Dominica,DMA,1987,619047546,0.0444823377104544,20.243692638684518
2761,Dominica,DMA,1988,646584228,-0.012379697266602707,20.28721403075273
2762,Dominica,DMA,1989,638579711,0.062097455207122954,20.274757066678546
2763,Dominica,DMA,1990,678233886,-0.0310882181430846,20.335002751019832
2764,Dominica,DMA,1991,657148803,0.054199021344028875,20.30342103938869
2765,Dominica,DMA,1992,692765625,0.020221453684281743,20.356202296487286
2766,Dominica,DMA,1993,706774353,-0.03206664178432628,20.376222011673363
2767,Dominica,DMA,1994,684110473,0.05901753239202345,20.343629972779368
2768,Dominica,DMA,1995,724484985,0.07156257075500339,20.400971594872573
2769,Dominica,DMA,1996,776330993,-0.08907592975616263,20.47008952457742
2770,Dominica,DMA,1997,707178588,-0.12378549560949093,20.376793791680026
2771,Dominica,DMA,1998,619640136,-0.010354816654420174,20.244649441684693
2772,Dominica,DMA,1999,613223876,0.06242035005173219,20.234240640929293
2773,Dominica,DMA,2000,651501525,-0.17668423109216824,20.294790295278545
2774,Dominica,DMA,2001,536391479,-0.03451658858286977,20.100374823712436
2775,Dominica,DMA,2002,517877075,0.024368589785520145,20.0652484651122
2776,Dominica,DMA,2003,530497009,-0.01446121442694126,20.089324877925133
2777,Dominica,DMA,2004,522825378,0.08715649415166693,20.07475808099985
2778,Dominica,DMA,2005,568393005,0.023174959727028988,20.15832364763718
2779,Dominica,DMA,2006,581565490,0.0796679906161557,20.181234146109496
2780,Dominica,DMA,2007,627897644,0.1428261052688391,20.25788772388746
2781,Dominica,DMA,2008,717577819,-0.12203665955287846,20.391391958253433
2782,Dominica,DMA,2009,630007019,0.12881432674958826,20.26124151855763
2783,Dominica,DMA,2010,711160949,-0.04121875792142238,20.38240933205126
2784,Dominica,DMA,2011,681847778,0.07892712381912315,20.34031699148155
2785,Dominica,DMA,2012,735664062,-0.02958619854397615,20.416284134993848
2786,Dominica,DMA,2013,713898559,0.04630473697314197,20.386251435980668
2787,Dominica,DMA,2014,746955444,-0.03419627128388669,20.43151609473182
2788,Dominica,DMA,2015,721412353,0.07101920390875249,20.396721449935566
2789,Dominica,DMA,2016,772646484,-0.06443750930211956,20.46533217206092
2790,Dominica,DMA,2017,722859069,-0.023242631545375314,20.39872483581143
2791,Dominica,DMA,2018,706057922,0.05035886276763568,20.375207834585133
2793,Dominican Republic,DOM,1951,6034600097,0.04762736641701948,22.52077542534012
2794,Dominican Republic,DOM,1952,6322012207,0.006439244763704499,22.567303381614277
2795,Dominican Republic,DOM,1953,6362721191,0.09805313595737597,22.573721983012483
2796,Dominican Republic,DOM,1954,6986605957,0.00811429846608136,22.667260718332702
2797,Dominican Republic,DOM,1955,7043297363,0.0759344769126995,22.675342272888965
2798,Dominican Republic,DOM,1956,7578126464,0.0712590712975465,22.748531837711834
2799,Dominican Republic,DOM,1957,8118136718,-0.017536748510817546,22.817366496561537
2800,Dominican Republic,DOM,1958,7975770996,0.12018914215074084,22.799674157558858
2801,Dominican Republic,DOM,1959,8934372070,0.19011067791807323,22.91317170552806
2802,Dominican Republic,DOM,1960,10632891601,-0.018815712367573068,23.087218014980493
2803,Dominican Republic,DOM,1961,10432826171,0.1019541497735934,23.068223034834606
2804,Dominican Republic,DOM,1962,11496496093,-0.03056799229584184,23.165308138323713
2805,Dominican Republic,DOM,1963,11145071289,0.0334706002614964,23.13426320026446
2806,Dominican Republic,DOM,1964,11518103515,-0.0639344245379444,23.167185853227874
2807,Dominican Republic,DOM,1965,10781700195,0.02942567343387359,23.101116107523627
2808,Dominican Republic,DOM,1966,11098958984,0.032978881220091294,23.130117155641365
2809,Dominican Republic,DOM,1967,11464990234,-0.019910733663168312,23.16256390144606
2810,Dominican Republic,DOM,1968,11236713867,0.08205593493911478,23.14245227807908
2811,Dominican Republic,DOM,1969,12158752929,0.14842742455072044,23.22131515304437
2812,Dominican Republic,DOM,1970,13963445312,0.08131093964497915,23.359708702684678
2813,Dominican Republic,DOM,1971,15098826171,0.20476873791277184,23.437882840725745
2814,Dominican Republic,DOM,1972,18190593750,0.09875897398896072,23.624170470505014
2815,Dominican Republic,DOM,1973,19987078125,-0.005484305125264544,23.71835180794189
2816,Dominican Republic,DOM,1974,19877462890,0.04641405973717805,23.712852408803194
2817,Dominican Republic,DOM,1975,20800056640,0.13960467542265298,23.758221546726897
2818,Dominican Republic,DOM,1976,23703841796,-0.009998708818584667,23.88890297304758
2819,Dominican Republic,DOM,1977,23466833984,0.007246430477837018,23.878853941416878
2820,Dominican Republic,DOM,1978,23636884765,0.037948998056132055,23.88607424267052
2821,Dominican Republic,DOM,1979,24533880859,-0.030598868084280695,23.923320891386382
2822,Dominican Republic,DOM,1980,23783171875,0.13980695053947678,23.892244103460513
2823,Dominican Republic,DOM,1981,27108224609,0.016985519068155153,24.023103009894967
2824,Dominican Republic,DOM,1982,27568671875,0.0518472337543463,24.039945887988978
2825,Dominican Republic,DOM,1983,28998031250,0.119066946346573,24.09049377669736
2826,Dominican Republic,DOM,1984,32450738281,0.022099843886137283,24.202989031178227
2827,Dominican Republic,DOM,1985,33167894531,0.06258122589180282,24.224848212792764
2828,Dominican Republic,DOM,1986,35243582031,0.1176785622514751,24.285549279585375
2829,Dominican Republic,DOM,1987,39390996093,0.06257884322549678,24.39680310157598
2830,Dominican Republic,DOM,1988,41856039062,-0.06108316210267395,24.457501926028034
2831,Dominican Republic,DOM,1989,39299339843,-0.07243024815102617,24.3944735577925
2832,Dominican Republic,DOM,1990,36452878906,0.018255802613451833,24.3192862746141
2833,Dominican Republic,DOM,1991,37118355468,0.16838956551802164,24.337377440757997
2834,Dominican Republic,DOM,1992,43368699218,0.09502226864783614,24.493003801676153
2835,Dominican Republic,DOM,1993,47489691406,0.05210933524169725,24.583778501402524
2836,Dominican Republic,DOM,1994,49964347656,0.021795384871180712,24.63457554115572
2837,Dominican Republic,DOM,1995,51053339843,0.039357198043831865,24.65613680239457
2838,Dominican Republic,DOM,1996,53062656250,0.1072164834567626,24.694739245654397
2839,Dominican Republic,DOM,1997,58751847656,0.12308449341612304,24.796588438939985
2840,Dominican Republic,DOM,1998,65983289062,0.06732421952815804,24.91266735088301
2841,Dominican Republic,DOM,1999,70425562500,0.009450581243138911,24.977822137897398
2842,Dominican Republic,DOM,2000,71091125000,0.10662503582549854,24.98722834177314
2843,Dominican Republic,DOM,2001,78671218750,0.0035049944742340244,25.08854321709587
2844,Dominican Republic,DOM,2002,78946960937,-0.07211190345304175,25.092042083392286
2845,Dominican Republic,DOM,2003,73253945312,0.04190473955942875,25.017197944307817
2846,Dominican Republic,DOM,2004,76323632812,0.12420874309470098,25.058248462691555
2847,Dominican Republic,DOM,2005,85803695312,0.12753038298887387,25.17532791141732
2848,Dominican Republic,DOM,2006,96746273437,0.101084319866525,25.29535765066746
2849,Dominican Republic,DOM,2007,106525804687,0.02639295951118137,25.391653090277103
2850,Dominican Republic,DOM,2008,109337335937,0.06417481334137332,25.417703765172224
2851,Dominican Republic,DOM,2009,116354039062,0.0912959819498802,25.479903440849366
2852,Dominican Republic,DOM,2010,126976695312,0.022600419360014667,25.567269405086233
2853,Dominican Republic,DOM,2011,129846421875,0.019384438659565406,25.589618218841846
2854,Dominican Republic,DOM,2012,132363421875,0.01638351513039571,25.608817172453495
2855,Dominican Republic,DOM,2013,134532000000,0.05770792450866713,25.625067925905867
2856,Dominican Republic,DOM,2014,142295562500,0.09551718715754043,25.681172157437924
2857,Dominican Republic,DOM,2015,155887234375,0.07854275270896438,25.772398726238652
2858,Dominican Republic,DOM,2016,168131046875,0.035296964690954,25.848009553198484
2859,Dominican Republic,DOM,2017,174065562500,0.047376006669900494,25.882697861168175
2860,Dominican Republic,DOM,2018,182312093750,0.05596121486043759,25.928985856255103
2862,Ecuador,ECU,1950,11583661132,0.03501320095419369,23.172861419054158
2863,Ecuador,ECU,1951,11989242187,0.09327095320607692,23.207275600235263
2864,Ecuador,ECU,1952,13107490234,0.06068132562378992,23.29644967734107
2865,Ecuador,ECU,1953,13902870117,0.11194532602997787,23.355361139005737
2866,Ecuador,ECU,1954,15459231445,0.04302761300692848,23.46147216638615
2867,Ecuador,ECU,1955,16124405273,0.02979052460336895,23.503599816653505
2868,Ecuador,ECU,1956,16604759765,0.03250338732015967,23.532955224040233
2869,Ecuador,ECU,1957,17144470703,0.018702731776017556,23.56494155058539
2870,Ecuador,ECU,1958,17465119140,0.05459430802371279,23.583471536825225
2871,Ecuador,ECU,1959,18418615234,0.06929247762579105,23.636627687640342
2872,Ecuador,ECU,1960,19694886718,0.04880480359003614,23.703624881537557
2873,Ecuador,ECU,1961,20656091796,0.04033361074437791,23.751276115076454
2874,Ecuador,ECU,1962,21489226562,0.02085856248510254,23.790817556352874
2875,Ecuador,ECU,1963,21937460937,0.08055115840774474,23.811461557521337
2876,Ecuador,ECU,1964,23704548828,0.03360444152639075,23.888932800341472
2877,Ecuador,ECU,1965,24501126953,0.030954252163782003,23.921984951520844
2878,Ecuador,ECU,1966,25259541015,0.07746036556397029,23.95246978327612
2879,Ecuador,ECU,1967,27216154296,0.049012352020507466,24.027076541896015
2880,Ecuador,ECU,1968,28550082031,0.028824005938282715,24.074925646284232
2881,Ecuador,ECU,1969,29373009765,0.076100235790733,24.103342054434567
2882,Ecuador,ECU,1970,31608302734,0.0647253172439195,24.176685667774755
2883,Ecuador,ECU,1971,33654160156,0.010399902965268382,24.23940251558873
2884,Ecuador,ECU,1972,34004160156,0.11050945627712982,24.249748711606912
2885,Ecuador,ECU,1973,37761941406,0.19599294801681055,24.35456759125585
2886,Ecuador,ECU,1974,45163015625,0.09619216221237448,24.533544350459895
2887,Ecuador,ECU,1975,49507343750,0.07209946756636487,24.625386854102867
2888,Ecuador,ECU,1976,53076796875,0.040239746946862054,24.69500569935596
2889,Ecuador,ECU,1977,55212593750,0.054765019076829624,24.73445691185267
2890,Ecuador,ECU,1978,58236312500,0.04091988889234699,24.787774923239667
2891,Ecuador,ECU,1979,60619335937,0.04317052817470235,24.827879753996108
2892,Ecuador,ECU,1980,63236304687,0.029847310075157063,24.870144414421006
2893,Ecuador,ECU,1981,65123738281,-0.01479599203661075,24.899554963028045
2894,Ecuador,ECU,1982,64160167968,-0.028374606686004777,24.884648418456354
2895,Ecuador,ECU,1983,62339648437,0.007839362865414312,24.855863471824723
2896,Ecuador,ECU,1984,62828351562,0.020359227756241882,24.863672266537694
2897,Ecuador,ECU,1985,64107488281,-0.03650850801923655,24.88382701590637
2898,Ecuador,ECU,1986,61767019531,-0.01319796916201954,24.846635394413525
2899,Ecuador,ECU,1987,60951820312,-0.040288096392037454,24.8333495580881
2900,Ecuador,ECU,1988,58496187500,0.014157907179848328,24.792227418120333
2901,Ecuador,ECU,1989,59324371093,0.06656149365342245,24.806286038166956
2902,Ecuador,ECU,1990,63273089843,0.03959911868089683,24.870725954743342
2903,Ecuador,ECU,1991,65778648437,0.02693859507765861,24.90956113077991
2904,Ecuador,ECU,1992,67550632812,-0.07026928064775684,24.936143269362034
2905,Ecuador,ECU,1993,62803898437,0.025192131418196873,24.863282985516157
2906,Ecuador,ECU,1994,64386062500,0.008426646574326568,24.888163025826902
2907,Ecuador,ECU,1995,64928621093,0.005375193576036441,24.89655436641703
2908,Ecuador,ECU,1996,65277625000,0.05171206251759308,24.901915165200236
2909,Ecuador,ECU,1997,68653265625,0.019171293062579586,24.952334537220565
2910,Ecuador,ECU,1998,69969437500,-0.05585608359364047,24.971324376512264
2911,Ecuador,ECU,1999,66061218750,0.057868672003572375,24.91384770587602
2912,Ecuador,ECU,2000,69884093750,0.07159108541777437,24.970103903066494
2913,Ecuador,ECU,2001,74887171875,0.09412879249554384,25.039248442774497
2914,Ecuador,ECU,2002,81936210937,0.06008265767604515,25.129206866075027
2915,Ecuador,ECU,2003,86859156250,0.11234360006806998,25.18755375009847
2916,Ecuador,ECU,2004,96617226562,0.13955456474780537,25.294022891065364
2917,Ecuador,ECU,2005,110100601562,0.0803168153719882,25.424660344438504
2918,Ecuador,ECU,2006,118943531250,0.0615843048379312,25.5019146901233
2919,Ecuador,ECU,2007,126268585937,0.11253374271641592,25.561677109609338
2920,Ecuador,ECU,2008,140478062500,-0.0296800123150901,25.668317174739247
2921,Ecuador,ECU,2009,136308671875,0.09118011681896165,25.638187797065953
2922,Ecuador,ECU,2010,148737312500,0.10656129493397959,25.725447583616752
2923,Ecuador,ECU,2011,164586953125,0.06972710568549201,25.82670485792266
2924,Ecuador,ECU,2012,176063125000,0.0867439235217482,25.894108432452455
2925,Ecuador,ECU,2013,191335531250,0.020411296451243954,25.977294431901228
2926,Ecuador,ECU,2014,195240937500,-0.05713485421058273,25.997500209736252
2927,Ecuador,ECU,2015,184085875000,-0.011017276583551006,25.938668197635767
2928,Ecuador,ECU,2016,182057750000,0.052263207004370926,25.927589781384075
2929,Ecuador,ECU,2017,191572671875,0.02332331293012091,25.978533061177817
2930,Ecuador,ECU,2018,196040781250,-0.004268324272452828,26.00158854213591
2932,Egypt,EGY,1962,23296908203,0.08003157606810274,23.871586493563072
2933,Egypt,EGY,1963,25161396484,0.13011072656804923,23.948576771371897
2934,Egypt,EGY,1964,28435164062,0.03420830447396339,24.070892387408943
2935,Egypt,EGY,1965,29407882812,0.02654674595212403,24.10452859820968
2936,Egypt,EGY,1966,30188566406,0.03257875335228011,24.130729093813926
2937,Egypt,EGY,1967,31172072265,0.09849781028024318,24.162788411191432
2938,Egypt,EGY,1968,34242453125,0.07839238754889877,24.256732030659414
2939,Egypt,EGY,1969,36926800781,0.15249615977827746,24.332203432786756
2940,Egypt,EGY,1970,42557996093,0.021934130896579918,24.474133596590285
2941,Egypt,EGY,1971,43491468750,0.0637254109290113,24.495830635117215
2942,Egypt,EGY,1972,46262980468,-0.0006368989352162346,24.55760792029511
2943,Egypt,EGY,1973,46233515625,0.04022751352255627,24.556970818453607
2944,Egypt,EGY,1974,48093375000,0.11468421130769046,24.59641027068421
2945,Egypt,EGY,1975,53608925781,0.03346508660384018,24.704981416924216
2946,Egypt,EGY,1976,55402953125,0.060436689817696454,24.737898734784377
2947,Egypt,EGY,1977,58751324218,0.06200631515100197,24.796579529597512
2948,Egypt,EGY,1978,62394277343,0.00825202132191638,24.856739398869447
2949,Egypt,EGY,1979,62909156250,0.03505836540288998,24.86495755842124
2950,Egypt,EGY,1980,65114648437,0.16453383005462485,24.899415375242235
2951,Egypt,EGY,1981,75828210937,0.016830910253973208,25.051736236304315
2952,Egypt,EGY,1982,77104468750,0.1515596939639119,25.06842707627704
2953,Egypt,EGY,1983,88790398437,0.11133585232207466,25.20954435538907
2954,Egypt,EGY,1984,98675953125,0.02723117856886681,25.315107117683535
2955,Egypt,EGY,1985,101363015625,0.026513692350498275,25.341974124144585
2956,Egypt,EGY,1986,104050523437,0.01672264533155876,25.368142420402908
2957,Egypt,EGY,1987,105790523437,-0.015139145482664818,25.384726781820177
2958,Egypt,EGY,1988,104188945312,0.10576412969726867,25.36947186958196
2959,Egypt,EGY,1989,115208398437,0.15136788462983608,25.47000848564986
2960,Egypt,EGY,1990,132647250000,0.17038352660910805,25.61095918606762
2961,Egypt,EGY,1991,155248156250,0.10099093366849576,25.768290681683037
2962,Egypt,EGY,1992,170926812500,0.16780427587977154,25.864501304756157
2963,Egypt,EGY,1993,199609062500,0.1431579540633332,26.019626603099688
2964,Egypt,EGY,1994,228184687500,0.18928513224622057,26.153421170896003
2965,Egypt,EGY,1995,271376656250,0.20504734367696753,26.326773568304503
2966,Egypt,EGY,1996,327021718750,0.03237294541312474,26.513292423833793
2967,Egypt,EGY,1997,337608375000,0.016879116965033747,26.54515240682497
2968,Egypt,EGY,1998,343306906250,0.0490835414121531,26.5618906544521
2969,Egypt,EGY,1999,360157625000,0.033780435024803435,26.609807619791663
2970,Egypt,EGY,2000,372323906250,0.052744816866026945,26.643030028092326
2971,Egypt,EGY,2001,391962062500,0.029586887634055037,26.694430892716717
2972,Egypt,EGY,2002,403559000000,0.03777413897348336,26.723588534537242
2973,Egypt,EGY,2003,418803093750,0.04738481292558494,26.760666703093158
2974,Egypt,EGY,2004,438648000000,0.05946361034360126,26.80696310606666
2975,Egypt,EGY,2005,464731593750,0.08038739565465569,26.864725858137536
2976,Egypt,EGY,2006,502090156250,0.1550545111886965,26.942045534636552
2977,Egypt,EGY,2007,579941500000,0.20117460123133113,27.08619307333099
2978,Egypt,EGY,2008,696611000000,0.08049300470420362,27.26949298573842
2979,Egypt,EGY,2009,752683312500,0.14569175133665535,27.34691040855381
2980,Egypt,EGY,2010,862343062500,0.12771976118263262,27.48291901277409
2981,Egypt,EGY,2011,972481312500,0.16574206663739877,27.603116696316082
2982,Egypt,EGY,2012,1133662375000,-0.005932542305640109,27.756474547627054
2983,Egypt,EGY,2013,1126936875000,-0.00791481776652303,27.750524337882435
2984,Egypt,EGY,2014,1118017375000,0.043607439463988706,27.742578031685596
2985,Egypt,EGY,2015,1166771250000,-0.02066868291449586,27.78526143459527
2986,Egypt,EGY,2016,1142655625000,0.013643983943106175,27.76437616488044
2987,Egypt,EGY,2017,1158246000000,0.04341661874938474,27.777927907751344
2988,Egypt,EGY,2018,1208533125000,0.0017679490580781998,27.820428446726712
2990,El Salvador,SLV,1950,1321471313,0.0007266181191782906,21.00201158386532
2991,El Salvador,SLV,1951,1322431518,0.07750597033184148,21.00273793812536
2992,El Salvador,SLV,1952,1424927856,0.07388009403895035,21.077387022016996
2993,El Salvador,SLV,1953,1530201660,0.007743423177308584,21.14866536758695
2994,El Salvador,SLV,1954,1542050659,0.05088708243274387,21.156378964336493
2995,El Salvador,SLV,1955,1620521118,0.06084558905452053,21.20601361224128
2996,El Salvador,SLV,1956,1719122680,0.05186510365857089,21.265079927874496
2997,El Salvador,SLV,1957,1808285156,0.03733790424368233,21.315644805506608
2998,El Salvador,SLV,1958,1875802734,0.037296987967819106,21.35230252954951
2999,El Salvador,SLV,1959,1945764526,0.007477742967136436,21.38892080927764
3000,El Salvador,SLV,1960,1960314453,0.06203091387399984,21.396370732524566
3001,El Salvador,SLV,1961,2081914550,0.12246453342669605,21.45655376402988
3002,El Salvador,SLV,1962,2336875244,0.033449260160847594,21.57208050810859
3003,El Salvador,SLV,1963,2415041992,0.06896473624546395,21.604982511891496
3004,El Salvador,SLV,1964,2581594726,0.06129421260678547,21.67167315578082
3005,El Salvador,SLV,1965,2739831542,0.06524123737531595,21.731162274434457
3006,El Salvador,SLV,1966,2918581542,0.06751401773923771,21.794363561912864
3007,El Salvador,SLV,1967,3115626708,0.04757049829475268,21.85969615931894
3008,El Salvador,SLV,1968,3263838623,0.03854096894177239,21.90616983134316
3009,El Salvador,SLV,1969,3389630126,0.02935070621330671,21.943986645011496
3010,El Salvador,SLV,1970,3489118164,0.029421552430976883,21.97291486616139
3011,El Salvador,SLV,1971,3591773437,0.05430371219708974,22.001911911065246
3012,El Salvador,SLV,1972,3786820068,0.060178784813601505,22.054792471666254
3013,El Salvador,SLV,1973,4014706298,0.048029531598876574,22.113230030486395
3014,El Salvador,SLV,1974,4207530761,0.05772271928495121,22.160141794994786
3015,El Salvador,SLV,1975,4450400878,0.04005290082544333,22.216260014010974
3016,El Salvador,SLV,1976,4628652343,0.0333073122748464,22.25553159204893
3017,El Salvador,SLV,1977,4782820312,0.07083100574571621,22.28829623288535
3018,El Salvador,SLV,1978,5121592285,0.009756105956802097,22.35673122081354
3019,El Salvador,SLV,1979,5171559082,-0.058439087170424786,22.366440043255206
3020,El Salvador,SLV,1980,4869337890,-0.04834561460264575,22.306223807919086
3021,El Salvador,SLV,1981,4633926757,-0.009601084422146355,22.256670457264143
3022,El Salvador,SLV,1982,4589436035,0.034585518959084904,22.247022985278228
3023,El Salvador,SLV,1983,4748164062,0.05551621522718975,22.281023867014298
3024,El Salvador,SLV,1984,5011764160,0.016992636381357507,22.33505381780527
3025,El Salvador,SLV,1985,5096927246,0.08626731769519935,22.351903694315844
3026,El Salvador,SLV,1986,5536625488,0.0016135449326242224,22.434651034428526
3027,El Salvador,SLV,1987,5545559082,0.05096966217841836,22.436263278996137
3028,El Salvador,SLV,1988,5828214355,0.01005095187512195,22.485976504802032
3029,El Salvador,SLV,1989,5886793457,-0.06116926364586739,22.495977281783887
3030,El Salvador,SLV,1990,5526702636,0.03286273406803941,22.43285720628755
3031,El Salvador,SLV,1991,5708325195,0.09811892400429367,22.465191506732143
3032,El Salvador,SLV,1992,6268419921,0.17030331861202064,22.558790153612243
3033,El Salvador,SLV,1993,7335952636,0.07556926639350237,22.716053115500234
3034,El Salvador,SLV,1994,7890325195,0.15677241690670263,22.788903187051158
3035,El Salvador,SLV,1995,9127310546,0.09281853506904891,22.93453691488314
3036,El Salvador,SLV,1996,9974494140,0.10559706880533604,23.02329708565445
3037,El Salvador,SLV,1997,11027771484,0.05360932685790143,23.123682608456924
3038,El Salvador,SLV,1998,11618962890,0.06742900252089545,23.175904332235504
3039,El Salvador,SLV,1999,12402417968,0.10317709911903195,23.24115728796723
3040,El Salvador,SLV,2000,13682063476,0.05646377955745718,23.339351576654664
3041,El Salvador,SLV,2001,14454604492,0.10189612346814259,23.394278850712134
3042,El Salvador,SLV,2002,15927472656,0.0972061343590982,23.491311295174288
3043,El Salvador,SLV,2003,17475720703,0.07782136131109807,23.584078366161496
3044,El Salvador,SLV,2004,18835705078,0.17560108837461175,23.659020111846893
3045,El Salvador,SLV,2005,22143275390,0.10224614078649186,23.820799693212603
3046,El Salvador,SLV,2006,24407339843,0.10527858953612879,23.91814973724804
3047,El Salvador,SLV,2007,26976910156,0.11455883350349705,24.018247157668817
3048,El Salvador,SLV,2008,30067353515,0.06962214067013472,24.126705819265556
3049,El Salvador,SLV,2009,32160707031,0.16325774088047917,24.194011265810293
3050,El Salvador,SLV,2010,37411191406,0.19778590234400517,24.345235732059443
3051,El Salvador,SLV,2011,44810597656,0.026256606261587434,24.5257105032141
3052,El Salvador,SLV,2012,45987171875,0.00420455227221983,24.551628322260793
3053,El Salvador,SLV,2013,46180527343,0.03357737954101214,24.555824060101628
3054,El Salvador,SLV,2014,47731148437,0.0050753839773989284,24.588850028789356
3055,El Salvador,SLV,2015,47973402343,0.02125372044096374,24.5939125764201
3056,El Salvador,SLV,2016,48993015625,0.035558002049399295,24.614943586632187
3057,El Salvador,SLV,2017,50735109375,0.010914763461077115,24.649884000484732
3058,El Salvador,SLV,2018,51288871093,0.02125026971296995,24.660739627830452
3060,Equatorial Guinea,GNQ,1960,322290832,0.011607236782956276,19.59096490083346
3061,Equatorial Guinea,GNQ,1961,326031738,0.023927756383030463,19.60250529042043
3062,Equatorial Guinea,GNQ,1962,333832946,0.13695783938593054,19.626151264141754
3063,Equatorial Guinea,GNQ,1963,379553985,0.009963236191552483,19.75450739764739
3064,Equatorial Guinea,GNQ,1964,383335571,0.08147031312155484,19.764421328027726
3065,Equatorial Guinea,GNQ,1965,414566040,0.10346696511851294,19.84274284433616
3066,Equatorial Guinea,GNQ,1966,457459930,0.11538876421373123,19.94119985414463
3067,Equatorial Guinea,GNQ,1967,510245666,0.05984486696257396,20.050402865742605
3068,Equatorial Guinea,GNQ,1968,540781250,0.04768344871424435,20.10852541123399
3069,Equatorial Guinea,GNQ,1969,566567565,0.026703710086192434,20.155106898752138
3070,Equatorial Guinea,GNQ,1970,581697021,0.042854202617620185,20.181460287671385
3071,Equatorial Guinea,GNQ,1971,606625183,0.022054649847927488,20.22342166735868
3072,Equatorial Guinea,GNQ,1972,620004089,0.07324554274028339,20.245236631142955
3073,Equatorial Guinea,GNQ,1973,665416625,0.03036271899578713,20.315923906207978
3074,Equatorial Guinea,GNQ,1974,685620483,0.06576590857190001,20.34583480082257
3075,Equatorial Guinea,GNQ,1975,730710937,0.002913722639408034,20.409528504488488
3076,Equatorial Guinea,GNQ,1976,732840026,0.07319396334391803,20.41243799046573
3077,Equatorial Guinea,GNQ,1977,786479492,-0.0553167545276565,20.483077205106753
3078,Equatorial Guinea,GNQ,1978,742973999,-0.04893375414070178,20.426171607453288
3079,Equatorial Guinea,GNQ,1979,706617492,0.052657974676913355,20.376000047748498
3080,Equatorial Guinea,GNQ,1980,743826538,0.029125563411936284,20.42731841776472
3081,Equatorial Guinea,GNQ,1981,765490905,0.05686989318312019,20.456027891867983
3082,Equatorial Guinea,GNQ,1982,809024291,0.04410521463563821,20.511339500529967
3083,Equatorial Guinea,GNQ,1983,844706481,0.008537053002674933,20.554499765214757
3084,Equatorial Guinea,GNQ,1984,851917785,0.12752656760182557,20.56300058365863
3085,Equatorial Guinea,GNQ,1985,960559936,-0.06845823725881484,20.683026939058934
3086,Equatorial Guinea,GNQ,1986,894801696,0.05783445229410922,20.61211268297407
3087,Equatorial Guinea,GNQ,1987,946552062,0.05181596551210088,20.668336531855303
3088,Equatorial Guinea,GNQ,1988,995598571,-0.012706929648656606,20.718854693141292
3089,Equatorial Guinea,GNQ,1989,982947570,0.0612690919008021,20.706066339964675
3090,Equatorial Guinea,GNQ,1990,1043171875,0.05038028560729746,20.76553178845881
3091,Equatorial Guinea,GNQ,1991,1095727172,0.04340646760925626,20.81468406382692
3092,Equatorial Guinea,GNQ,1992,1143288818,-0.004094569041783402,20.857174874004297
3093,Equatorial Guinea,GNQ,1993,1138607543,-0.37554094264418547,20.8530718992617
3094,Equatorial Guinea,GNQ,1994,711013793,0.4993401302413272,20.38220238701676
3095,Equatorial Guinea,GNQ,1995,1066051513,0.7759884423146071,20.78722748516229
3096,Equatorial Guinea,GNQ,1996,1893295166,0.8877677533773412,21.361584622005353
3097,Equatorial Guinea,GNQ,1997,3574101562,-0.02549427860942244,21.996979670179726
3098,Equatorial Guinea,GNQ,1998,3482982421,0.31187100010919067,21.971154781231693
3099,Equatorial Guinea,GNQ,1999,4569223632,0.338210065092301,22.242609143832052
3100,Equatorial Guinea,GNQ,2000,6114581054,0.47348095812812496,22.533942092536584
3101,Equatorial Guinea,GNQ,2001,9009718750,-0.07447860123269667,22.921569692763136
3102,Equatorial Guinea,GNQ,2002,8338687500,0.1629218851288048,22.844171666831745
3103,Equatorial Guinea,GNQ,2003,9697242187,0.35837891247667564,22.995107371413265
3104,Equatorial Guinea,GNQ,2004,13172529296,0.5493567565036601,23.30139938407257
3105,Equatorial Guinea,GNQ,2005,20408947265,0.050575244602161895,23.739239233065046
3106,Equatorial Guinea,GNQ,2006,21441134765,0.20973748895701227,23.78857709922042
3107,Equatorial Guinea,GNQ,2007,25938144531,0.36452814050363647,23.97898048401654
3108,Equatorial Guinea,GNQ,2008,35393328125,-0.2956359735101911,24.28978916827804
3109,Equatorial Guinea,GNQ,2009,24929787109,0.44690756877654336,23.939329194894672
3110,Equatorial Guinea,GNQ,2010,36071097656,0.24590129669992433,24.308757762671362
3111,Equatorial Guinea,GNQ,2011,44941027343,0.07297167129649074,24.528616963767178
3112,Equatorial Guinea,GNQ,2012,48220449218,-0.04540977370618571,24.599049025665998
3113,Equatorial Guinea,GNQ,2013,46030769531,-0.03363400687788509,24.552575912667535
3114,Equatorial Guinea,GNQ,2014,44482570312,-0.28432778884605203,24.51836327101057
3115,Equatorial Guinea,GNQ,2015,31834939453,-0.08977864277768133,24.183830248513168
3116,Equatorial Guinea,GNQ,2016,28976841796,0.11050399017059265,24.08976278915637
3117,Equatorial Guinea,GNQ,2017,32178898437,0.08702119183732582,24.194576746632016
3118,Equatorial Guinea,GNQ,2018,34979144531,-0.04199611799248326,24.278017850291562
3120,Estonia,EST,1990,19404123046,0.007467807210688182,23.688751408579115
3121,Estonia,EST,1991,19549029296,-0.21499224254883942,23.69619146976655
3122,Estonia,EST,1992,15346139648,-0.04803757967210176,23.454129790621383
3123,Estonia,EST,1993,14608948242,-0.03494914928455528,23.40490007120599
3124,Estonia,EST,1994,14098377929,0.09352998626087539,23.369325587216416
3125,Estonia,EST,1995,15416999023,0.0759148963591394,23.45873657025301
3126,Estonia,EST,1996,16587378906,0.016202548547485485,23.531907936261586
3127,Estonia,EST,1997,16856136718,-0.012246559840699556,23.54798062435513
3128,Estonia,EST,1998,16649707031,-0.010764547548272163,23.53565845748232
3129,Estonia,EST,1999,16470480468,0.10519850500817829,23.524835553023753
3130,Estonia,EST,2000,18203150390,0.05231806009377249,23.624860514401018
3131,Estonia,EST,2001,19155503906,0.06446815119351634,23.675855921513644
3132,Estonia,EST,2002,20390423828,0.06693571784053853,23.738331207388352
3133,Estonia,EST,2003,21755271484,0.0459313964771666,23.80312193219541
3134,Estonia,EST,2004,22754521484,0.20893632491208303,23.848029709145344
3135,Estonia,EST,2005,27508767578,0.08124256405391761,24.0377706118245
3136,Estonia,EST,2006,29743650390,0.11820425959491643,24.115881513889235
3137,Estonia,EST,2007,33259476562,0.01649917445264215,24.227605572824274
3138,Estonia,EST,2008,33808230468,-0.10939360758619399,24.243970114763275
3139,Estonia,EST,2009,30109826171,0.05525202628377546,24.12811740629154
3140,Estonia,EST,2010,31773455078,0.11589291595642814,24.181897032163274
3141,Estonia,EST,2011,35455773437,0.05523033867755034,24.291551938074505
3142,Estonia,EST,2012,37414007812,0.008303311357634291,24.345311011671946
3143,Estonia,EST,2013,37724667968,0.019879751695525805,24.353580040183196
3144,Estonia,EST,2014,38474625000,-0.02509974106310331,24.373264770035163
3145,Estonia,EST,2015,37508921875,0.029083601353178112,24.347844658291763
3146,Estonia,EST,2016,38599816406,0.05898991788069896,24.37651335708464
3147,Estonia,EST,2017,40876816406,0.04472010752607636,24.433828903243764
3148,Estonia,EST,2018,42704832031,0.05084941262439968,24.477577913097118
3150,Eswatini,SWZ,1970,1031454345,0.05298464761423838,20.754235628710777
3151,Eswatini,SWZ,1971,1086105590,0.16180229309012217,20.80586428209274
3152,Eswatini,SWZ,1972,1261839965,-0.024182950965576655,20.95583678240622
3153,Eswatini,SWZ,1973,1231324951,0.12270053317550289,20.93135662250646
3154,Eswatini,SWZ,1974,1382409179,0.3783084335263951,21.047093595893642
3155,Eswatini,SWZ,1975,1905386230,0.1635782195193045,21.367950570381826
3156,Eswatini,SWZ,1976,2217065917,0.0038497533765478043,21.519450499660007
3157,Eswatini,SWZ,1977,2225601074,-0.04608152071731075,21.523292861699836
3158,Eswatini,SWZ,1978,2123041992,-0.0070757983387075285,21.47611579902915
3159,Eswatini,SWZ,1979,2108019775,0.08971585809720395,21.469014848511318
3160,Eswatini,SWZ,1980,2297142578,0.08001501942471068,21.5549318301245
3161,Eswatini,SWZ,1981,2480948486,0.05528074515610881,21.63190677803866
3162,Eswatini,SWZ,1982,2618097167,0.03649431205392695,21.685713618718637
3163,Eswatini,SWZ,1983,2713642822,0.02642211952830098,21.72155778395032
3164,Eswatini,SWZ,1984,2785343017,0.08811391936363444,21.747636868630053
3165,Eswatini,SWZ,1985,3030770507,0.2088092062854432,21.832082716880045
3166,Eswatini,SWZ,1986,3663623291,0.21080825173736462,22.021718464880912
3167,Eswatini,SWZ,1987,4435945312,-0.01762897567480204,22.213006578134912
3168,Eswatini,SWZ,1988,4357744140,0.08244627804146387,22.195220361327692
3169,Eswatini,SWZ,1989,4717023925,0.1786116921168679,22.274443913315384
3170,Eswatini,SWZ,1990,5559539550,0.05638675148915895,22.43878112703137
3171,Eswatini,SWZ,1991,5873023925,0.0757926973709715,22.493635487205722
3172,Eswatini,SWZ,1992,6318156250,0.10669013764893842,22.566693269948008
3173,Eswatini,SWZ,1993,6992241210,-0.01642543235432803,22.668066972702317
3174,Eswatini,SWZ,1994,6877390625,0.16815644218260473,22.651505147328656
3175,Eswatini,SWZ,1995,8033868164,0.1177510103089614,22.806931962990333
3176,Eswatini,SWZ,1996,8979864257,-0.053829308346525884,22.918250602999276
3177,Eswatini,SWZ,1997,8496484375,-0.023639028112730442,22.862918311944217
3178,Eswatini,SWZ,1998,8295635742,-0.022700660064734035,22.838995399243323
3179,Eswatini,SWZ,1999,8107319335,0.07832500901483241,22.816033112209517
3180,Eswatini,SWZ,2000,8742325195,-0.02732441320492429,22.891442031849174
3181,Eswatini,SWZ,2001,8503446289,-0.08294230210078068,22.863737364036464
3182,Eswatini,SWZ,2002,7798150878,0.011177091385330407,22.777152475614077
3183,Eswatini,SWZ,2003,7885311523,0.006701356673844527,22.788267564887892
3184,Eswatini,SWZ,2004,7938153808,0.15571287529781763,22.79494656728485
3185,Eswatini,SWZ,2005,9174226562,-0.05112062404721762,22.939663928914115
3186,Eswatini,SWZ,2006,8705234375,0.04326756521130437,22.887190333985618
3187,Eswatini,SWZ,2007,9081888671,-0.08061685696917742,22.929548011344
3188,Eswatini,SWZ,2008,8349735351,0.06337448239441801,22.845495680815876
3189,Eswatini,SWZ,2009,8878895507,0.05075094133552338,22.906943006372334
3190,Eswatini,SWZ,2010,9329507812,0.01292658041883854,22.956448097145135
3191,Eswatini,SWZ,2011,9450106445,0.035377722351147556,22.96929184240979
3192,Eswatini,SWZ,2012,9784429687,-0.009543323421707828,23.004058151680926
3193,Eswatini,SWZ,2013,9691053710,-0.0054952622896978776,22.994468998939166
3194,Eswatini,SWZ,2014,9637798828,0.0003459279509252511,22.988958582151525
3195,Eswatini,SWZ,2015,9641132812,-0.00782758608055567,22.989304450283175
3196,Eswatini,SWZ,2016,9565666015,-0.023794409573058894,22.98144606783796
3197,Eswatini,SWZ,2017,9338056640,0.049942324830447804,22.95736399901542
3198,Eswatini,SWZ,2018,9804420898,-0.08333613055786626,23.006099232943306
3200,Ethiopia,ETH,1950,8276646484,0.13730061736922194,22.83670370929359
3201,Ethiopia,ETH,1951,9413035156,0.031021331394249785,22.965361284339323
3202,Ethiopia,ETH,1952,9705040039,0.07003378257778259,22.99591117916423
3203,Ethiopia,ETH,1953,10384720703,0.007583068360928591,23.06360139964225
3204,Ethiopia,ETH,1954,10463468750,0.022053476195453836,23.071155861068167
3205,Ethiopia,ETH,1955,10694224609,0.04959452596064318,23.09296967652525
3206,Ethiopia,ETH,1956,11224599609,-0.007986695661564625,23.141373600361717
3207,Ethiopia,ETH,1957,11134952148,0.007153800567908819,23.133354840206007
3208,Ethiopia,ETH,1958,11214609375,0.06725680438602,23.140483173727944
3209,Ethiopia,ETH,1959,11968868164,0.04447353281081723,23.205574795988777
3210,Ethiopia,ETH,1960,12501166015,0.039771446311762215,23.249087758104245
3211,Ethiopia,ETH,1961,12998355468,0.04004292614410909,23.2880886839443
3212,Ethiopia,ETH,1962,13518847656,0.026365678722757524,23.32735067138435
3213,Ethiopia,ETH,1963,13875281250,0.06283487493271522,23.35337476664374
3214,Ethiopia,ETH,1964,14747132812,0.07257627673421951,23.414314515209785
3215,Ethiopia,ETH,1965,15817424804,0.035855001432128164,23.484378004998984
3216,Ethiopia,ETH,1966,16384558593,0.015194613305381521,23.519605179033363
3217,Ethiopia,ETH,1967,16633515625,0.04757361124611914,23.534685510394556
3218,Ethiopia,ETH,1968,17424832031,0.06325563127604772,23.58116215400565
3219,Ethiopia,ETH,1969,18527050781,0.0005688472560785307,23.64249770542919
3220,Ethiopia,ETH,1970,18537589843,0.04523125838371156,23.643066390953
3221,Ethiopia,ETH,1971,19376068359,0.04824552518497849,23.687304551775284
3222,Ethiopia,ETH,1972,20310876953,0.025067676062347388,23.734422389991575
3223,Ethiopia,ETH,1973,20820023437,0.019032252975076158,23.759181025829047
3224,Ethiopia,ETH,1974,21216275390,0.03361207534740629,23.77803443116351
3225,Ethiopia,ETH,1975,21929398437,0.03748651124022628,23.81109396794662
3226,Ethiopia,ETH,1976,22751455078,0.013207345506906165,23.84789493977058
3227,Ethiopia,ETH,1977,23051941406,0.020767722751342532,23.861015828699102
3228,Ethiopia,ETH,1978,23530677734,0.026365930043041663,23.88157084224581
3229,Ethiopia,ETH,1979,24151085937,0.059839684342555044,23.90759518236944
3230,Ethiopia,ETH,1980,25596279296,0.11577976688444402,23.965712837869045
3231,Ethiopia,ETH,1981,28559810546,0.09601622092636974,24.075266340852377
3232,Ethiopia,ETH,1982,31302015625,0.1648981520179662,24.16694832938398
3233,Ethiopia,ETH,1983,36463660156,0.013723959110496953,24.319581989419472
3234,Ethiopia,ETH,1984,36964085937,0.05691831789336965,24.33321262785317
3235,Ethiopia,ETH,1985,39068019531,-0.021604547277607966,24.38857005445473
3236,Ethiopia,ETH,1986,38223972656,-0.008442836460363146,24.366728712167532
3237,Ethiopia,ETH,1987,37901253906,-0.014633523929724057,24.358250033078537
3238,Ethiopia,ETH,1988,37346625000,-0.07451685727960689,24.343508382996614
3239,Ethiopia,ETH,1989,34563671875,0.13830555021145297,24.26606902162162
3240,Ethiopia,ETH,1990,39344019531,-0.09444395189648169,24.395609818836352
3241,Ethiopia,ETH,1991,35628214843,-0.09665520313534837,24.29640371267075
3242,Ethiopia,ETH,1992,32184562500,0.102313949024474,24.194752749069803
3243,Ethiopia,ETH,1993,35477492187,-0.06585117016405306,24.292164309448857
3244,Ethiopia,ETH,1994,33141257812,0.12200792489342116,24.224044802720652
3245,Ethiopia,ETH,1995,37184753906,0.017146224138305355,24.33916467298108
3246,Ethiopia,ETH,1996,37822332031,0.09607625785796703,24.356165559592505
3247,Ethiopia,ETH,1997,41456160156,-0.07439127385158106,24.44790232403543
3248,Ethiopia,ETH,1998,38372183593,0.03644302479192518,24.370598648447114
3249,Ethiopia,ETH,1999,39770582031,-0.01188211411217599,24.406393330984745
3250,Ethiopia,ETH,2000,39298023437,0.16711599084692663,24.39444006033291
3251,Ethiopia,ETH,2001,45865351562,-0.11223682092660547,24.54897580102637
3252,Ethiopia,ETH,2002,40717570312,0.06696308738727574,24.429925539235573
3253,Ethiopia,ETH,2003,43444144531,0.18308098734282807,24.494741916193213
3254,Ethiopia,ETH,2004,51397941406,0.19741534212137735,24.662863958138562
3255,Ethiopia,ETH,2005,61544683593,0.011973706354123204,24.843029310427944
3256,Ethiopia,ETH,2006,62281601562,0.19091149135212082,24.85493189909217
3257,Ethiopia,ETH,2007,74171875000,0.09390509794986301,25.029650872138056
3258,Ethiopia,ETH,2008,81136992187,0.05773414658019016,25.119404824614406
3259,Ethiopia,ETH,2009,85821367187,0.17996456120707838,25.175533847249827
3260,Ethiopia,ETH,2010,101266171875,0.1280383457271872,25.341018252401046
3261,Ethiopia,ETH,2011,114232125000,0.08451212826514443,25.46149839933811
3262,Ethiopia,ETH,2012,123886125000,0.07860898466232591,25.54262863383851
3263,Ethiopia,ETH,2013,133624687500,0.22331389923736955,25.61830086765465
3264,Ethiopia,ETH,2014,163464937500,0.08479389119761538,25.819864354744844
3265,Ethiopia,ETH,2015,177325765625,0.1511854638298562,25.901254361662346
3266,Ethiopia,ETH,2016,204134843750,0.055881107999231405,26.042046611201666
3267,Ethiopia,ETH,2017,215542125000,0.14830910373088324,26.09642220302539
3268,Ethiopia,ETH,2018,247508984375,0.2320248475828688,26.234712718801358
3270,Fiji,FJI,1960,1227083740,0.02515610874283114,20.927906248105174
3271,Fiji,FJI,1961,1257952392,0.01917129547459062,20.95275115031141
3272,Fiji,FJI,1962,1282068969,0.14467334089263018,20.97174099196975
3273,Fiji,FJI,1963,1467550170,0.15770512704175554,21.106860296475677
3274,Fiji,FJI,1964,1698990356,-0.1456027605609317,21.25330000333993
3275,Fiji,FJI,1965,1451612670,0.02645789596201298,21.095940961564907
3276,Fiji,FJI,1966,1490019287,0.1440892758054615,21.122054901115305
3277,Fiji,FJI,1967,1704715087,0.11861982951993433,21.256663829319567
3278,Fiji,FJI,1968,1906928100,0.03747987981298295,21.36875945965517
3279,Fiji,FJI,1969,1978399536,0.11289390183116188,21.405554039638496
3280,Fiji,FJI,1970,2201748779,0.10749656012412845,21.512517781090814
3281,Fiji,FJI,1971,2438429199,0.07293623824425022,21.614619898040417
3282,Fiji,FJI,1972,2616279052,0.11617101423781917,21.68501893610621
3283,Fiji,FJI,1973,2920214843,0.03119678650301272,21.794923026889855
3284,Fiji,FJI,1974,3011316162,0.016696784161848388,21.82564308325846
3285,Fiji,FJI,1975,3061595458,0.008886952039631524,21.842202008536646
3286,Fiji,FJI,1976,3088803710,0.07084495893719311,21.85104970402728
3287,Fiji,FJI,1977,3307629882,0.04314111012738753,21.91949772211662
3288,Fiji,FJI,1978,3450324707,0.18079621976865723,21.961734181531877
3289,Fiji,FJI,1979,4074130371,0.001250266814301737,22.127923154975388
3290,Fiji,FJI,1980,4079224121,-0.023556450479225832,22.129172640856986
3291,Fiji,FJI,1981,3983132080,-0.03276395845753621,22.105334301530075
3292,Fiji,FJI,1982,3852628906,-0.06406827779742563,22.07202158494918
3293,Fiji,FJI,1983,3605797607,0.072453372450197,22.00580883341915
3294,Fiji,FJI,1984,3867049804,-0.010464072109478306,22.075757728723183
3295,Fiji,FJI,1985,3826584716,0.007433794652724979,22.06523852326096
3296,Fiji,FJI,1986,3855030761,-0.001541398335939248,22.072644823437003
3297,Fiji,FJI,1987,3849088623,0.052143786142177406,22.071102235924492
3298,Fiji,FJI,1988,4049794677,0.09944195079497864,22.121932019742683
3299,Fiji,FJI,1989,4452514160,0.13600165979034196,22.216734753358857
3300,Fiji,FJI,1990,5058063476,-0.07030572899832865,22.344249534739795
3301,Fiji,FJI,1991,4702452636,0.028468251859708804,22.271350046999423
3302,Fiji,FJI,1992,4836323242,0.0036804413413522585,22.299420608242713
3303,Fiji,FJI,1993,4854123046,0.049337688544453195,22.303094293332084
3304,Fiji,FJI,1994,5093614257,-0.020538507378376814,22.351253485665843
3305,Fiji,FJI,1995,4988999023,0.04413705153776304,22.330501129994463
3306,Fiji,FJI,1996,5209198730,-0.02841624723347802,22.37369188625836
3307,Fiji,FJI,1997,5061172851,-0.021529563839826293,22.344864082122104
3308,Fiji,FJI,1998,4952208007,0.07292537015600353,22.323099376091125
3309,Fiji,FJI,1999,5313349609,0.02184411690196386,22.393488284810083
3310,Fiji,FJI,2000,5429415039,-0.006344473161945752,22.41509723746491
3311,Fiji,FJI,2001,5394968261,-0.01110210572191539,22.408732552599353
3312,Fiji,FJI,2002,5335072753,-0.06392589788175285,22.397568358533107
3313,Fiji,FJI,2003,4994023437,-0.0029539214595399876,22.331507721824618
3314,Fiji,FJI,2004,4979271484,-0.019594416234083756,22.328549428928373
3315,Fiji,FJI,2005,4881705566,0.12558577032378104,22.308760496979648
3316,Fiji,FJI,2006,5494778320,0.026947636533588115,22.427064081859022
3317,Fiji,FJI,2007,5642849609,0.09830143162335703,22.453655024683357
3318,Fiji,FJI,2008,6197549804,0.08602371063737246,22.547419857984938
3319,Fiji,FJI,2009,6730686035,0.10755804820421999,22.629942912257764
3320,Fiji,FJI,2010,7454625488,0.06476225006570036,22.732100547549784
3321,Fiji,FJI,2011,7937403808,0.06521098957801685,22.794852082414625
3322,Fiji,FJI,2012,8455009765,0.10185633286492135,22.858024974234194
3323,Fiji,FJI,2013,9316206054,0.1486089586227608,22.955021307015013
3324,Fiji,FJI,2014,10700677734,0.053161516694639754,23.09357291603457
3325,Fiji,FJI,2015,11269541992,-0.01425587899792613,23.145369524598195
3326,Fiji,FJI,2016,11108884765,0.026584858088587904,23.131011054371303
3327,Fiji,FJI,2017,11404212890,0.08967783115455319,23.157248675833817
3328,Fiji,FJI,2018,12426917968,-0.015027075456751748,23.243130760637996
3330,Finland,FIN,1950,26417300781,0.12473138089754787,23.997284965075668
3331,Finland,FIN,1951,29712367187,0.022989559017662753,24.11482919968584
3332,Finland,FIN,1952,30395441406,-0.007355132534968556,24.1375584803644
3333,Finland,FIN,1953,30171878906,0.10844120812606572,24.130176165473557
3334,Finland,FIN,1954,33443753906,0.08149328612034301,24.233130876817004
3335,Finland,FIN,1955,36169195312,0.018023581458659566,24.311473635275604
3336,Finland,FIN,1956,36821093750,0.008633807897137746,24.329336717633343
3337,Finland,FIN,1957,37139000000,0.0019225704246210729,24.337933467360394
3338,Finland,FIN,1958,37210402343,0.07612318170843069,24.33985419201187
3339,Finland,FIN,1959,40042976562,0.10159806818309125,24.41321912834066
3340,Finland,FIN,1960,44111265625,0.09982675202373548,24.509981043125002
3341,Finland,FIN,1961,48514750000,0.020452623294977323,24.605133712364946
3342,Finland,FIN,1962,49507003906,0.01020176044098653,24.625379989562365
3343,Finland,FIN,1963,50012062500,0.03175640126819412,24.635530063278456
3344,Finland,FIN,1964,51600265625,0.062153719523609485,24.666792657191998
3345,Finland,FIN,1965,54807414062,0.03078663656875369,24.727091314851286
3346,Finland,FIN,1966,56494750000,0.030069580571645993,24.75741355042746
3347,Finland,FIN,1967,58193523437,0.054276940447152144,24.787039904340393
3348,Finland,FIN,1968,61352089843,0.10031818777078261,24.839895071793737
3349,Finland,FIN,1969,67506820312,0.07669630141177963,24.93549447137979
3350,Finland,FIN,1970,72684343750,0.019911655665185712,25.009391844098516
3351,Finland,FIN,1971,74131609375,0.0673572950742376,25.0291078555507
3352,Finland,FIN,1972,79124914062,0.06923595593048448,25.094293631305895
3353,Finland,FIN,1973,84603203125,0.036477083739256955,25.161237964839476
3354,Finland,FIN,1974,87689281250,-0.027959250298907,25.197065508216458
3355,Finland,FIN,1975,85237554687,-0.0008542302775739197,25.168707956376785
3356,Finland,FIN,1976,85164742187,0.005878129401258425,25.167853361036617
3357,Finland,FIN,1977,85665351562,0.03926598459781627,25.173714281639345
3358,Finland,FIN,1978,89029085937,0.07869706906749463,25.212228961569256
3359,Finland,FIN,1979,96035414062,0.06135065897874159,25.28798285686784
3360,Finland,FIN,1980,101927250000,0.01687018191896672,25.347525160463267
3361,Finland,FIN,1981,103646781250,0.01065389753239443,25.364254621318036
3362,Finland,FIN,1982,104751023437,0.014704659433961487,25.374852165982553
3363,Finland,FIN,1983,106291351562,0.027087619507035532,25.389449760207462
3364,Finland,FIN,1984,109170531250,0.008566228232950834,25.416177003490375
3365,Finland,FIN,1985,110105710937,0.06312612502885484,25.42470674978395
3366,Finland,FIN,1986,117056257812,0.04834541030765682,25.48592049217958
3367,Finland,FIN,1987,122715390625,0.07588201103035042,25.533133613763805
3368,Finland,FIN,1988,132027281250,0.039899660889214816,25.606274414314576
3369,Finland,FIN,1989,137295125000,0.0004928935022274761,25.645398642899153
3370,Finland,FIN,1990,137362796875,-0.08485580896119183,25.64589141496928
3371,Finland,FIN,1991,125706765625,-0.0367065192558127,25.557217774682083
3372,Finland,FIN,1992,121092507812,-0.0025175096916258966,25.519820617812872
3373,Finland,FIN,1993,120787656250,0.06673449403071774,25.51729993386512
3374,Finland,FIN,1994,128848359375,0.11880596073751915,25.58190204113485
3375,Finland,FIN,1995,144156312500,-0.0007761756877625592,25.694164051261748
3376,Finland,FIN,1996,144044421875,0.0897648435926286,25.69338757419368
3377,Finland,FIN,1997,156974546875,0.08196840431236319,25.77934950733627
3378,Finland,FIN,1998,169841500000,0.04999551052010265,25.858131486144146
3379,Finland,FIN,1999,178332812500,0.04583004039147309,25.906917374609296
3380,Finland,FIN,2000,186505812500,0.007248182278501325,25.951728241764464
3381,Finland,FIN,2001,187857640625,-0.004248479712322006,25.958950282214282
3382,Finland,FIN,2002,187059531250,0.019141550024599496,25.95469275206921
3383,Finland,FIN,2003,190640140625,0.0470551150486489,25.973653407383498
3384,Finland,FIN,2004,199610734375,0.06793057456281892,26.01963497881158
3385,Finland,FIN,2005,213170406250,0.021015244112947862,26.08535771214567
3386,Finland,FIN,2006,217650234375,0.08753931820800509,26.106155181787695
3387,Finland,FIN,2007,236703187500,0.03833928619993765,26.19007281978886
3388,Finland,FIN,2008,245778218750,-0.08313198522600973,26.227695416441584
3389,Finland,FIN,2009,225346187500,0.03503817321071834,26.140903667812598
3390,Finland,FIN,2010,233241906250,0.018590409286710186,26.17534197617899
3391,Finland,FIN,2011,237577968750,-0.009169226681503884,26.193761696019592
3392,Finland,FIN,2012,235399562500,-0.042818155195169516,26.184550173232203
3393,Finland,FIN,2013,225320187500,-0.002808780726760274,26.140788283122408
3394,Finland,FIN,2014,224687312500,0.016285270891742032,26.137975550369077
3395,Finland,FIN,2015,228346406250,0.025106181192636967,26.154129638551233
3396,Finland,FIN,2016,234079312500,0.03190538516726038,26.178925837183836
3397,Finland,FIN,2017,241547703125,0.010532016417823309,26.21033281900077
3398,Finland,FIN,2018,244091687500,0.018271246434805377,26.220809760098955
3400,France,FRA,1950,324868687500,0.05442044949315106,26.50668689916908
3401,France,FRA,1951,342548187500,0.027847815571933277,26.559678178182956
3402,France,FRA,1952,352087406250,0.03981965770751006,26.587145294930114
3403,France,FRA,1953,366107406250,0.05628991901881264,26.626192586996357
3404,France,FRA,1954,386715562500,0.054464125684106746,26.680955279125364
3405,France,FRA,1955,407777687500,0.05064302040802571,26.733987979269138
3406,France,FRA,1956,428428781250,0.055652627795999665,26.78339035638657
3407,France,FRA,1957,452271968750,0.030831144672836874,26.83754953660365
3408,France,FRA,1958,466216031250,0.02803555460106244,26.867914950022485
3409,France,FRA,1959,479286656250,0.083043726506834,26.89556470264517
3410,France,FRA,1960,519088406250,0.049193149842190254,26.975340045201534
3411,France,FRA,1961,544624000000,0.06801825663209837,27.023361485256558
3412,France,FRA,1962,581668375000,0.06346045115483534,27.089166319873268
3413,France,FRA,1963,618581312500,0.06632040391617866,27.15069448739739
3414,France,FRA,1964,659605875000,0.04695038533427254,27.21490833450547
3415,France,FRA,1965,690574625000,0.05419879495282642,27.26078987781572
3416,France,FRA,1966,728002937500,0.04996906348334629,27.31357092016243
3417,France,FRA,1967,764380562500,0.042980635709192194,27.362331620548613
3418,France,FRA,1968,797234125000,0.07116996528466468,27.404414230440146
3419,France,FRA,1969,853973250000,0.06079113133813041,27.473165707059387
3420,France,FRA,1970,905887250000,0.05949305501319291,27.53218068712146
3421,France,FRA,1971,959781250000,0.0530667795396087,27.58997123085988
3422,France,FRA,1972,1010713750000,0.07242320093102528,27.64167788036706
3423,France,FRA,1973,1083912875000,0.047872966727145805,27.711598642099634
3424,France,FRA,1974,1135803000000,-0.0033569862027129638,27.758361005696344
3425,France,FRA,1975,1131990125000,0.049215424913711114,27.754998372173254
3426,France,FRA,1976,1187701500000,0.041894154381382886,27.803041042670998
3427,France,FRA,1977,1237459250000,0.04670618446627639,27.844081401554146
3428,France,FRA,1978,1295256250000,0.042343165686326456,27.889729667952963
3429,France,FRA,1979,1350101500000,0.020631041443921028,27.931200890737806
3430,France,FRA,1980,1377955500000,-0.019713172885481467,27.95162199482006
3431,France,FRA,1981,1350791625000,-0.001719732308822941,27.93171192540899
3432,France,FRA,1982,1348468625000,-0.01424514048296821,27.929990712663013
3433,France,FRA,1983,1329259500000,-0.01042159187126368,27.915643136192664
3434,France,FRA,1984,1315406500000,-0.016196894268045603,27.905166859264124
3435,France,FRA,1985,1294101000000,0.055458480443180136,27.88883736151155
3436,France,FRA,1986,1365869875000,0.02949310965658425,27.942812612656766
3437,France,FRA,1987,1406153625000,0.05092517896115378,27.971879167217292
3438,France,FRA,1988,1477762250000,0.03684768980937214,28.021550066246036
3439,France,FRA,1989,1532214375000,0.03190178593644899,28.057735108919594
3440,France,FRA,1990,1581094750000,0.003630712201150521,28.08913860278391
3441,France,FRA,1991,1586835250000,0.01833507920875843,28.092762739859637
3442,France,FRA,1992,1615930000000,-0.002061351667460798,28.110931758257568
3443,France,FRA,1993,1612599000000,0.020348053049766168,28.108868279080557
3444,France,FRA,1994,1645412250000,0.022628219766809288,28.129012076651705
3445,France,FRA,1995,1682645000000,0.022426893373230783,28.15138807602976
3446,France,FRA,1996,1720381500000,0.05733764574892253,28.17356718448499
3447,France,FRA,1997,1819024125000,0.056100822741974365,28.22932127815833
3448,France,FRA,1998,1921072875000,0.04696086815550915,28.283904934966266
3449,France,FRA,1999,2011288125000,0.05838403933300218,28.329796490946556
3450,France,FRA,2000,2128715250000,0.026745239881191152,28.386539744656186
3451,France,FRA,2001,2185648250000,0.005318101849188128,28.41293358239692
3452,France,FRA,2002,2197271750000,-0.024183626809018977,28.41823759307923
3453,France,FRA,2003,2144133750000,0.020504551080360534,28.393756740586863
3454,France,FRA,2004,2188098250000,0.08431911135617431,28.414053903502065
3455,France,FRA,2005,2372596750000,0.0252966501787546,28.4950061463672
3456,France,FRA,2006,2432615500000,0.04672429736635331,28.519988131893726
3457,France,FRA,2007,2546277750000,0.00875650741557954,28.56565370280801
3458,France,FRA,2008,2568574250000,-0.03155709826180808,28.57437209435882
3459,France,FRA,2009,2487517500000,0.041845333751420855,28.542306341130292
3460,France,FRA,2010,2591608500000,0.02865353698292017,28.58329984134397
3461,France,FRA,2011,2665867250000,0.013209866320237795,28.611550542746894
3462,France,FRA,2012,2701083000000,-0.009561350021454307,28.624673919626385
3463,France,FRA,2013,2675257000000,0.0020018637461747257,28.615066566427988
3464,France,FRA,2014,2680612500000,0.01855219655955498,28.617066429115056
3465,France,FRA,2015,2730343750000,0.012973274885259345,28.63544863294961
3466,France,FRA,2016,2765765250000,0.03762114300915442,28.64833847572131
3467,France,FRA,2017,2869816500000,0.01126352503722794,28.68526920637377
3468,France,FRA,2018,2902140750000,0.015442910548015387,28.69646977024818
3470,Gabon,GAB,1960,1972445068,0.08035563198761797,21.402539761373827
3471,Gabon,GAB,1961,2130942138,0.12034912934834452,21.479830037183696
3472,Gabon,GAB,1962,2387399169,0.20701688281437103,21.593470396547744
3473,Gabon,GAB,1963,2881631103,0.11744972375112517,21.781622325984017
3474,Gabon,GAB,1964,3220077880,0.12055645436749507,21.892671382545647
3475,Gabon,GAB,1965,3608279052,-0.07072108124746002,22.006496778728067
3476,Gabon,GAB,1966,3353097656,0.09732612273192909,21.9331504289691
3477,Gabon,GAB,1967,3679441650,0.025297934810299294,22.026026852072288
3478,Gabon,GAB,1968,3772523925,0.07210810227002074,22.05101009053448
3479,Gabon,GAB,1969,4044553466,0.18037259690906993,22.120636989768705
3480,Gabon,GAB,1970,4774080078,0.03990675960337331,22.286467138496985
3481,Gabon,GAB,1971,4964598144,-0.009813133024448084,22.325598193403557
3482,Gabon,GAB,1972,4915879882,0.1580681311691985,22.315736594258922
3483,Gabon,GAB,1973,5692923828,0.30893735611738804,22.462489806885568
3484,Gabon,GAB,1974,7451680664,0.10505481867761368,22.73170543637894
3485,Gabon,GAB,1975,8234515625,0.2059773883785665,22.83160037978114
3486,Gabon,GAB,1976,9930639648,-0.039667714765920015,23.01889072863886
3487,Gabon,GAB,1977,9536713867,0.0714033297524328,22.978414804681446
3488,Gabon,GAB,1978,10217666992,0.009962447208320624,23.047384116993154
3489,Gabon,GAB,1979,10319459960,0.028874641226865227,23.05729726617323
3490,Gabon,GAB,1980,10617430664,-0.054190535941134876,23.08576288977954
3491,Gabon,GAB,1981,10042066406,-0.04938998797136618,23.03004874736319
3492,Gabon,GAB,1982,9546088867,0.09854135899068206,22.979397364831012
3493,Gabon,GAB,1983,10486773437,0.10582396574760677,23.073380627388705
3494,Gabon,GAB,1984,11596525390,-0.0864442659578396,23.17397135484423
3495,Gabon,GAB,1985,10594072265,-0.22584683539535966,23.083560461359433
3496,Gabon,GAB,1986,8201434570,-0.024539699766208067,22.827574923476053
3497,Gabon,GAB,1987,8000173828,-0.09708382801404303,22.802729106890187
3498,Gabon,GAB,1988,7223486328,0.3031220046077452,22.70060354422063
3499,Gabon,GAB,1989,9413083984,0.20272999329908026,22.965366471600664
3500,Gabon,GAB,1990,11321398437,0.043868721321286275,23.149960438928858
3501,Gabon,GAB,1991,11818053710,-0.048834100534816405,23.192894174621795
3502,Gabon,GAB,1992,11240929687,0.011981013826263265,23.142827390358025
3503,Gabon,GAB,1993,11375607421,-0.0891433338432539,23.154737200006068
3504,Gabon,GAB,1994,10361547851,0.11983704402621309,23.061367469084896
3505,Gabon,GAB,1995,11603245117,0.12752199320792812,23.1745506474011
3506,Gabon,GAB,1996,13082914062,-0.12519474646381734,23.294572945776668
3507,Gabon,GAB,1997,11445001953,-0.13521032397852661,23.16081896099313
3508,Gabon,GAB,1998,9897519531,0.1825036063169554,23.01555001026921
3509,Gabon,GAB,1999,11703852539,0.19997238150438723,23.18318390138801
3510,Gabon,GAB,2000,14044299804,-0.08967202897799942,23.365482442504092
3511,Gabon,GAB,2001,12784918945,0.05304070341917999,23.271532105818075
3512,Gabon,GAB,2002,13463040039,0.13073045099037905,23.32321399294191
3513,Gabon,GAB,2003,15223069335,0.20833890644563624,23.44607783363445
3514,Gabon,GAB,2004,18394626953,0.3595707561180679,23.635324445493215
3515,Gabon,GAB,2005,25008796875,-0.03564003732186738,23.942493474921122
3516,Gabon,GAB,2006,24117482421,0.05056141605967168,23.906202826118907
3517,Gabon,GAB,2007,25336896484,0.187749446109313,23.955527529358463
3518,Gabon,GAB,2008,30093884765,-0.3654458582824974,24.12758782410716
3519,Gabon,GAB,2009,19096199218,0.1749168018131848,23.672755158375107
3520,Gabon,GAB,2010,22436445312,0.4037715909549513,23.833952496496796
3521,Gabon,GAB,2011,31495644531,-0.09068856867458785,24.173115104360836
3522,Gabon,GAB,2012,28639349609,0.050959647894425864,24.078047469598037
3523,Gabon,GAB,2013,30098800781,0.007769269769299703,24.12775116674477
3524,Gabon,GAB,2014,30332646484,-0.022541204090472555,24.13549041115417
3525,Gabon,GAB,2015,29648912109,-0.0012053825404659824,24.11269127062089
3526,Gabon,GAB,2016,29613173828,0.030217033479671196,24.111485161022575
3527,Gabon,GAB,2017,30507996093,0.06265679322800866,24.141254653183626
3528,Gabon,GAB,2018,32419529296,0.03820402911132992,24.202026834209615
3530,Gambia,GMB,1960,949789733,-0.06517478642822938,20.671751184376735
3531,Gambia,GMB,1961,887887390,0.010574994200559518,20.604355479851925
3532,Gambia,GMB,1962,897276794,0.05666906727111898,20.61487494990332
3533,Gambia,GMB,1963,948124633,0.1172870687349814,20.669996520987233
3534,Gambia,GMB,1964,1059327392,0.11649191452230467,20.780900007818257
3535,Gambia,GMB,1965,1182730468,0.017724974173912944,20.891091558282948
3536,Gambia,GMB,1966,1203694335,-0.006727943934371039,20.908661277016716
3537,Gambia,GMB,1967,1195595947,0.0678128611956561,20.90191059843857
3538,Gambia,GMB,1968,1276672729,-0.0167963805546284,20.967523100023552
3539,Gambia,GMB,1969,1255229248,0.14688289353818496,20.950584060577523
3540,Gambia,GMB,1970,1439600952,0.0028707191352288497,21.087631795463736
3541,Gambia,GMB,1971,1443733642,0.01448829298666432,21.09049840195374
3542,Gambia,GMB,1972,1464650878,0.09073536362567891,21.104882742483028
3543,Gambia,GMB,1973,1597546508,0.05847016880712941,21.191734856781235
3544,Gambia,GMB,1974,1690955322,0.059926917454061535,21.24855948546118
3545,Gambia,GMB,1975,1792289062,-0.015905811514682955,21.30675944541023
3546,Gambia,GMB,1976,1763781250,0.012287167130277554,21.290725778904882
3547,Gambia,GMB,1977,1785453125,0.060180500118142355,21.302938071503778
3548,Gambia,GMB,1978,1892902587,-0.03055996985649423,21.36137724826155
3549,Gambia,GMB,1979,1835055541,0.003370502342740833,21.33034058556982
3550,Gambia,GMB,1980,1841240600,0.18443169784546365,21.333705420500657
3551,Gambia,GMB,1981,2180823730,0.07008779246913277,21.502968500175292
3552,Gambia,GMB,1982,2333672851,-0.04157458658287316,21.570709194319843
3553,Gambia,GMB,1983,2236651367,0.02933298723618205,21.528245658851016
3554,Gambia,GMB,1984,2302259033,0.03212908753521648,21.557156666111098
3555,Gambia,GMB,1985,2376228515,0.035747647780415504,21.58878041016896
3556,Gambia,GMB,1986,2461173095,0.007357232222628296,21.623903941111504
3557,Gambia,GMB,1987,2479280517,0.032659739567501234,21.63123424091916
3558,Gambia,GMB,1988,2560253173,0.035473653526842064,21.66337198625115
3559,Gambia,GMB,1989,2651074707,0.037595123116234364,21.698230944542765
3560,Gambia,GMB,1990,2750742187,0.027253830749497387,21.735136598393986
3561,Gambia,GMB,1991,2825710449,0.025840777148925742,21.7620256562991
3562,Gambia,GMB,1992,2898729003,0.036651468933468934,21.78753820304077
3563,Gambia,GMB,1993,3004971679,0.0014367466522802186,21.823533980263544
3564,Gambia,GMB,1994,3009289062,0.023722850988782795,21.824969695782887
3565,Gambia,GMB,1995,3080677978,0.023474344126986235,21.848415532435713
3566,Gambia,GMB,1996,3152994873,0.023320539348051117,21.871618591437603
3567,Gambia,GMB,1997,3226524414,0.006551908272651952,21.8946713620247
3568,Gambia,GMB,1998,3247664306,0.08744881497613743,21.901201899840405
3569,Gambia,GMB,1999,3531668701,0.0871788916420222,21.985036316024825
3570,Gambia,GMB,2000,3839555664,0.03607785929471041,22.06862248435084
3571,Gambia,GMB,2001,3978078613,-0.050965097405932025,22.1040647791236
3572,Gambia,GMB,2002,3775335449,0.10320611248020528,22.051755076361776
3573,Gambia,GMB,2003,4164973144,0.2383888843149764,22.149975664525222
3574,Gambia,GMB,2004,5157856445,0.06893250108669902,22.363786912494415
3575,Gambia,GMB,2005,5513400390,-0.07387629070777502,22.430447400435916
3576,Gambia,GMB,2006,5106090820,0.02520178773475079,22.35369994252487
3577,Gambia,GMB,2007,5234773437,-0.05366242653683739,22.378589401822342
3578,Gambia,GMB,2008,4953862792,0.026953102781858362,22.323433471223083
3579,Gambia,GMB,2009,5087384765,0.04212405388999518,22.350029736844345
3580,Gambia,GMB,2010,5301686035,-0.10348040272060355,22.391290726726428
3581,Gambia,GMB,2011,4753065429,0.036102728978444354,22.28205560031564
3582,Gambia,GMB,2012,4924664062,-0.024204934691847813,22.317521898482582
3583,Gambia,GMB,2013,4805462890,-0.034729354657444866,22.29301920979638
3584,Gambia,GMB,2014,4638572265,0.021085400078379557,22.257672454326134
3585,Gambia,GMB,2015,4736378417,-0.02112204372035087,22.27853863357428
3586,Gambia,GMB,2016,4636336425,0.04671109689802111,22.257190327737497
3587,Gambia,GMB,2017,4852904785,0.11907122303039364,22.30284328735423
3588,Gambia,GMB,2018,5430746093,0.0413473344462616,22.415342363479244
3590,Georgia,GEO,1990,63675992187,-0.1392172555233434,24.877073439740002
3591,Georgia,GEO,1991,54811195312,-0.5621426208388907,24.7271603040498
3592,Georgia,GEO,1992,23999486328,-0.38850530413735773,23.90129826406531
3593,Georgia,GEO,1993,14675558593,-0.1284053284962412,23.40944926619509
3594,Georgia,GEO,1994,12791138671,0.05804593727713492,23.272018476799563
3595,Georgia,GEO,1995,13533612304,0.16176592729443984,23.32844222826959
3596,Georgia,GEO,1996,15722889648,0.0939214007768503,23.478383426902003
3597,Georgia,GEO,1997,17199605468,-0.027561497028636417,23.568152282595765
3598,Georgia,GEO,1998,16725558593,-0.0005370476537482904,23.540203841087582
3599,Georgia,GEO,1999,16716576171,-0.00022140724046237903,23.53966664917209
3600,Georgia,GEO,2000,16712875000,0.06254990066041888,23.539445217417427
3601,Georgia,GEO,2001,17758263671,0.06979409124463154,23.60011680345848
3602,Georgia,GEO,2002,18997685546,0.11145837564649197,23.66758299532458
3603,Georgia,GEO,2003,21115136718,0.08833654770560595,23.773256000234397
3604,Georgia,GEO,2004,22980375000,0.11628213338555171,23.857906427771734
3605,Georgia,GEO,2005,25652582031,0.14876715780065397,23.967910067473518
3606,Georgia,GEO,2006,29468843750,0.11823013816074823,24.106599398111243
3607,Georgia,GEO,2007,32952949218,0.04404776936345178,24.218346599746877
3608,Georgia,GEO,2008,34404453125,0.015554740575461468,24.261451844255806
3609,Georgia,GEO,2009,34939605468,0.045646734862552885,24.276886849888513
3610,Georgia,GEO,2010,36534484375,0.08557903554646784,24.321522428910857
3611,Georgia,GEO,2011,39661070312,0.07712823322557849,24.403635946865037
3612,Georgia,GEO,2012,42720058593,0.03819643419841601,24.4779344031564
3613,Georgia,GEO,2013,44351812500,0.06836257043610106,24.515419412961624
3614,Georgia,GEO,2014,47383816406,0.07815943222612698,24.581546581314548
3615,Georgia,GEO,2015,51087308593,0.044392676115859286,24.656801939179434
3616,Georgia,GEO,2016,53355210937,0.07973909238262711,24.70023748446978
3617,Georgia,GEO,2017,57609707031,0.052095644964572196,24.77695691529329
3618,Georgia,GEO,2018,60610921875,0.12467328108924258,24.82774094274279
3620,Germany,DEU,1950,359301812500,0.10669459815207594,26.607428575584194
3621,Germany,DEU,1951,397637375000,0.0919653082158085,26.70880630882002
3622,Germany,DEU,1952,434206218750,0.0859959326641957,26.796785416604944
3623,Germany,DEU,1953,471546187500,0.08661306905381361,26.879282892864918
3624,Germany,DEU,1954,512388250000,0.13940576311029762,26.962348475402393
3625,Germany,DEU,1955,583818125000,0.07758516404402482,27.09285534147579
3626,Germany,DEU,1956,629113750000,0.057037479311173866,27.16757791990411
3627,Germany,DEU,1957,664996812500,0.03337487801868222,27.223048084357696
3628,Germany,DEU,1958,687191000000,0.0848106639929802,27.255878110906714
3629,Germany,DEU,1959,745472125000,0.09566244680174996,27.3372835794394
3630,Germany,DEU,1960,816785812500,0.040568239546888485,27.428642734032888
3631,Germany,DEU,1961,849921375000,0.03659647340908445,27.468409682152384
3632,Germany,DEU,1962,881025500000,0.022889093448487108,27.504352406845094
3633,Germany,DEU,1963,901191375000,0.07458876312481344,27.526983474886134
3634,Germany,DEU,1964,968410125000,0.050432274239181396,27.598921517345993
3635,Germany,DEU,1965,1017249250000,0.02785410016276746,27.648123286546053
3636,Germany,DEU,1966,1045583812500,-0.007275600395735826,27.675596517594883
3637,Germany,DEU,1967,1037976562500,0.05848632781628926,27.668294320937555
3638,Germany,DEU,1968,1098684000000,0.07571399055597428,27.725134215882242
3639,Germany,DEU,1969,1181869750000,0.049072137602303556,27.79811883425514
3640,Germany,DEU,1970,1239866625000,0.031479192368776054,27.846024929276577
3641,Germany,DEU,1971,1278896625000,0.04796595659168301,27.877018810395573
3642,Germany,DEU,1972,1340240125000,0.05567826884753213,27.923869911598562
3643,Germany,DEU,1973,1414862375000,0.01635689124887496,27.978053380809445
3644,Germany,DEU,1974,1438005125000,-0.0003406629027139507,27.9942779391988
3645,Germany,DEU,1975,1437515250000,0.05432846712408801,27.993937218257297
3646,Germany,DEU,1976,1515613250000,0.0374283314031465,28.046841258464887
3647,Germany,DEU,1977,1572340125000,0.03452282628734671,28.083586151035956
3648,Germany,DEU,1978,1626621750000,0.046152017209901475,28.117526434039338
3649,Germany,DEU,1979,1701693625000,0.013825270691720348,28.16264512106304
3650,Germany,DEU,1980,1725220000000,-0.020900885104508382,28.1763756945117
3651,Germany,DEU,1981,1689161375000,-0.02273583836831461,28.155253293891114
3652,Germany,DEU,1982,1650756875000,-2.02937213270582e-05,28.132255010786007
3653,Germany,DEU,1983,1650723375000,0.009283505784244417,28.13223471685876
3654,Germany,DEU,1984,1666047875000,0.0012549909467638454,28.141475395754913
3655,Germany,DEU,1985,1668138750000,0.07922677295278935,28.14272959985879
3656,Germany,DEU,1986,1800300000000,0.044202424595900736,28.218974433609986
3657,Germany,DEU,1987,1879877625000,0.053220352574811836,28.262227797566652
3658,Germany,DEU,1988,1979925375000,0.04275861912219803,28.31408027053079
3659,Germany,DEU,1989,2064584250000,0.07597946172455794,28.355949990352464
3660,Germany,DEU,1990,2221450250000,0.05544396053884171,28.429181364293303
3661,Germany,DEU,1991,2344616250000,0.03591792473501787,28.48314285837988
3662,Germany,DEU,1992,2428830000000,0.010692390986606792,28.518430775850096
3663,Germany,DEU,1993,2454800000000,0.03921582206289709,28.529066407461354
3664,Germany,DEU,1994,2551067000000,0.03593506168203353,28.56753281895344
3665,Germany,DEU,1995,2642739750000,0.013697905743461858,28.602837279052046
3666,Germany,DEU,1996,2678939750000,0.032994303063366814,28.616442216503145
3667,Germany,DEU,1997,2767329500000,0.03442181352094131,28.648903891681943
3668,Germany,DEU,1998,2862586000000,0.040392498251580866,28.682746528025728
3669,Germany,DEU,1999,2978213000000,0.019225874710774526,28.722344572145705
3670,Germany,DEU,2000,3035471750000,0.013554482923453293,28.741387964934308
3671,Germany,DEU,2001,3076616000000,-0.0035405783497193255,28.754851407600597
3672,Germany,DEU,2002,3065723000000,0.024412022873560257,28.75130454656942
3673,Germany,DEU,2003,3140563500000,0.028811310454318173,28.775423358346668
3674,Germany,DEU,2004,3231047250000,0.049773103751423076,28.803827426619414
3675,Germany,DEU,2005,3391866500000,0.023127531699729253,28.852401475772364
3676,Germany,DEU,2006,3470312000000,0.05621583880642422,28.875265619390003
3677,Germany,DEU,2007,3665398500000,0.02325320152774668,28.92995817659782
3678,Germany,DEU,2008,3750630750000,-0.06732540919950603,28.952945141766833
3679,Germany,DEU,2009,3498118000000,0.04982221869016423,28.88324622551803
3680,Germany,DEU,2010,3672402000000,0.051406749587871836,28.931867059818792
3681,Germany,DEU,2011,3861188250000,-0.007820131535933306,28.98199608882083
3682,Germany,DEU,2012,3830993250000,0.002279957032030877,28.974145219703455
3683,Germany,DEU,2013,3839727750000,0.03495820764896673,28.97642258157727
3684,Germany,DEU,2014,3973957750000,-0.010790502239234945,29.010783628396222
3685,Germany,DEU,2015,3931076750000,0.029876292799421833,28.999934486471748
3686,Germany,DEU,2016,4048522750000,0.04643564124716848,29.029373177421988
3687,Germany,DEU,2017,4236518500000,0.006257968659879598,29.07476293938762
3688,Germany,DEU,2018,4263030500000,0.002880931769078332,29.081001408272
3690,Ghana,GHA,1955,23261642578,0.028242409829705384,23.87007159968632
3691,Ghana,GHA,1956,23918607421,-0.02302486287376737,23.89792254614848
3692,Ghana,GHA,1957,23367884765,0.05804006017829222,23.87462847070336
3693,Ghana,GHA,1958,24724158203,0.16116116816937853,23.9310466674853
3694,Ghana,GHA,1959,28708732421,0.09288971922874989,24.080467178972683
3695,Ghana,GHA,1960,31375478515,-0.027874014625207666,24.16929248575616
3696,Ghana,GHA,1961,30500917968,0.010136669831523504,24.141022617418336
3697,Ghana,GHA,1962,30810095703,0.09192255049451958,24.151108255781907
3698,Ghana,GHA,1963,33642238281,0.07103653761199635,24.239048206133795
3699,Ghana,GHA,1964,36032066406,-0.01230826406131813,24.30767511243485
3700,Ghana,GHA,1965,35588574218,-0.009023919728640584,24.29529047435668
3701,Ghana,GHA,1966,35267425781,-0.06443368365218871,24.286225592451938
3702,Ghana,GHA,1967,32995015625,0.00932740312954472,24.219622345338284
3703,Ghana,GHA,1968,33302773437,0.08279481227640306,24.228906516861088
3704,Ghana,GHA,1969,36060070312,0.09596952915114998,24.308452004581024
3705,Ghana,GHA,1970,39520738281,0.044582408214956404,24.400091390850978
3706,Ghana,GHA,1971,41282667968,-0.15151466692628657,24.443708587038977
3707,Ghana,GHA,1972,35027738281,0.12512962660730698,24.279406106870127
3708,Ghana,GHA,1973,39410746093,0.13246278108211818,24.397304359539717
3709,Ghana,GHA,1974,44631203125,-0.11300101141963115,24.52169907298807
3710,Ghana,GHA,1975,39587832031,-0.09240617554240926,24.401787636044705
3711,Ghana,GHA,1976,35929671875,0.14819956431901038,24.304829305689477
3712,Ghana,GHA,1977,41254433593,0.0005634811091903558,24.44302442499385
3713,Ghana,GHA,1978,41277679687,-0.06025663081986021,24.443587747407175
3714,Ghana,GHA,1979,38790425781,0.004536396454977609,24.38143929490417
3715,Ghana,GHA,1980,38966394531,-0.06193728429454626,24.385965432925264
3716,Ghana,GHA,1981,36552921875,-0.14292959011228157,24.322026961807484
3717,Ghana,GHA,1982,31328427734,-0.008663694338718275,24.167791756610395
3718,Ghana,GHA,1983,31057007812,0.09317316418621369,24.159090314289084
3719,Ghana,GHA,1984,33950687500,0.0702336430742383,24.248174941114268
3720,Ghana,GHA,1985,36335167968,0.02288760576894555,24.31605192376475
3721,Ghana,GHA,1986,37166792968,0.02248468396828085,24.338681537414853
3722,Ghana,GHA,1987,38002476562,0.09858568016975644,24.36091716723336
3723,Ghana,GHA,1988,41748976562,-0.000727001342294642,24.454940774457786
3724,Ghana,GHA,1989,41718625000,0.037203575884871665,24.454213508721864
3725,Ghana,GHA,1990,43270707031,0.09888654285067533,24.49074173103122
3726,Ghana,GHA,1991,47549597656,-0.026046158875199676,24.585039164408848
3727,Ghana,GHA,1992,46311113281,-0.05602622211339714,24.558647796903955
3728,Ghana,GHA,1993,43716476562,0.04935942881718103,24.500990906019016
3729,Ghana,GHA,1994,45874296875,0.04551304430210945,24.54917081622821
3730,Ghana,GHA,1995,47962175781,0.015936060292385257,24.593678532653005
3731,Ghana,GHA,1996,48726503906,0.10149547237250123,24.60948894704586
3732,Ghana,GHA,1997,53672023437,-0.0034541389187163762,24.706157723877794
3733,Ghana,GHA,1998,53486632812,0.05096768483411407,24.702697605648357
3734,Ghana,GHA,1999,56212722656,0.18925104323984376,24.752408950004927
3735,Ghana,GHA,2000,66851039062,-0.07218111909262581,24.925732683559808
3736,Ghana,GHA,2001,62025656250,0.004295349555451189,24.850813946879427
3737,Ghana,GHA,2002,62292078125,0.06231380244227491,24.855100097752608
3738,Ghana,GHA,2003,66173734375,0.07251165787029823,24.91554945945167
3739,Ghana,GHA,2004,70972101562,0.028754146250230983,24.985552701021767
3740,Ghana,GHA,2005,73012843750,0.02767834939999858,25.013901204399684
3741,Ghana,GHA,2006,75033718750,0.20103295226854256,25.04120343278375
3742,Ghana,GHA,2007,90117968750,0.12540801553519265,25.224385412864518
3743,Ghana,GHA,2008,101419484375,-0.04676616164269476,25.34253106324396
3744,Ghana,GHA,2009,96676484375,0.11852126009831432,25.2946360286017
3745,Ghana,GHA,2010,108134703125,0.13678143911767449,25.406643538056464
3746,Ghana,GHA,2011,122925523437,0.1289456452558737,25.534844508417166
3747,Ghana,GHA,2012,138776234375,0.080654907703825,25.65612864827681
3748,Ghana,GHA,2013,149969218750,0.05869829537936422,25.733695901651224
3749,Ghana,GHA,2014,158772156250,-0.06077655697265871,25.790736031909788
3750,Ghana,GHA,2015,149122531250,-0.040694093636504,25.72803416232385
3751,Ghana,GHA,2016,143054125000,0.03428542780573429,25.686488892098083
3752,Ghana,GHA,2017,147958796875,0.0284398221928972,25.72019967245695
3753,Ghana,GHA,2018,152166718750,0.07210799832009918,25.74824259059147
3755,Greece,GRC,1951,28382457031,-0.02135128584315693,24.069037081075983
3756,Greece,GRC,1952,27776455078,0.13629693538534116,24.047454559146704
3757,Greece,GRC,1953,31562300781,0.02100149395316042,24.17522923207296
3758,Greece,GRC,1954,32225156250,0.06898664666676368,24.196013234479846
3759,Greece,GRC,1955,34448261718,0.08886220335467554,24.26272437501982
3760,Greece,GRC,1956,37509410156,0.07776434017140677,24.347857675936563
3761,Greece,GRC,1957,40426304687,0.049344805082851995,24.422746516149758
3762,Greece,GRC,1958,42421132812,0.03991230049191552,24.470912490393992
3763,Greece,GRC,1959,44114257812,0.019549022646492498,24.510048873541518
3764,Greece,GRC,1960,44976648437,0.13794623633841052,24.529409268407047
3765,Greece,GRC,1961,51181007812,-0.016582383999109385,24.658634359004303
3766,Greece,GRC,1962,50332304687,0.12901808062203113,24.641912948202275
3767,Greece,GRC,1963,56826082031,0.07218784398618538,24.763261247964355
3768,Greece,GRC,1964,60928234375,0.10831364871633054,24.832962522861457
3769,Greece,GRC,1965,67527593750,0.0783950357330776,24.93580214758675
3770,Greece,GRC,1966,72821421875,0.050821026007328296,25.011276005388815
3771,Greece,GRC,1967,76522281250,0.06631636699931764,25.06084779354141
3772,Greece,GRC,1968,81596960937,0.1135948211987512,25.125057854803803
3773,Greece,GRC,1969,90865953125,0.09273206531393008,25.23265121488701
3774,Greece,GRC,1970,99292140625,0.07871445325685866,25.321332257080694
3775,Greece,GRC,1971,107107867187,0.10013321121664287,25.39710226816357
3776,Greece,GRC,1972,117832921875,0.07351272133597009,25.49253354174179
3777,Greece,GRC,1973,126495140625,-0.06121894010898887,25.56346973034453
3778,Greece,GRC,1974,118751242187,0.05835800797003077,25.500296740328555
3779,Greece,GRC,1975,125681328125,0.06469959676040782,25.55701539835067
3780,Greece,GRC,1976,133812859375,0.019029724698310657,25.61970808895361
3781,Greece,GRC,1977,136359281250,0.07087239890390662,25.638559013228328
3782,Greece,GRC,1978,146023390625,0.021435029084060586,25.707032655582807
3783,Greece,GRC,1979,149153406250,0.018565616901558446,25.728241185393625
3784,Greece,GRC,1980,151922531250,0.0017679652108877342,25.746636565041495
3785,Greece,GRC,1981,152191125000,-0.03173836105751893,25.748402969241493
3786,Greece,GRC,1982,147360828125,-0.012667036577838853,25.716150029178387
3787,Greece,GRC,1983,145494203125,0.023794869834268484,25.70340208169899
3788,Greece,GRC,1984,148956218750,0.03750808490498159,25.726918265821617
3789,Greece,GRC,1985,154543281250,0.041657120729730934,25.76374003159347
3790,Greece,GRC,1986,160981109375,-0.008306195864790422,25.804552861972276
3791,Greece,GRC,1987,159643968750,0.07241680559886476,25.79621197744183
3792,Greece,GRC,1988,171204875000,0.048840698169371644,25.866126775715923
3793,Greece,GRC,1989,179566640625,0.011046125372152549,25.91381223293972
3794,Greece,GRC,1990,181550156250,0.06279661009655557,25.924797795450836
3795,Greece,GRC,1991,192950890625,0.01699566202766789,25.985701540752505
3796,Greece,GRC,1992,196230218750,0.023772459867372087,26.00255439235031
3797,Greece,GRC,1993,200895093750,0.05403060957032446,26.026048687115185
3798,Greece,GRC,1994,211749578125,0.03620815950563072,26.078670178150734
3799,Greece,GRC,1995,219416640625,0.032287745951356195,26.114238227968805
3800,Greece,GRC,1996,226501109375,0.0920611522943009,26.146015679760374
3801,Greece,GRC,1997,247353062500,0.058975227464588276,26.23408255578464
3802,Greece,GRC,1998,261940765625,0.021202849475331575,26.29138422974559
3803,Greece,GRC,1999,267494656250,0.05053301882549288,26.31236542644742
3804,Greece,GRC,2000,281011968750,0.038088012932723236,26.361663098789453
3805,Greece,GRC,2001,291715156250,0.04095647670003433,26.399043670817917
3806,Greece,GRC,2002,303662781250,0.005858163594093746,26.439183650450914
3807,Greece,GRC,2003,305441687500,0.04652903264882591,26.445024721725243
3808,Greece,GRC,2004,319653593750,0.02139415568513381,26.490503726861473
3809,Greece,GRC,2005,326492312500,0.07810348520839971,26.511672240209595
3810,Greece,GRC,2006,351992500000,0.0006475635134270963,26.586875705499335
3811,Greece,GRC,2007,352220437500,0.029649223577493222,26.58752305943398
3812,Greece,GRC,2008,362663500000,-0.03245708487344334,26.616741244038423
3813,Greece,GRC,2009,350892500000,-0.07547913534772044,26.583745745696447
3814,Greece,GRC,2010,324407437500,-0.09368668142819625,26.505266085866896
3815,Greece,GRC,2011,294014781250,-0.042448227252180004,26.406895879381825
3816,Greece,GRC,2012,281534375000,0.0012316435604000642,26.36352039074762
3817,Greece,GRC,2013,281881125000,-0.012305941023897926,26.364751276457294
3818,Greece,GRC,2014,278412312500,0.008141701707247595,26.352368990362645
3819,Greece,GRC,2015,280679062500,-0.02355058546627431,26.360477727222314
3820,Greece,GRC,2016,274068906250,0.02110600607397428,26.336645394382252
3821,Greece,GRC,2017,279853406250,0.00024008105136297253,26.35753175390883
3822,Greece,GRC,2018,279920593750,0.017765864180902202,26.357771806145347
3824,Grenada,GRD,1970,211181686,0.053763208425185116,19.168229392021352
3825,Grenada,GRD,1971,222535491,0.09918729323045383,19.220597156962544
3826,Grenada,GRD,1972,244608184,0.09111525475370041,19.31516823936571
3827,Grenada,GRD,1973,266895721,-0.06152134975592205,19.40236858202443
3828,Grenada,GRD,1974,250475936,0.1713902089181134,19.33887341000251
3829,Grenada,GRD,1975,293405059,0.07143444994245995,19.49706466619662
3830,Grenada,GRD,1976,314364288,-0.08488966469371995,19.566063024281483
3831,Grenada,GRD,1977,287678009,0.13199633205192263,19.477352388339263
3832,Grenada,GRD,1978,325650451,-0.0016099839517802472,19.601335127878187
3833,Grenada,GRD,1979,325126159,0.08998469421834487,19.599723846509512
3834,Grenada,GRD,1980,354382537,-0.07294198303004984,19.685887500650455
3835,Grenada,GRD,1981,328533172,0.052411922044815595,19.61014837100387
3836,Grenada,GRD,1982,345752227,0.055737228845094355,19.661232969558537
3837,Grenada,GRD,1983,365023498,0.1035555278142668,19.71547228755678
3838,Grenada,GRD,1984,402823699,-0.0217070396347262,19.81400955272838
3839,Grenada,GRD,1985,394079589,-0.01733288450014092,19.792063449400512
3840,Grenada,GRD,1986,387249053,0.18009584131894574,19.774578591809586
3841,Grenada,GRD,1987,456990997,0.003288684043812884,19.940174248445608
3842,Grenada,GRD,1988,458493896,0.11660039853616722,19.943457536595076
3843,Grenada,GRD,1989,511954467,0.037848977299772324,20.053746247408505
3844,Grenada,GRD,1990,531331420,0.03522070650367337,20.090896527636076
3845,Grenada,GRD,1991,550045288,0.19049856309286306,20.12551117461907
3846,Grenada,GRD,1992,654828125,-0.0807875776563507,20.29988335458527
3847,Grenada,GRD,1993,601926147,0.08061025965034219,20.21564531634537
3848,Grenada,GRD,1994,650447570,0.04536849449679692,20.2931712531297
3849,Grenada,GRD,1995,679957397,0.16454376626187361,20.33754070270115
3850,Grenada,GRD,1996,791840148,-0.04630458823363426,20.489870096074277
3851,Grenada,GRD,1997,755174316,0.06845812139617302,20.44245916268333
3852,Grenada,GRD,1998,806872131,0.015193505301523524,20.508675763865597
3853,Grenada,GRD,1999,819131347,-0.006448794835341554,20.52375500380605
3854,Grenada,GRD,2000,813848937,-0.14227625759004958,20.517285325663433
3855,Grenada,GRD,2001,698057556,0.09326111069271192,20.363812115779858
3856,Grenada,GRD,2002,763159179,-0.15487459661413572,20.45297719003267
3857,Grenada,GRD,2003,644965209,0.28127302599976356,20.284706933770373
3858,Grenada,GRD,2004,826376525,0.17367462126298894,20.53256106902548
3859,Grenada,GRD,2005,969897155,-0.01527072733809598,20.692700598067375
3860,Grenada,GRD,2006,955086120,0.06590493116997664,20.677312072389682
3861,Grenada,GRD,2007,1018031005,0.07006958299860422,20.74113621138894
3862,Grenada,GRD,2008,1089364013,-0.0514908555180994,20.80885988858816
3863,Grenada,GRD,2009,1033271728,0.08440436783149852,20.75599603992766
3864,Grenada,GRD,2010,1120484375,0.07730682812957568,20.837026906440467
3865,Grenada,GRD,2011,1207105468,0.03309404112483061,20.91149115552606
3866,Grenada,GRD,2012,1247053466,0.032187690499550614,20.944049378426858
3867,Grenada,GRD,2013,1287193237,0.08540917310615104,20.97572989958887
3868,Grenada,GRD,2014,1397131347,0.028838213448230565,21.05768693356033
3869,Grenada,GRD,2015,1437422119,0.05415935372843661,21.086117151081137
3870,Grenada,GRD,2016,1515271972,0.03676532928043885,21.138860779267997
3871,Grenada,GRD,2017,1570981445,0.060556292566523506,21.174966385201706
3872,Grenada,GRD,2018,1666114257,0.03352197531792678,21.2337599599721
3874,Guatemala,GTM,1950,7246317871,0.01827241315619066,22.703759296936266
3875,Guatemala,GTM,1951,7378725585,0.028376753626080164,22.72186677568768
3876,Guatemala,GTM,1952,7588109863,0.03454674955066617,22.74984836743308
3877,Guatemala,GTM,1953,7850254394,0.018768425404482425,22.783811775094616
3878,Guatemala,GTM,1954,7997591308,0.007036298284423426,22.802406246790607
3879,Guatemala,GTM,1955,8053864746,0.06967897719895477,22.809417905840075
3880,Guatemala,GTM,1956,8615049804,0.05320948275739079,22.876776487989105
3881,Guatemala,GTM,1957,9073452148,0.05418128844249903,22.92861864034608
3882,Guatemala,GTM,1958,9565063476,0.06265712062484163,22.981383076094705
3883,Guatemala,GTM,1959,10164382812,0.02382447980157787,23.042155565213378
3884,Guatemala,GTM,1960,10406543945,0.05185429724334867,23.065700670695158
3885,Guatemala,GTM,1961,10946167968,0.03314997870129521,23.116255274699316
3886,Guatemala,GTM,1962,11309033203,0.06473384018412798,23.148867641811485
3887,Guatemala,GTM,1963,12041110351,0.03768104990104337,23.211592494418767
3888,Guatemala,GTM,1964,12494832031,0.0348886429940356,23.24858095824581
3889,Guatemala,GTM,1965,12930759765,0.056551730083123974,23.282874787864674
3890,Guatemala,GTM,1966,13662016601,0.03807252444429965,23.33788530837757
3891,Guatemala,GTM,1967,14182164062,0.07630643851453134,23.37525096008735
3892,Guatemala,GTM,1968,15264354492,0.059179694986344566,23.44878617543927
3893,Guatemala,GTM,1969,16167694335,0.06127109311162027,23.50628091131484
3894,Guatemala,GTM,1970,17158306640,0.04803704656253882,23.56574824548429
3895,Guatemala,GTM,1971,17982541015,0.07665051856966398,23.61266718053177
3896,Guatemala,GTM,1972,19360912109,0.06253216171758824,23.68652203075324
3897,Guatemala,GTM,1973,20571591796,0.04852157411533353,23.747176921963398
3898,Guatemala,GTM,1974,21569757812,0.03131047556891309,23.794558069282587
3899,Guatemala,GTM,1975,22245117187,0.05023152904103423,23.825388369205825
3900,Guatemala,GTM,1976,23362523437,0.08298346410343727,23.87439901291646
3901,Guatemala,GTM,1977,25301226562,0.046997937672552226,23.954118712216196
3902,Guatemala,GTM,1978,26490332031,0.0605206793227,24.000045674353423
3903,Guatemala,GTM,1979,28093544921,0.04871774996173328,24.058805668782984
3904,Guatemala,GTM,1980,29462199218,0.034751362429674915,24.106373896179036
3905,Guatemala,GTM,1981,30486050781,-0.015188042601063101,24.140535064500085
3906,Guatemala,GTM,1982,30023027343,-0.00012223690696056,24.125230502271155
3907,Guatemala,GTM,1983,30019357421,0.018001210299790626,24.125108257892656
3908,Guatemala,GTM,1984,30559742187,-0.02645861192323673,24.14294936491988
3909,Guatemala,GTM,1985,29751173828,0.05030040500760302,24.11613442456303
3910,Guatemala,GTM,1986,31247669921,0.03471827620244139,24.1652106478209
3911,Guatemala,GTM,1987,32332535156,0.005880118558062364,24.199339840580077
3912,Guatemala,GTM,1988,32522654296,0.08261506900838844,24.20520273871346
3913,Guatemala,GTM,1989,35209515625,0.05449277071672287,24.284582213273506
3914,Guatemala,GTM,1990,37128179687,0.06730862908086532,24.337642078536362
3915,Guatemala,GTM,1991,39627226562,0.039667723718706416,24.402782258404326
3916,Guatemala,GTM,1992,41199148437,0.06354424422153504,24.44168342408343
3917,Guatemala,GTM,1993,43817117187,0.04634987647253408,24.503290381341234
3918,Guatemala,GTM,1994,45848035156,0.06936987910557768,24.54859818099018
3919,Guatemala,GTM,1995,49028507812,0.02751452479795491,24.61566775796327
3920,Guatemala,GTM,1996,50377503906,0.057050436626688406,24.642810561308014
3921,Guatemala,GTM,1997,53251562500,0.06044665649012648,24.698292983828463
3922,Guatemala,GTM,1998,56470441406,0.055769428050997716,24.756983177246614
3923,Guatemala,GTM,1999,59619765625,0.05569881003704458,24.811252994041343
3924,Guatemala,GTM,2000,62940515625,0.06086773895888298,24.86545592087514
3925,Guatemala,GTM,2001,66771562500,0.039060415876893684,24.92454311577048
3926,Guatemala,GTM,2002,69379687500,0.03789755196000266,24.96285997429799
3927,Guatemala,GTM,2003,72009007812,0.04258690291923384,25.00005705663705
3928,Guatemala,GTM,2004,75075648437,0.04999946408921074,25.04176208796798
3929,Guatemala,GTM,2005,78829390625,0.05948725104710895,25.090551741746054
3930,Guatemala,GTM,2006,83518734375,0.07071682456873907,25.14833680740989
3931,Guatemala,GTM,2007,89424914062,0.04904289029519604,25.216665161084602
3932,Guatemala,GTM,2008,93810570312,0.026978069918803804,25.264543376502953
3933,Guatemala,GTM,2009,96341398437,0.05409830389173975,25.29116395368565
3934,Guatemala,GTM,2010,101553304687,0.07626067376014589,25.34384966690515
3935,Guatemala,GTM,2011,109297828125,0.07418348460435165,25.41734236116295
3936,Guatemala,GTM,2012,117405921875,0.002831455872847055,25.488903184933676
3937,Guatemala,GTM,2013,117738351562,0.018897503731639675,25.491730639786038
3938,Guatemala,GTM,2014,119963312500,0.048325712079682726,25.5104518038171
3939,Guatemala,GTM,2015,125760625000,0.0021408479402833525,25.557646135398674
3940,Guatemala,GTM,2016,126029859375,0.007674024669996893,25.55978469498943
3941,Guatemala,GTM,2017,126997015625,0.03378819556414281,25.567429424113147
3942,Guatemala,GTM,2018,131288015625,0.04049874601796888,25.600659339336893
3944,Guinea,GIN,1959,10677858398,0.10385081499186222,23.09143812583889
3945,Guinea,GIN,1960,11786762695,0.06868677574576387,23.190242933214783
3946,Guinea,GIN,1961,12596357421,0.030507098850605097,23.256673515536814
3947,Guinea,GIN,1962,12980635742,0.03749996892871743,23.28672452560538
3948,Guinea,GIN,1963,13467409179,-0.06779321923504467,23.32353846877987
3949,Guinea,GIN,1964,12554410156,0.03724001057720416,23.253337847647867
3950,Guinea,GIN,1965,13021936523,0.019379483040350642,23.289901197152364
3951,Guinea,GIN,1966,13274294921,-0.03049942768406566,23.309095289368184
3952,Guinea,GIN,1967,12869436523,0.003520255989377219,23.278121075389297
3953,Guinea,GIN,1968,12914740234,-0.008016140094514013,23.281635149780517
3954,Guinea,GIN,1969,12811213867,-0.025846268311305542,23.27358670769432
3955,Guinea,GIN,1970,12480091796,0.05394028337321699,23.24740055530936
3956,Guinea,GIN,1971,13153271484,0.023417415612129622,23.299936346682294
3957,Guinea,GIN,1972,13461287109,0.01580987666905287,23.32308378133121
3958,Guinea,GIN,1973,13674108398,0.052545416350881835,23.33876998371389
3959,Guinea,GIN,1974,14392620117,0.03099997737541904,23.38998142028452
3960,Guinea,GIN,1975,14838791015,0.07787693814353513,23.420510603375035
3961,Guinea,GIN,1976,15994390625,-0.03370682451367224,23.495503911779075
3962,Guinea,GIN,1977,15455270507,0.06606419722887091,23.461215915256645
3963,Guinea,GIN,1978,16476310546,-0.013003399359452716,23.525189461728147
3964,Guinea,GIN,1979,16262062500,0.04004275189570827,23.512100778040377
3965,Guinea,GIN,1980,16913240234,-0.011003652725624757,23.55136259794079
3966,Guinea,GIN,1981,16727132812,0.02432203388186971,23.540297957222045
3967,Guinea,GIN,1982,17133970703,0.0011842564313739867,23.5643289206117
3968,Guinea,GIN,1983,17154261718,0.01740980456690977,23.56551247636456
3969,Guinea,GIN,1984,17452914062,0.04423934400050111,23.58277246660976
3970,Guinea,GIN,1985,18225019531,0.016925672012329196,23.626061186500365
3971,Guinea,GIN,1986,18533490234,0.044735317068287594,23.64284521536231
3972,Guinea,GIN,1987,19362591796,0.07240756102133128,23.68660878359488
3973,Guinea,GIN,1988,20764589843,0.024538845546798527,23.756514961510426
3974,Guinea,GIN,1989,21274128906,0.03200749807471337,23.780757566078766
3975,Guinea,GIN,1990,21955060546,0.022066381870591734,23.812263498688015
3976,Guinea,GIN,1991,22439529296,0.009978554364770575,23.83408994126682
3977,Guinea,GIN,1992,22663443359,0.053907453366517366,23.844019038592354
3978,Guinea,GIN,1993,23885171875,0.050443577350225866,23.89652367970132
3979,Guinea,GIN,1994,25090025390,0.0420787083149301,23.945736209281186
3980,Guinea,GIN,1995,26145781250,0.08818045454273804,23.986953685570548
3981,Guinea,GIN,1996,28451328125,-0.08536439699157283,24.071460679205945
3982,Guinea,GIN,1997,26022597656,0.011492415321229243,23.98223113809928
3983,Guinea,GIN,1998,26321660156,-0.06711714821670534,23.993658017250198
3984,Guinea,GIN,1999,24555025390,-0.06356124753328951,23.924182370442377
3985,Guinea,GIN,2000,22994277343,-0.06143028114906213,23.85851121074301
3986,Guinea,GIN,2001,21581732421,-0.04179261485618069,23.795113072562554
3987,Guinea,GIN,2002,20679775390,-0.11592347783231893,23.752422025309087
3988,Guinea,GIN,2003,18282503906,-0.03771952821919988,23.629210368756286
3989,Guinea,GIN,2004,17592896484,0.021280117594080217,23.5907610486549
3990,Guinea,GIN,2005,17967275390,0.03622427713008958,23.611817906324323
3991,Guinea,GIN,2006,18618126953,0.005382544133090361,23.6474015104487
3992,Guinea,GIN,2007,18718339843,0.03100840068447952,23.652769620462806
3993,Guinea,GIN,2008,19298765625,-0.049995506539035395,23.68330697355801
3994,Guinea,GIN,2009,18333914062,0.12362708537495704,23.632018409118185
3995,Guinea,GIN,2010,20600482421,0.06257220353665027,23.748580330962884
3996,Guinea,GIN,2011,21889500000,0.049636026953562284,23.809272906740183
3997,Guinea,GIN,2012,22976007812,0.028216849171743386,23.85771636981913
3998,Guinea,GIN,2013,23624318359,-0.02346876576816792,23.885542457380875
3999,Guinea,GIN,2014,23069884765,0.03381708482495749,23.861793914104428
4000,Guinea,GIN,2015,23850041015,0.10315348482850406,23.89505177398578
4001,Guinea,GIN,2016,26310255859,0.11103262889785648,23.993224656732778
4002,Guinea,GIN,2017,29231552734,-0.05610436068599434,24.098514535903977
4003,Guinea,GIN,2018,27591535156,0.05848954749620239,24.04077486538192
4005,Guinea-Bissau,GNB,1975,1139063964,0.07830033239467848,20.853472677868016
4006,Guinea-Bissau,GNB,1976,1228253051,-0.20463932639561588,20.92885871303193
4007,Guinea-Bissau,GNB,1977,976904174,0.16177377495778833,20.699899123313397
4008,Guinea-Bissau,GNB,1978,1134941650,-0.01769411405423349,20.849847076866624
4009,Guinea-Bissau,GNB,1979,1114859863,0.014120985535919228,20.8319945505516
4010,Guinea-Bissau,GNB,1980,1130602783,0.11586566826980826,20.846016763727288
4011,Guinea-Bissau,GNB,1981,1261600830,0.014741509008043385,20.955647251507624
4012,Guinea-Bissau,GNB,1982,1280198730,-0.010025947299604043,20.97028116063919
4013,Guinea-Bissau,GNB,1983,1267363525,0.0021682216237051133,20.960204615048678
4014,Guinea-Bissau,GNB,1984,1270111450,-0.19166442519670224,20.9623704894721
4015,Guinea-Bissau,GNB,1985,1026676269,0.31404196603671575,20.749592498142125
4016,Guinea-Bissau,GNB,1986,1349095703,0.03063295058171267,21.022700355317617
4017,Guinea-Bissau,GNB,1987,1390422485,0.1427863308755397,21.052873483949938
4018,Guinea-Bissau,GNB,1988,1588955810,-0.0024789644716425308,21.186342914170925
4019,Guinea-Bissau,GNB,1989,1585016845,0.04488073374387391,21.183860871979434
4020,Guinea-Bissau,GNB,1990,1656153564,0.007669668004288921,21.2277636204942
4021,Guinea-Bissau,GNB,1991,1668855712,-0.17778770439322433,21.235404026121415
4022,Guinea-Bissau,GNB,1992,1372153686,0.18907863502980815,21.03964737601176
4023,Guinea-Bissau,GNB,1993,1631598632,0.11495605004895593,21.212826126966533
4024,Guinea-Bissau,GNB,1994,1819160766,0.013833659163249523,21.32164111410529
4025,Guinea-Bissau,GNB,1995,1844326416,0.053263207720601224,21.335379961599855
4026,Guinea-Bissau,GNB,1996,1942561157,0.1611355945587869,21.38727312336556
4027,Guinea-Bissau,GNB,1997,2255576904,-0.16014727201693324,21.536671610440727
4028,Guinea-Bissau,GNB,1998,1894352416,0.14612506926483104,21.36214288409525
4029,Guinea-Bissau,GNB,1999,2171164794,-0.019561702141343784,21.498529631917098
4030,Guinea-Bissau,GNB,2000,2128693115,0.017951223560940477,21.478774067329283
4031,Guinea-Bissau,GNB,2001,2166905761,-0.027529151047376854,21.496566070322412
4032,Guinea-Bissau,GNB,2002,2107252685,0.009819486361219099,21.468650891013553
4033,Guinea-Bissau,GNB,2003,2127944824,0.0380307069465633,21.47842247951823
4034,Guinea-Bissau,GNB,2004,2208872070,0.0016786884357680165,21.51574784662452
4035,Guinea-Bissau,GNB,2005,2212580078,-0.019695835840387588,21.51742512763772
4036,Guinea-Bissau,GNB,2006,2169001464,-0.0008483571959451153,21.49753274375634
4037,Guinea-Bissau,GNB,2007,2167161376,0.0038032183903224936,21.49668402650178
4038,Guinea-Bissau,GNB,2008,2175403564,-0.023219021443140364,21.50048003094207
4039,Guinea-Bissau,GNB,2009,2124892822,0.0656458888447411,21.476987201344937
4040,Guinea-Bissau,GNB,2010,2264383300,0.08206491189013798,21.5405682850775
4041,Guinea-Bissau,GNB,2011,2450209716,-0.010922912771602067,21.61943945620706
4042,Guinea-Bissau,GNB,2012,2423446289,0.0064850061135397485,21.608456450429323
4043,Guinea-Bissau,GNB,2013,2439162353,0.02509486460575916,21.61492051936047
4044,Guinea-Bissau,GNB,2014,2500372802,0.15708009169106285,21.639705678503166
4045,Guinea-Bissau,GNB,2015,2893131591,0.09245108166944771,21.785605347906642
4046,Guinea-Bissau,GNB,2016,3160604736,0.10317780147754618,21.874029218387815
4047,Guinea-Bissau,GNB,2017,3486708984,-0.01895213145210406,21.97222414374391
4048,Guinea-Bissau,GNB,2018,3420628417,0.039071953660846814,21.95309011880221
4050,Guyana,GUY,1970,2696567626,0.021538973634477765,21.71524555160379
4051,Guyana,GUY,1971,2754648925,-0.011331341252497351,21.736555839489224
4052,Guyana,GUY,1972,2723435058,0.04102987059366847,21.725159809451384
4053,Guyana,GUY,1973,2835177246,0.0657844225658688,21.765370292806715
4054,Guyana,GUY,1974,3021687744,0.12813512142967487,21.829081367860677
4055,Guyana,GUY,1975,3408872070,0.044675185478579627,21.94964730226396
4056,Guyana,GUY,1976,3561164062,-0.04701913983315942,21.993353312070692
4057,Guyana,GUY,1977,3393721191,-0.03841451806522311,21.94519285277071
4058,Guyana,GUY,1978,3263353027,0.005500986210034142,21.906021039633973
4059,Guyana,GUY,1979,3281304687,0.02335623275206089,21.91150695067961
4060,Guyana,GUY,1980,3357943603,0.0177319014371784,21.93459460064238
4061,Guyana,GUY,1981,3417486328,-0.1435196855014309,21.952171125969155
4062,Guyana,GUY,1982,2927009765,-0.06460446502815131,21.797247180830983
4063,Guyana,GUY,1983,2737911865,-0.0495752502975475,21.730461373740155
4064,Guyana,GUY,1984,2602179199,-0.03513365760326337,21.679615084380917
4065,Guyana,GUY,1985,2510755126,-0.006187638069169443,21.64384939185667
4066,Guyana,GUY,1986,2495219482,0.025840134491223132,21.637642531018347
4067,Guyana,GUY,1987,2559696289,-0.058522301119763864,21.66315445129057
4068,Guyana,GUY,1988,2409896972,-0.04836804782706705,21.60284983332769
4069,Guyana,GUY,1989,2293334960,0.012044924741390517,21.553272909525628
4070,Guyana,GUY,1990,2320958007,0.012724048824205969,21.565245871442553
4071,Guyana,GUY,1991,2350489990,0.08924647622090065,21.57788964975102
4072,Guyana,GUY,1992,2560262939,0.08539858100879227,21.66337580071039
4073,Guyana,GUY,1993,2778905761,0.037870051758117196,21.745323076012674
4074,Guyana,GUY,1994,2884143066,0.04042121466660964,21.782493661934854
4075,Guyana,GUY,1995,3000723632,0.06608309971812831,21.822119307194573
4076,Guyana,GUY,1996,3199020751,0.06432411228832313,21.88611058460735
4077,Guyana,GUY,1997,3404794921,-0.03111815232879922,21.948450545952856
4078,Guyana,GUY,1998,3298843994,0.02217336865066688,21.916837939199283
4079,Guyana,GUY,1999,3371990478,0.0380282678247823,21.938769053238616
4080,Guyana,GUY,2000,3500221435,0.09382623473934593,21.976092070583356
4081,Guyana,GUY,2001,3828634033,0.04652997347474597,22.065773927177204
4082,Guyana,GUY,2002,4006780273,0.10193585426989049,22.11125383130951
4083,Guyana,GUY,2003,4415214843,0.13561260556760635,22.20832233187953
4084,Guyana,GUY,2004,5013973632,0.10832304811769711,22.335494577793536
4085,Guyana,GUY,2005,5557102539,0.06675227160137176,22.438342683296376
4086,Guyana,GUY,2006,5928051757,0.07178726020694559,22.502961455840005
4087,Guyana,GUY,2007,6353610351,0.0778097836802647,22.572289047495058
4088,Guyana,GUY,2008,6847983398,-0.04560178593470354,22.647220051425435
4089,Guyana,GUY,2009,6535703125,0.03811725245705677,22.600545771960896
4090,Guyana,GUY,2010,6784826171,0.08174145497942198,22.637954510302993
4091,Guyana,GUY,2011,7339427734,0.05887002115960893,22.71652671113828
4092,Guyana,GUY,2012,7771500000,0.013239103776619743,22.77372903288723
4093,Guyana,GUY,2013,7874387695,0.0051318473975645595,22.78688126561931
4094,Guyana,GUY,2014,7914797851,0.0805518687908684,22.79199998996587
4095,Guyana,GUY,2015,8552349609,0.006009176466069244,22.869471890212434
4096,Guyana,GUY,2016,8603742187,0.09815496346183106,22.875463083584034
4097,Guyana,GUY,2017,9448242187,0.024118759711043714,22.96909454919202
4098,Guyana,GUY,2018,9676122070,0.052499664671965096,22.992927045364922
4100,Haiti,HTI,1960,5631784179,-0.02855089522066001,22.451692134577847
4101,Haiti,HTI,1961,5470991699,0.05877528237865448,22.422725734754057
4102,Haiti,HTI,1962,5792550781,-0.006459586184851762,22.47983858091343
4103,Haiti,HTI,1963,5755133300,-0.00453798333393951,22.473358041319432
4104,Haiti,HTI,1964,5729016601,0.009736192593727822,22.468809730082043
4105,Haiti,HTI,1965,5784795410,0.004525180951905128,22.478498831365982
4106,Haiti,HTI,1966,5810972656,-0.021126099065918558,22.483013804469884
4107,Haiti,HTI,1967,5688209472,0.027518545294528796,22.461661355773472
4108,Haiti,HTI,1968,5844740722,0.03942914424459554,22.488808071947293
4109,Haiti,HTI,1969,6075193847,0.045018657328120604,22.527479734635136
4110,Haiti,HTI,1970,6348690917,0.03473756856070298,22.57151447379504
4111,Haiti,HTI,1971,6569229003,0.02384288855335548,22.605662311415195
4112,Haiti,HTI,1972,6725858398,0.06168357634816801,22.62922539711394
4113,Haiti,HTI,1973,7140733398,0.0925982935009444,22.689081324829615
4114,Haiti,HTI,1974,7801953125,0.016027386860261394,22.777639939937973
4115,Haiti,HTI,1975,7926998046,0.13358927400447107,22.793540244302093
4116,Haiti,HTI,1976,8985959960,0.031156568830293274,22.91892919176429
4117,Haiti,HTI,1977,9265931640,0.04094183647571126,22.94961024640448
4118,Haiti,HTI,1978,9645295898,0.07031368411835115,22.989736161734502
4119,Haiti,HTI,1979,10323492187,0.06847142858209643,23.05768792997195
4120,Haiti,HTI,1980,11030356445,-0.03571500349642598,23.123916985646154
4121,Haiti,HTI,1981,10636407226,-0.055424502416470345,23.087548597108338
4122,Haiti,HTI,1982,10046889648,0.021441745609586116,23.030528935789082
4123,Haiti,HTI,1983,10262312500,0.01630862995060811,23.051744041156102
4124,Haiti,HTI,1984,10429676757,-0.016295147870803772,23.067921113820162
4125,Haiti,HTI,1985,10259723632,0.016878519559716754,23.051491739874
4126,Haiti,HTI,1986,10432892578,0.028700917867343856,23.06822940001194
4127,Haiti,HTI,1987,10732326171,0.01658204057205026,23.096526161425885
4128,Haiti,HTI,1988,10910290039,-0.060583485556959915,23.112972221130967
4129,Haiti,HTI,1989,10249306640,0.023873566143982616,23.050475895364762
4130,Haiti,HTI,1990,10493994140,-0.010260891378771064,23.074068943796444
4131,Haiti,HTI,1991,10386316406,-0.014217737668254848,23.06375504656847
4132,Haiti,HTI,1992,10238646484,-0.0182270300367956,23.049435268524444
4133,Haiti,HTI,1993,10052026367,-0.1320417457675377,23.031040079684406
4134,Haiti,HTI,1994,8724739257,0.3041366186239942,22.88942842000382
4135,Haiti,HTI,1995,11378251953,0.15449086065777684,23.154969646903837
4136,Haiti,HTI,1996,13136087890,0.04461974606961916,23.298629080407547
4137,Haiti,HTI,1997,13722216796,-0.001691485956319072,23.342282020244948
4138,Haiti,HTI,1998,13699005859,0.12480640205557259,23.340589102111025
4139,Haiti,HTI,1999,15408729492,0.19511964951821348,23.45820003589702
4140,Haiti,HTI,2000,18415275390,-0.028918757049334554,23.63644634138815
4141,Haiti,HTI,2001,17882728515,-0.004983859142369762,23.60710119655942
4142,Haiti,HTI,2002,17793603515,0.020751619742944483,23.60210487657177
4143,Haiti,HTI,2003,18162849609,-0.049136291783078656,23.62264411460456
4144,Haiti,HTI,2004,17270394531,0.01075822718852737,23.572259573719563
4145,Haiti,HTI,2005,17456193359,-0.011316945048511773,23.582960342912074
4146,Haiti,HTI,2006,17258642578,0.09709514873064773,23.571578873970154
4147,Haiti,HTI,2007,18934373046,-0.05963175227703288,23.664244786899076
4148,Haiti,HTI,2008,17805283203,0.034055244956611164,23.60276105936263
4149,Haiti,HTI,2009,18411646484,-0.012815958160235952,23.636249262412928
4150,Haiti,HTI,2010,18175683593,0.018821936531276062,23.623350471378085
4151,Haiti,HTI,2011,18517785156,0.011611619974450926,23.64199746700411
4152,Haiti,HTI,2012,18732806640,0.008911087975656429,23.653542189480213
4153,Haiti,HTI,2013,18899736328,0.035365800104298684,23.662413808015224
4154,Haiti,HTI,2014,19568140625,0.04565566555969092,23.69716860234333
4155,Haiti,HTI,2015,20461537109,-0.03259478745155697,23.74181272216507
4156,Haiti,HTI,2016,19794597656,-0.08246065009082093,23.708674891761188
4157,Haiti,HTI,2017,18162322265,-0.032254165433948656,23.622615079972494
4158,Haiti,HTI,2018,17576511718,-0.00417893909658873,23.589829286192973
4160,Honduras,HND,1950,3294815429,0.031223519258322563,21.915615987853958
4161,Honduras,HND,1951,3397691162,0.004701678945592258,21.94636196789606
4162,Honduras,HND,1952,3413666015,0.07331822588976977,21.951052628472258
4163,Honduras,HND,1953,3663949951,-0.06954857828515137,22.02180762400343
4164,Honduras,HND,1954,3409127441,0.018289237665374714,21.949722213093658
4165,Honduras,HND,1955,3471477783,0.131419035211495,21.967846214309958
4166,Honduras,HND,1956,3927696044,0.021884475284513538,22.09131884257077
4167,Honduras,HND,1957,4013651611,0.04302022939080641,22.11296729008094
4168,Honduras,HND,1958,4186319824,0.03415561495809882,22.155087861300565
4169,Honduras,HND,1959,4329306152,-0.005062923302357358,22.18867312408835
4170,Honduras,HND,1960,4307387207,0.04262004904078731,22.18359734076525
4171,Honduras,HND,1961,4490968261,0.05106831726949945,22.225334163781437
4172,Honduras,HND,1962,4720314453,0.023189021216676098,22.275141255723074
4173,Honduras,HND,1963,4829773925,0.0646622812681652,22.29806549709722
4174,Honduras,HND,1964,5142078125,0.080086593977994,22.36072313917916
4175,Honduras,HND,1965,5553889648,0.03706624168777517,22.437764356710332
4176,Honduras,HND,1966,5759751464,0.0410106976796456,22.47416016211217
4177,Honduras,HND,1967,5995962890,0.07207502580123548,22.514352228041524
4178,Honduras,HND,1968,6428122070,0.004010848848114756,22.58394827499606
4179,Honduras,HND,1969,6453904296,0.027977553697520863,22.58795110183283
4180,Honduras,HND,1970,6634468750,0.021077481147228294,22.615544433702826
4181,Honduras,HND,1971,6774306640,0.0623995767336567,22.636402857515574
4182,Honduras,HND,1972,7197020507,0.07766010760374775,22.696932958849704
4183,Honduras,HND,1973,7755941894,-0.02494313671298376,22.77172508255043
4184,Honduras,HND,1974,7562484375,0.0317452230107913,22.746465594185533
4185,Honduras,HND,1975,7802557128,0.1398392842372791,22.777717353838252
4186,Honduras,HND,1976,8893661132,0.11747844464645607,22.90860462756699
4187,Honduras,HND,1977,9938474609,0.07611046008157096,23.01967938597957
4188,Honduras,HND,1978,10694896484,0.029185850322812623,23.093032500518557
4189,Honduras,HND,1979,11007036132,0.023863996797135245,23.1218005536206
4190,Honduras,HND,1980,11269708007,0.025789716807167684,23.14538425578934
4191,Honduras,HND,1981,11560350585,0.01065738656402515,23.17084702715292
4192,Honduras,HND,1982,11683553710,-0.012235916190263318,23.181448024063176
4193,Honduras,HND,1983,11540594726,0.05068089720560898,23.169136632746955
4194,Honduras,HND,1984,12125482421,0.0067688995085137815,23.218575060277434
4195,Honduras,HND,1985,12207558593,0.07044367687844688,23.22532115364282
4196,Honduras,HND,1986,13067503906,0.05382387907127817,23.293394367460813
4197,Honduras,HND,1987,13770847656,0.07531301259789358,23.34581970596228
4198,Honduras,HND,1988,14807971679,0.02961150503967014,23.418431499668507
4199,Honduras,HND,1989,15246458007,0.05749401451783376,23.44761305118681
4200,Honduras,HND,1990,16123038085,0.04909869429239144,23.50351502307867
4201,Honduras,HND,1991,16914658203,0.03193790518948747,23.551446432235345
4202,Honduras,HND,1992,17454876953,0.08148286813076333,23.582884928094433
4203,Honduras,HND,1993,18877150390,0.02424692718676802,23.661218053539223
4204,Honduras,HND,1994,19334863281,0.11155124779803716,23.68517569091783
4205,Honduras,HND,1995,21491691406,-0.04470014122442678,23.790932251157884
4206,Honduras,HND,1996,20531009765,0.03946659576292877,23.745202251619155
4207,Honduras,HND,1997,21341298828,0.03155843758283172,23.78390994451055
4208,Honduras,HND,1998,22014796875,-0.0156905299177329,23.814980649447925
4209,Honduras,HND,1999,21669373046,0.07450752020248363,23.799165720188743
4210,Honduras,HND,2000,23283904296,0.01620343788583667,23.871028156057125
4211,Honduras,HND,2001,23661183593,0.04611917957150857,23.887101719308838
4212,Honduras,HND,2002,24752417968,0.048874644350462626,23.932189016865966
4213,Honduras,HND,2003,25962183593,0.06013644547298225,23.979906838996865
4214,Honduras,HND,2004,27523457031,0.0993147180574463,24.038304460981177
4215,Honduras,HND,2005,30256941406,0.03391415735750858,24.132991463066457
4216,Honduras,HND,2006,31283080078,0.06516957642651477,24.16634321574262
4217,Honduras,HND,2007,33321785156,-0.03747776915772871,24.22947722892035
4218,Honduras,HND,2008,32072958984,0.00585828635560981,24.191279112812403
4219,Honduras,HND,2009,32260851562,0.060127297299394256,24.19712030613327
4220,Honduras,HND,2010,34200609375,0.07990560291003579,24.25550929883869
4221,Honduras,HND,2011,36933429687,0.07003542481489222,24.332382931441874
4222,Honduras,HND,2012,39520078125,-0.032901590778421586,24.40007468667129
4223,Honduras,HND,2013,38219804687,0.07063122747768014,24.366619665515234
4224,Honduras,HND,2014,40919316406,0.10828588461830435,24.434868072269573
4225,Honduras,HND,2015,45350300781,0.06763478431624992,24.537682645922168
4226,Honduras,HND,2016,48417558593,0.041286513531250346,24.603128365727045
4227,Honduras,HND,2017,50416550781,0.019263499861755795,24.643585346627933
4228,Honduras,HND,2018,51387750000,0.02947762962962952,24.662665654154925
4230,Hong Kong,HKG,1960,17952591796,0.047114541154356315,23.611000331206807
4231,Hong Kong,HKG,1961,18798419921,0.10390261985891946,23.65703865649487
4232,Hong Kong,HKG,1962,20751625000,0.12835064121484452,23.755890393809807
4233,Hong Kong,HKG,1963,23415109375,0.08990855931032771,23.876647350721978
4234,Hong Kong,HKG,1964,25520328125,0.13796844549779852,23.96274115290304
4235,Hong Kong,HKG,1965,29041328125,0.045720134812188507,24.09198576018918
4236,Hong Kong,HKG,1966,30369101562,0.03246026429156834,24.136691532491078
4237,Hong Kong,HKG,1967,31354890625,0.05438782225061578,24.16863609265593
4238,Hong Kong,HKG,1968,33060214843,0.11060452548069977,24.221596427896515
4239,Hong Kong,HKG,1969,36716824218,0.09840633131959953,24.326500912520626
4240,Hong Kong,HKG,1970,40329992187,0.07397110051912237,24.420361252104914
4241,Hong Kong,HKG,1971,43313246093,0.10097878003899718,24.49172433956058
4242,Hong Kong,HKG,1972,47686964843,0.11740900108516472,24.58792392376298
4243,Hong Kong,HKG,1973,53285843750,0.013688409259729584,24.698936537156627
4244,Hong Kong,HKG,1974,54015242187,0.019695974134797956,24.71253210640428
4245,Hong Kong,HKG,1975,55079125000,0.1428584700828126,24.732036624696658
4246,Hong Kong,HKG,1976,62947644531,0.12134470380759543,24.865569178642968
4247,Hong Kong,HKG,1977,70586007812,0.10175673317763301,24.980097772171717
4248,Hong Kong,HKG,1978,77768609375,0.10792694112000123,25.07700370824098
4249,Hong Kong,HKG,1979,86161937500,0.10088071806648968,25.179494356774764
4250,Hong Kong,HKG,1980,94854015625,0.07164381054637081,25.275604869015346
4251,Hong Kong,HKG,1981,101649718750,0.020999504733012264,25.344798610169914
4252,Hong Kong,HKG,1982,103784312500,0.051403180514396185,25.365580664272024
4253,Hong Kong,HKG,1983,109119156250,0.08543971283685581,25.41570629869862
4254,Hong Kong,HKG,1984,118442265625,-0.027159857024222633,25.49769146888067
4255,Hong Kong,HKG,1985,115225390625,0.13967909362424868,25.47015596565355
4256,Hong Kong,HKG,1986,131319968750,0.16547880784505598,25.600902691611452
4257,Hong Kong,HKG,1987,153050640625,0.040128058104951236,25.75403468805269
4258,Hong Kong,HKG,1988,159192265625,0.07233401434291564,25.793378526418977
4259,Hong Kong,HKG,1989,170707281250,0.09670858357132905,25.863216121080214
4260,Hong Kong,HKG,1990,187216140625,0.06218105360006265,25.955529618560455
4261,Hong Kong,HKG,1991,198857437500,0.08821292829442196,26.0158540104654
4262,Hong Kong,HKG,1992,216399234375,0.07132455052152964,26.100390845904162
4263,Hong Kong,HKG,1993,231833812500,0.038611777671559544,26.16928662649804
4264,Hong Kong,HKG,1994,240785328125,0.027463324599109606,26.20717161881133
4265,Hong Kong,HKG,1995,247398093750,0.058472749954242564,26.234264591741727
4266,Hong Kong,HKG,1996,261864140625,0.03593162126949778,26.291091658982573
4267,Hong Kong,HKG,1997,271273343750,-0.05902694779608253,26.326392798005973
4268,Hong Kong,HKG,1998,255260906250,0.023385080632573274,26.265552020796306
4269,Hong Kong,HKG,1999,261230203125,0.11771759259508485,26.28866785984221
4270,Hong Kong,HKG,2000,291981593750,0.07045959981852445,26.399956602125158
4271,Hong Kong,HKG,2001,312554500000,0.05374972604777728,26.468044690916955
4272,Hong Kong,HKG,2002,329354218750,0.03001327882641558,26.520399661272464
4273,Hong Kong,HKG,2003,339239218750,0.14654251631983506,26.549971355495387
4274,Hong Kong,HKG,2004,388952187500,0.05940632163175574,26.68672226169959
4275,Hong Kong,HKG,2005,412058406250,-0.07628257189571652,26.744430938991268
4276,Hong Kong,HKG,2006,380625531250,0.0574592794082307,26.665081871140305
4277,Hong Kong,HKG,2007,402496000000,-0.020486150794045144,26.72095099586745
4278,Hong Kong,HKG,2008,394250406250,-0.10261189489896694,26.700252093226567
4279,Hong Kong,HKG,2009,353795625000,0.09025178731365036,26.591985252852282
4280,Hong Kong,HKG,2010,385726312500,0.08088215397543053,26.67839391995297
4281,Hong Kong,HKG,2011,416924687500,0.047088915189269054,26.756171436918486
4282,Hong Kong,HKG,2012,436557218750,0.11339979703405145,26.80218528897305
4283,Hong Kong,HKG,2013,486062718750,-0.1252816717904267,26.909603503446476
4284,Hong Kong,HKG,2014,425167968750,-0.1280777633839567,26.775750148379977
4285,Hong Kong,HKG,2015,370713406250,-0.010729143950401698,26.638695111137597
4286,Hong Kong,HKG,2016,366735968750,-0.005324590213105496,26.62790799488726
4287,Hong Kong,HKG,2017,364783250000,0.12316295019028423,26.62256917852226
4288,Hong Kong,HKG,2018,409711031250,-0.005211676247733443,26.738717946325924
4290,Hungary,HUN,1970,61977792968,0.06983770334053041,24.850041979894982
4291,Hungary,HUN,1971,66306179687,0.02591045730744823,24.917548937743355
4292,Hungary,HUN,1972,68024203125,0.044020751797671176,24.943129407103886
4293,Hungary,HUN,1973,71018679687,0.05105687973897566,24.98620877356762
4294,Hungary,HUN,1974,74644671875,0.045031156981022,25.036004983635483
4295,Hungary,HUN,1975,78006007812,0.09629386518668204,25.080051683900635
4296,Hungary,HUN,1976,85517507812,0.12235908199059664,25.17198696165766
4297,Hungary,HUN,1977,95981351562,0.1238702537682026,25.287419754981887
4298,Hungary,HUN,1978,107870585937,0.07849126214021829,25.404198067199964
4299,Hungary,HUN,1979,116337484375,0.08585058099422227,25.479761152150722
4300,Hungary,HUN,1980,126325125000,0.0135221516701447,25.562124777635077
4301,Hungary,HUN,1981,128033312500,0.0068476441394891285,25.575556320912106
4302,Hungary,HUN,1982,128910039062,-0.012762049115575547,25.58238062641899
4303,Hungary,HUN,1983,127264882812,0.00590783064728595,25.5695364428033
4304,Hungary,HUN,1984,128016742187,-0.0050460929091320494,25.57542689064861
4305,Hungary,HUN,1985,127370757812,0.04921379558133898,25.57036802322026
4306,Hungary,HUN,1986,133639156250,0.06628530700559554,25.618409140811323
4307,Hungary,HUN,1987,142497468750,0.008078542623235263,25.682590073339455
4308,Hungary,HUN,1988,143648640625,0.028247417499708716,25.690636159222166
4309,Hungary,HUN,1989,147706343750,-0.0018986151364944748,25.718491975798376
4310,Hungary,HUN,1990,147425906250,-0.09282099122249754,25.71659155600757
4311,Hungary,HUN,1991,133741687500,0.002596773537794528,25.619176071258455
4312,Hungary,HUN,1992,134088984375,0.06502048837671337,25.621769479005383
4313,Hungary,HUN,1993,142807515625,0.047624966341823116,25.684763515894133
4314,Hungary,HUN,1994,149608718750,0.01378512574154378,25.73128918120299
4315,Hungary,HUN,1995,151671093750,0.026846640808904976,25.744980156363685
4316,Hungary,HUN,1996,155742953125,-0.006331947803818183,25.771472748807092
4317,Hungary,HUN,1997,154756796875,0.0028833547799547166,25.76512066919441
4318,Hungary,HUN,1998,155203015625,0.018628624826374063,25.76799987508021
4319,Hungary,HUN,1999,158094234375,0.07017877292528563,25.786457112280537
4320,Hungary,HUN,2000,169189093750,0.05761028110004873,25.85428282429873
4321,Hungary,HUN,2001,178936125000,0.053888905188932634,25.910294735527927
4322,Hungary,HUN,2002,188578796875,0.035080826209667126,25.962781777045254
4323,Hungary,HUN,2003,195194296875,-0.011555633469375715,25.99726129366969
4324,Hungary,HUN,2004,192938703125,0.10785857587379799,25.98563837501701
4325,Hungary,HUN,2005,213748796875,-0.0005696669491487283,26.08806731609247
4326,Hungary,HUN,2006,213627031250,0.00572295611583562,26.087497486821455
4327,Hungary,HUN,2007,214849609375,0.08173973437088078,26.093204129036835
4328,Hungary,HUN,2008,232411359375,-0.03699111899314844,26.171774739279563
4329,Hungary,HUN,2009,223814203125,0.05629173863449388,26.134082094282366
4330,Hungary,HUN,2010,236413093750,0.0219736533734185,26.188846509057857
4331,Hungary,HUN,2011,241607953125,-0.01283775258588149,26.210582221029007
4332,Hungary,HUN,2012,238506250000,0.0018340059222765603,26.197661352382184
4333,Hungary,HUN,2013,238943671875,0.02163944888946423,26.19949367856905
4334,Hungary,HUN,2014,244114281250,0.01252947998100784,26.220902318369287
4335,Hungary,HUN,2015,247172906250,0.0009285630390567512,26.233353953974603
4336,Hungary,HUN,2016,247402421875,0.05827366913281162,26.234282086165695
4337,Hungary,HUN,2017,261819468750,0.03499429413611921,26.290921052630534
4338,Hungary,HUN,2018,270981656250,0.04488680218552621,26.325316966420708
4340,Iceland,ISL,1950,1361418945,-0.014422997470481036,21.03179333470325
4341,Iceland,ISL,1951,1341783203,-0.010832898315839223,21.01726531475565
4342,Iceland,ISL,1952,1327247802,0.15386817118270124,21.00637331337093
4343,Iceland,ISL,1953,1531468994,0.10513140888309747,21.149493238521224
4344,Iceland,ISL,1954,1692474487,0.13123654371517857,21.249457488486424
4345,Iceland,ISL,1955,1914588989,-7.230167978367064e-05,21.37276880938927
4346,Iceland,ISL,1956,1914450561,0.003746753322401375,21.372696505095593
4347,Iceland,ISL,1957,1921623535,0.10456665436292134,21.376436256821155
4348,Iceland,ISL,1958,2122561279,0.0261968841842799,21.475889346875533
4349,Iceland,ISL,1959,2178165771,0.02896612316657321,21.50174897013109
4350,Iceland,ISL,1960,2241258789,0.04651284113715071,21.53030350434832
4351,Iceland,ISL,1961,2345506103,0.03984327172735558,21.57576703773324
4352,Iceland,ISL,1962,2438958740,0.11942031868894998,21.614837039267936
4353,Iceland,ISL,1963,2730219970,0.1249716871714186,21.727648017988855
4354,Iceland,ISL,1964,3071420166,0.09400981838835798,21.845405886369807
4355,Iceland,ISL,1965,3360163818,0.07009756659429622,21.935255565090163
4356,Iceland,ISL,1966,3595703125,-0.03385327285605644,22.003005393139983
4357,Iceland,ISL,1967,3473976806,-0.07880741907290678,21.968565828289382
4358,Iceland,ISL,1968,3200201660,0.05010281477074163,21.886479663516493
4359,Iceland,ISL,1969,3360540771,0.07136084676295695,21.935367741721468
4360,Iceland,ISL,1970,3600351806,0.19998974705751293,22.004297401522695
4361,Iceland,ISL,1971,4320385253,-0.014302765466827738,22.18661041416141
4362,Iceland,ISL,1972,4258591796,0.11653566619513578,22.172204378260012
4363,Iceland,ISL,1973,4754869628,0.0739419795927998,22.282435114691967
4364,Iceland,ISL,1974,5106454101,0.0023033045568150445,22.35377108659385
4365,Iceland,ISL,1975,5118215820,0.0027913283656726406,22.356071742610872
4366,Iceland,ISL,1976,5132502441,0.12787216500030096,22.358859182453937
4367,Iceland,ISL,1977,5788806640,0.04819502815523302,22.479192000207156
4368,Iceland,ISL,1978,6067798339,0.048649734468375616,22.526261664360344
4369,Iceland,ISL,1979,6362995117,0.06271621786001758,22.57376503379146
4370,Iceland,ISL,1980,6762058105,0.046994464121068,22.634593134067117
4371,Iceland,ISL,1981,7079837402,0.03809695049264916,22.68051677856911
4372,Iceland,ISL,1982,7349557617,-0.09871608194782044,22.71790596019651
4373,Iceland,ISL,1983,6624038085,0.10033156353750039,22.613971003559943
4374,Iceland,ISL,1984,7288638183,-0.010056989544489747,22.70958255934369
4375,Iceland,ISL,1985,7215336425,0.0904660746986583,22.699474656636795
4376,Iceland,ISL,1986,7868079589,0.12413990795994723,22.78607985295333
4377,Iceland,ISL,1987,8844822265,0.02780846586067609,22.903098069952648
4378,Iceland,ISL,1988,9090783203,-0.044972683306877426,22.930526902370254
4379,Iceland,ISL,1989,8681946289,-0.0027610951740593137,22.884511567326907
4380,Iceland,ISL,1990,8657974609,0.018443527639132595,22.881746653298467
4381,Iceland,ISL,1991,8817658203,-0.041250123856723,22.900022161847183
4382,Iceland,ISL,1992,8453928710,0.013785773454907613,22.85789710636087
4383,Iceland,ISL,1993,8570472656,0.031609254340289494,22.87158872042733
4384,Iceland,ISL,1994,8841378906,8.416560447321864e-05,22.902708686273222
4385,Iceland,ISL,1995,8842123046,0.02473169202264458,22.90279284833597
4386,Iceland,ISL,1996,9060803710,0.10046902108643074,22.92722366277985
4387,Iceland,ISL,1997,9971133789,0.04656556945532331,23.0229601345147
4388,Iceland,ISL,1998,10435445312,0.0705268888864452,23.068474051409304
4389,Iceland,ISL,1999,11171424804,-0.00907361735664236,23.136624998204454
4390,Iceland,ISL,2000,11070059570,0.05132959551002658,23.127509964862956
4391,Iceland,ISL,2001,11638281250,-0.00241667789219302,23.17756560941234
4392,Iceland,ISL,2002,11610155273,0.004790643681514606,23.175146006640855
4393,Iceland,ISL,2003,11665775390,0.05400069347640679,23.1799252117066
4394,Iceland,ISL,2004,12295735351,0.09422585465014688,23.232518319772808
4395,Iceland,ISL,2005,13454311523,-0.026641959225281453,23.32256545095695
4396,Iceland,ISL,2006,13095862304,0.055210514604995264,23.29556216260444
4397,Iceland,ISL,2007,13818891601,0.27481662369543325,23.349302449536978
4398,Iceland,ISL,2008,17616552734,-0.1429386314122676,23.592104793251025
4399,Iceland,ISL,2009,15098466796,-0.08045842299178574,23.43785903892335
4400,Iceland,ISL,2010,13883667968,0.02627820629540434,23.353979019938006
4401,Iceland,ISL,2011,14248505859,0.0405869036180182,23.379917886163714
4402,Iceland,ISL,2012,14826808593,-0.00601877723316202,23.41970277054442
4403,Iceland,ISL,2013,14737569335,0.015978375853388238,23.413665807463804
4404,Iceland,ISL,2014,14973051757,0.045770118952511485,23.429517872784725
4405,Iceland,ISL,2015,15658370117,0.031133633280945983,23.474271442718234
4406,Iceland,ISL,2016,16145872070,0.03231288615059613,23.50493025456318
4407,Iceland,ISL,2017,16667591796,0.017047022537964196,23.53673205992595
4408,Iceland,ISL,2018,16951724609,0.0602239839631411,23.55363541244067
4410,India,IND,1950,352476593750,0.0418016231751559,26.58825005628489
4411,India,IND,1951,367210687500,0.030593387209080003,26.62920160066135
4412,India,IND,1952,378444906250,0.05365039511613201,26.659336341105128
4413,India,IND,1953,398748625000,0.04258415938111382,26.711597042763657
4414,India,IND,1954,415729000000,0.02299627581910335,26.753299442619245
4415,India,IND,1955,425289218750,0.0446226483374732,26.776035289131574
4416,India,IND,1956,444266750000,0.00507739719436584,26.81969100726589
4417,India,IND,1957,446522468750,0.06941014096505072,26.824755557945345
4418,India,IND,1958,477515656250,0.016198029109124157,26.8918627842878
4419,India,IND,1959,485250468750,0.074647918616771,26.907931024991974
4420,India,IND,1960,521473406250,0.03234542940798346,26.979924115360213
4421,India,IND,1961,538340687500,0.04043211019601789,27.011757444832458
4422,India,IND,1962,560106937500,0.06684560571078446,27.05139356226653
4423,India,IND,1963,597547625000,0.07239286994070149,27.116099824688604
4424,India,IND,1964,640805812500,-0.015828605643304794,27.185992303352307
4425,India,IND,1965,630662750000,-0.001182089793633767,27.17003708751143
4426,India,IND,1966,629917250000,0.07654209739453877,27.168854298498577
4427,India,IND,1967,678132437500,0.04427656507730471,27.242608441357024
4428,India,IND,1968,708157812500,0.10581583818931595,27.285932804813136
4429,India,IND,1969,783092125000,0.016785221789837212,27.38651618246579
4430,India,IND,1970,796236500000,0.04218964779936618,27.40316208921496
4431,India,IND,1971,829829437500,0.034067467629454784,27.444486019631704
4432,India,IND,1972,858099625000,0.059767681404125916,27.47798604274739
4433,India,IND,1973,909386250000,-0.005100830367734233,27.536035758363766
4434,India,IND,1974,904747625000,0.09752346683419044,27.530921874352277
4435,India,IND,1975,992981750000,-0.010172392392911567,27.62397812217214
4436,India,IND,1976,982880750000,-0.00516720873819132,27.613753637425386
4437,India,IND,1977,977802000000,-0.019324784056485855,27.608573032496924
4438,India,IND,1978,958906187500,-0.06869526274696192,27.589059083791454
4439,India,IND,1979,893033875000,0.025714310109457017,27.51789035103401
4440,India,IND,1980,915997625000,-0.00870717323093495,27.54327960882242
4441,India,IND,1981,908021875000,-0.023144197379606046,27.534534306667204
4442,India,IND,1982,887006437500,0.028653188325930223,27.511118076839576
4443,India,IND,1983,912422000000,0.002172445973463999,27.539368439297427
4444,India,IND,1984,914404187500,0.01630180362663758,27.541538528922214
4445,India,IND,1985,929310625000,0.04235444687829748,27.557708884781263
4446,India,IND,1986,968671062500,0.05270784322619315,27.59919093042301
4447,India,IND,1987,1019727625000,0.07861707188721101,27.650556673250993
4448,India,IND,1988,1099895625000,0.07012017617580768,27.72623640486724
4449,India,IND,1989,1177020500000,0.061049382742271785,27.79400736121729
4450,India,IND,1990,1248876875000,0.03205740357711395,27.853265763349683
4451,India,IND,1991,1288912625000,0.05476932542266,27.884820052483352
4452,India,IND,1992,1359505500000,0.053096511930256884,27.938142146615753
4453,India,IND,1993,1431690500000,0.05899127639667934,27.989877029822352
4454,India,IND,1994,1516147750000,0.08257902305365694,28.047193858821934
4455,India,IND,1995,1641349750000,0.08121867383840642,28.126540037563494
4456,India,IND,1996,1774658000000,0.04579206247062806,28.204628844235174
4457,India,IND,1997,1855923250000,0.08569218851048932,28.249403397066835
4458,India,IND,1998,2014961375000,0.07087189202324029,28.33162114240898
4459,India,IND,1999,2157765500000,0.04672820100237951,28.400094311429022
4460,India,IND,2000,2258594000000,0.05393941983375505,28.445763611719567
4461,India,IND,2001,2380421250000,0.0544618940870234,28.498298583748344
4462,India,IND,2002,2510063500000,0.09069013592684017,28.55132916755701
4463,India,IND,2003,2737701500000,0.09345513015206364,28.638139815668218
4464,India,IND,2004,2993553750000,0.13998345611800023,28.72748234272102
4465,India,IND,2005,3412601750000,0.12075266327223799,28.85849609284493
4466,India,IND,2006,3824682500000,0.12059837646654326,28.972496573225868
4467,India,IND,2007,4285933000000,0.06024452552104753,29.086359380566567
4468,India,IND,2008,4544137000000,0.06965381985622354,29.144858946540793
4469,India,IND,2009,4860653500000,0.15659993044145204,29.212194009821918
4470,India,IND,2010,5621831500000,0.08834620888228328,29.357678616423357
4471,India,IND,2011,6118499000000,0.08203833979543029,29.44233792093337
4472,India,IND,2012,6620450500000,0.013189132673071091,29.52118453492159
4473,India,IND,2013,6707768500000,0.04244079085317276,29.534287448262386
4474,India,IND,2014,6992451500000,0.05570642856800645,29.575852325995612
4475,India,IND,2015,7381976000000,0.056182653533417115,29.63006246937962
4476,India,IND,2016,7796715000000,0.06254275037628032,29.684723607067752
4477,India,IND,2017,8284343000000,0.07428169017144759,29.745388463723017
4478,India,IND,2018,8899718000000,0.030432087848176748,29.81704070677139
4480,Indonesia,IDN,1960,131118500000,0.10442605353172896,25.599367331414168
4481,Indonesia,IDN,1961,144810687500,-0.022057893689649166,25.698693122875955
4482,Indonesia,IDN,1962,141616468750,-0.08892658361812178,25.676388316174798
4483,Indonesia,IDN,1963,129023000000,-0.04103198897095872,25.58325651998914
4484,Indonesia,IDN,1964,123728929687,0.18744965604787622,25.541358958742897
4485,Indonesia,IDN,1965,146921875000,-0.16428889716388384,25.713166819863815
4486,Indonesia,IDN,1966,122784242187,0.07134166939483255,25.533694523472846
4487,Indonesia,IDN,1967,131543875000,0.04243688655211053,25.602606283105498
4488,Indonesia,IDN,1968,137126187500,0.03060832654594159,25.644167415486077
4489,Indonesia,IDN,1969,141323390625,0.07218804565813541,25.67431665168421
4490,Indonesia,IDN,1970,151525250000,0.07536707990912395,25.744018114675157
4491,Indonesia,IDN,1971,162945265625,0.12337549696758798,25.816680187650185
4492,Indonesia,IDN,1972,183048718750,0.1274143376105985,25.93301817703446
4493,Indonesia,IDN,1973,206371750000,0.08935316364764079,26.052944991031204
4494,Indonesia,IDN,1974,224811718750,0.05344639090349901,26.138529083278062
4495,Indonesia,IDN,1975,236827093750,0.0844936053690013,26.190596149585218
4496,Indonesia,IDN,1976,256837468750,0.0919830257437857,26.271709304466274
4497,Indonesia,IDN,1977,280462156250,0.07892196685626818,26.359704637477503
4498,Indonesia,IDN,1978,302596781250,0.0703766573855451,26.435667001264584
4499,Indonesia,IDN,1979,323892531250,0.10085791380840936,26.503677604043386
4500,Indonesia,IDN,1980,356559656250,0.08604485802647499,26.599767401510878
4501,Indonesia,IDN,1981,387239781250,0.017686796609303723,26.682309927902967
4502,Indonesia,IDN,1982,394088812500,0.07393630020897901,26.699842133279326
4503,Indonesia,IDN,1983,423226281250,0.05523448929248187,26.771172816814662
4504,Indonesia,IDN,1984,446602968750,0.012467449590817248,26.824935823777754
4505,Indonesia,IDN,1985,452170968750,0.023519450019976462,26.837326194707256
4506,Indonesia,IDN,1986,462805781250,0.03751182073203618,26.860573324085056
4507,Indonesia,IDN,1987,480166468750,0.03605019274890808,26.89739869061953
4508,Indonesia,IDN,1988,497476562500,0.10733671498343211,26.932814281882557
4509,Indonesia,IDN,1989,550874062500,0.13625528067043446,27.03477205826913
4510,Indonesia,IDN,1990,625933562500,0.08924479504963445,27.16251007222261
4511,Indonesia,IDN,1991,681794875000,0.06634711796564918,27.247994679754846
4512,Indonesia,IDN,1992,727030000000,0.06552772925463879,27.312233579103086
4513,Indonesia,IDN,1993,774670625000,0.07493257214961524,27.37570377596166
4514,Indonesia,IDN,1994,832718687500,0.09360371475991403,27.447961711992328
4515,Indonesia,IDN,1995,910664250000,0.08761619608983229,27.53744011523193
4516,Indonesia,IDN,1996,990453187500,0.016310904648383584,27.62142844048406
4517,Indonesia,IDN,1997,1006608375000,-0.19058088256021122,27.63760775134148
4518,Indonesia,IDN,1998,814768062500,0.008572301519243597,27.426169323795456
4519,Indonesia,IDN,1999,821752500000,-0.03380420199512624,27.434705091773914
4520,Indonesia,IDN,2000,793973812500,0.02651811327845266,27.400316315911603
4521,Indonesia,IDN,2001,815028500000,0.018049292141317785,27.426488918901015
4522,Indonesia,IDN,2002,829739187500,0.015400697824700549,27.444377256428147
4523,Indonesia,IDN,2003,842517750000,0.09410899651669058,27.459660567200253
4524,Indonesia,IDN,2004,921806250000,0.09308239936537643,27.54960089742246
4525,Indonesia,IDN,2005,1007610187500,0.11021666799096352,27.638602492032746
4526,Indonesia,IDN,2006,1118665625000,0.1200734133579906,27.743157684696907
4527,Indonesia,IDN,2007,1252987625000,0.19935332561644414,27.85655191549682
4528,Indonesia,IDN,2008,1502774875000,0.1089578537171112,28.038334431714876
4529,Indonesia,IDN,2009,1666514000000,0.18661191865174853,28.141755135499004
4530,Indonesia,IDN,2010,1977505375000,0.21170568246875177,28.31285725466291
4531,Indonesia,IDN,2011,2396154500000,0.06892502132062028,28.504886276573632
4532,Indonesia,IDN,2012,2561309500000,0.023002101073689163,28.571539767074004
4533,Indonesia,IDN,2013,2620225000000,0.01831188161322017,28.594281307876855
4534,Indonesia,IDN,2014,2668206250000,-0.007663388090781931,28.612427546091492
4535,Indonesia,IDN,2015,2647758750000,0.019039971069871875,28.604734643357393
4536,Indonesia,IDN,2016,2698172000000,0.04369634330205785,28.623595622608722
4537,Indonesia,IDN,2017,2816072250000,0.06911878770155844,28.666364210855438
4538,Indonesia,IDN,2018,3010715750000,0.04225415501280727,28.73319895711928
4540,Iran,IRN,1955,49580468750,0.10276326362888621,24.626862817925865
4541,Iran,IRN,1956,54675519531,0.17998885898871708,24.72468190563145
4542,Iran,IRN,1957,64516503906,0.15249846742059758,24.890186902529464
4543,Iran,IRN,1958,74355171875,0.12078997531064473,25.032119068630347
4544,Iran,IRN,1959,83336531250,0.03534820601259425,25.146152840404245
4545,Iran,IRN,1960,86282328125,0.07511423707309706,25.180890641471425
4546,Iran,IRN,1961,92763359375,0.09319067081274524,25.25331756444985
4547,Iran,IRN,1962,101408039062,0.02540956711947273,25.34241820565128
4548,Iran,IRN,1963,103984773437,0.08448149447882702,25.367510316109286
4549,Iran,IRN,1964,112769562500,0.1316260676456913,25.44861230360518
4550,Iran,IRN,1965,127612976562,0.05918389349166686,25.57226789988065
4551,Iran,IRN,1966,135165609375,0.199645249999451,25.629766599670006
4552,Iran,IRN,1967,162150781250,0.07131200223557355,25.81179248775782
4553,Iran,IRN,1968,173714078125,0.086351395850635,25.880676555412386
4554,Iran,IRN,1969,188714531250,0.1459546620101626,25.96350129351023
4555,Iran,IRN,1970,216258296875,0.022703897704502873,26.099739349074426
4556,Iran,IRN,1971,221168203125,0.17446110903289447,26.122189349087474
4557,Iran,IRN,1972,259753453125,0.011716579080607747,26.282998760870107
4558,Iran,IRN,1973,262796875000,0.16415744098935736,26.294647232314173
4559,Iran,IRN,1974,305936937500,-0.02755878407130885,26.446644831058723
4560,Iran,IRN,1975,297505687500,0.07739421368204935,26.418699179396416
4561,Iran,IRN,1976,320530906250,0.22385468093999128,26.493244540015187
4562,Iran,IRN,1977,392283250000,-0.3403157587661466,26.69524999233475
4563,Iran,IRN,1978,258783078125,-0.09341154877724867,26.27925601151964
4564,Iran,IRN,1979,234609750000,-0.3238739411938336,26.18118933240449
4565,Iran,IRN,1980,158625765625,-0.098219975100593,25.78981358960446
4566,Iran,IRN,1981,143045546875,0.22824897882722017,25.686428926108285
4567,Iran,IRN,1982,175695546875,-0.08415249568345096,25.892018486769892
4568,Iran,IRN,1985,160910328125,-0.0933802318663316,25.804113078598785
4569,Iran,IRN,1986,145884484375,0.05925589456640945,25.706080942577568
4570,Iran,IRN,1987,154529000000,-0.08154345219991066,25.763647617935717
4571,Iran,IRN,1988,141928171875,0.09527266378030341,25.67858693470538
4572,Iran,IRN,1989,155450046875,0.19389950730756245,25.769590274995032
4573,Iran,IRN,1990,185591734375,0.16823191630890744,25.946815121689358
4574,Iran,IRN,1991,216814187500,0.09105881851020481,26.10230654486892
4575,Iran,IRN,1992,236557031250,0.29042349063551676,26.189455162741613
4576,Iran,IRN,1993,305258750000,0.05999183070100367,26.444425614555055
4577,Iran,IRN,1994,323571781250,0.03594671854593323,26.50268681576349
4578,Iran,IRN,1995,335203125000,0.21996765021209153,26.538002528303245
4579,Iran,IRN,1996,408936968750,0.05380428814556759,26.736826870477252
4580,Iran,IRN,1997,430939531250,0.019188379460140403,26.789233618483475
4581,Iran,IRN,1998,439208562500,0.12379084708759525,26.808240222625646
4582,Iran,IRN,1999,493578562500,0.09590456534465064,26.92494787767872
4583,Iran,IRN,2000,540915000000,0.13451501160071366,27.016527986997794
4584,Iran,IRN,2001,613676187500,0.15082618388219604,27.14273324405697
4585,Iran,IRN,2002,706234625000,0.10918202290067547,27.283213349258588
4586,Iran,IRN,2003,783342750000,0.1383633632914838,27.386836176620847
4587,Iran,IRN,2004,891728687500,0.16731378287075693,27.516427761264264
4588,Iran,IRN,2005,1040927187500,0.07801548319151763,27.67113295835048
4589,Iran,IRN,2006,1122135625000,0.13894488021445706,27.746254793620523
4590,Iran,IRN,2007,1278050625000,-0.0003847656660705967,27.876357083775385
4591,Iran,IRN,2008,1277558875000,0.030032275420575072,27.875972244068013
4592,Iran,IRN,2009,1315926875000,0.07155118326768717,27.9055623811784
4593,Iran,IRN,2010,1410083000000,0.05821386046069632,27.97466968383436
4594,Iran,IRN,2011,1492169375000,-0.1387857695444259,28.031252133384932
4595,Iran,IRN,2012,1285077500000,-0.0369788008894405,27.881840143741126
4596,Iran,IRN,2013,1237556875000,-0.024788254681224253,27.844160289929107
4597,Iran,IRN,2014,1206880000000,-0.1221370393079676,27.819059633051733
4598,Iran,IRN,2015,1059475250000,0.04468568284157648,27.68879485430641
4599,Iran,IRN,2016,1106818625000,0.02339893313595076,27.73251091250943
4600,Iran,IRN,2017,1132717000000,-0.04755380205294002,27.755640287427493
4601,Iran,IRN,2018,1078852000000,0.01761559973008353,27.70691862875592
4603,Iraq,IRQ,1970,46770351562,0.0547333589016652,24.56851532548298
4604,Iraq,IRQ,1971,49330250000,0.10704345645927194,24.62180332008921
4605,Iraq,IRQ,1972,54610730468,0.22304403461765476,24.72349622910598
4606,Iraq,IRQ,1973,66791328125,0.18118662484674175,24.924839090573837
4607,Iraq,IRQ,1974,78893023437,0.1449686566282129,25.091358638036997
4608,Iraq,IRQ,1975,90330039062,0.15965480752312522,25.226735900544693
4609,Iraq,IRQ,1976,104751664062,-0.1728785931389264,25.37485828165589
4610,Iraq,IRQ,1977,86642343750,0.18606889673387905,25.185054490866058
4611,Iraq,IRQ,1978,102763789062,0.2490033842033772,25.355698881435515
4612,Iraq,IRQ,1979,128352320312,0.02354402071309858,25.57804482210561
4613,Iraq,IRQ,1980,131374250000,-0.054964752415332496,25.601315957278516
4614,Iraq,IRQ,1981,124153296875,-0.037350687051579734,25.544782904125924
4615,Iraq,IRQ,1982,119516085937,-0.12556991707301146,25.506716809610282
4616,Iraq,IRQ,1983,104508460937,-0.014770858485138039,25.37253387097802
4617,Iraq,IRQ,1984,102964781250,0.015997657567985213,25.357652837093138
4618,Iraq,IRQ,1985,104611976562,0.08010898608758477,25.37352388070345
4619,Iraq,IRQ,1986,112992335937,0.18433295289702634,25.450585829792256
4620,Iraq,IRQ,1987,133820546875,0.039867406385533766,25.619765536938974
4621,Iraq,IRQ,1988,139155625000,-0.10275961266387901,25.65885874810416
4622,Iraq,IRQ,1989,124856046875,0.004753724507986501,25.55042728561909
4623,Iraq,IRQ,1990,125449578125,-0.6599029204108773,25.555169746859605
4624,Iraq,IRQ,1991,42665035156,0.2512061389569198,24.476645572935556
4625,Iraq,IRQ,1992,53382753906,2.273851098198156,24.700753570187768
4626,Iraq,IRQ,1999,174767187500,0.020389267865285055,25.886720568016376
4627,Iraq,IRQ,2000,178330562500,0.023773529425165085,25.906904757670425
4628,Iraq,IRQ,2001,182570109375,-0.06471409485071955,25.930400097156934
4629,Iraq,IRQ,2002,170755250000,-0.3593553035001852,25.86349708163035
4630,Iraq,IRQ,2003,109393445312,0.5278514816249762,25.418216810258155
4631,Iraq,IRQ,2004,167136937500,0.06607914318760333,25.84207929838905
4632,Iraq,IRQ,2005,178181203125,0.13402034463336432,25.906066864517157
4633,Iraq,IRQ,2006,202061109375,0.15163845467232173,26.03183601025558
4634,Iraq,IRQ,2007,232701343750,0.21547415322993801,26.173021681840478
4635,Iraq,IRQ,2008,282842468750,0.15695364435967507,26.368155932077396
4636,Iraq,IRQ,2009,327235625000,0.19113807520192827,26.513946314110044
4637,Iraq,IRQ,2010,389782812500,0.20811437459161963,26.68885552992306
4638,Iraq,IRQ,2011,470902218750,0.1672321038517086,26.877916305907053
4639,Iraq,IRQ,2012,549652187500,0.04902986945721932,27.032551528768696
4640,Iraq,IRQ,2013,576601562500,-0.10474645349231082,27.08041733199789
4641,Iraq,IRQ,2014,516204593750,-0.27681593302364915,26.969769023358317
4642,Iraq,IRQ,2015,373310937500,-0.015663467535022346,26.645677521928754
4643,Iraq,IRQ,2016,367463593750,0.1775627432479494,26.62989008606623
4644,Iraq,IRQ,2017,432711437500,0.03180540495881856,26.793336916691324
4645,Iraq,IRQ,2018,446474000000,0.04951807104109096,26.8246470048844
4647,Ireland,IRL,1950,15888311523,0.012244838271100678,23.488849551496582
4648,Ireland,IRL,1951,16082861328,0.03843255596091533,23.501020028150787
4649,Ireland,IRL,1952,16700966796,0.022577051892008315,23.538732446669492
4650,Ireland,IRL,1953,17078025390,0.01257521060518818,23.561058409138766
4651,Ireland,IRL,1954,17292785156,0.02374127303938378,23.573555208457744
4652,Ireland,IRL,1955,17703337890,-0.011741915298211558,23.597019040102897
4653,Ireland,IRL,1956,17495466796,-0.0047283453459449065,23.585207644090595
4654,Ireland,IRL,1957,17412742187,-0.017429428273886827,23.580468084756756
4655,Ireland,IRL,1958,17109248046,0.04098420825478288,23.562884975667345
4656,Ireland,IRL,1959,17810457031,0.04985275720070326,23.603051595401045
4657,Ireland,IRL,1960,18698357421,0.04596179961961799,23.65170151849973
4658,Ireland,IRL,1961,19557767578,0.025056580667787598,23.69663836303544
4659,Ireland,IRL,1962,20047818359,0.04635761978473729,23.72138617475381
4660,Ireland,IRL,1963,20977187500,0.030250681508185995,23.766701374684178
4661,Ireland,IRL,1964,21611761718,0.014524878031509703,23.796503527418626
4662,Ireland,IRL,1965,21925669921,0.01625003798213487,23.810923929857587
4663,Ireland,IRL,1966,22281962890,0.060004917457251894,23.827043349112262
4664,Ireland,IRL,1967,23618990234,0.07709368529137262,23.885316896336093
4665,Ireland,IRL,1968,25439865234,0.04880036107034047,23.95958327799864
4666,Ireland,IRL,1969,26681339843,0.015187712400669184,24.0072302757359
4667,Ireland,IRL,1970,27086568359,0.03438310455781868,24.02230380945645
4668,Ireland,IRL,1971,28017888671,0.07743113899390663,24.056109024231105
4669,Ireland,IRL,1972,30187345703,0.05799246774538447,24.130688657058354
4670,Ireland,IRL,1973,31937984375,0.025319026445293602,24.187061871135835
4671,Ireland,IRL,1974,32746623046,0.04837134029896517,24.212065680611914
4672,Ireland,IRL,1975,34330621093,0.04472615158462956,24.259303536096226
4673,Ireland,IRL,1976,35866097656,0.09985426478090442,24.303058331270474
4674,Ireland,IRL,1977,39447480468,0.0958303440460937,24.398236015734867
4675,Ireland,IRL,1978,43227746093,0.0533411203544889,24.489748396700236
4676,Ireland,IRL,1979,45533562500,0.045527371968753894,24.541715528345225
4677,Ireland,IRL,1980,47606585937,0.016183176462591486,24.58623694863393
4678,Ireland,IRL,1981,48377011718,0.01107512082646167,24.602290573333494
4679,Ireland,IRL,1982,48912792968,-0.01894882272632359,24.613304814099557
4680,Ireland,IRL,1983,47985953125,0.021859424345861633,24.59417416179675
4681,Ireland,IRL,1984,49034898437,0.0019096730692795827,24.615798094553718
4682,Ireland,IRL,1985,49128539062,0.06167518466560007,24.617705946515493
4683,Ireland,IRL,1986,52158550781,0.06917122964456013,24.67755397007223
4684,Ireland,IRL,1987,55766421875,0.04145422690345413,24.74443776669181
4685,Ireland,IRL,1988,58078175781,0.06579426584280035,24.78505579824035
4686,Ireland,IRL,1989,61899386718,0.07998104030585407,24.848776108962678
4687,Ireland,IRL,1990,66850164062,0.01673764124142263,24.925719594672355
4688,Ireland,IRL,1991,67969078125,0.06864599043728759,24.942318705244023
4689,Ireland,IRL,1992,72634882812,0.06021609581611953,25.008711122887977
4690,Ireland,IRL,1993,77008671875,0.04956026664367141,25.067183874211988
4691,Ireland,IRL,1994,80825242187,0.14081828358357384,25.115555156990165
4692,Ireland,IRL,1995,92206914062,0.0792978766764012,25.247300954523826
4693,Ireland,IRL,1996,99518726562,0.12041789874123943,25.323611670055573
4694,Ireland,IRL,1997,111502562500,0.09927007002193333,25.43731340964528
4695,Ireland,IRL,1998,122571429687,0.0981353156173208,25.531959796480457
4696,Ireland,IRL,1999,134600015625,0.11712131812763293,25.625573370241728
4697,Ireland,IRL,2000,150364546875,0.07520400160817498,25.736328495109355
4698,Ireland,IRL,2001,161672562500,0.12142308469935958,25.80883890762297
4699,Ireland,IRL,2002,181303343750,0.09242581536778749,25.92343739772523
4700,Ireland,IRL,2003,198060453125,0.05947726345231241,26.011838139853776
4701,Ireland,IRL,2004,209840546875,0.10271087533354017,26.069613778653938
4702,Ireland,IRL,2005,231393453125,0.03008100177855888,26.167385358846804
4703,Ireland,IRL,2006,238354000000,0.09200187798400705,26.197022800499642
4704,Ireland,IRL,2007,260283015625,-0.04560294434309575,26.28503539758645
4705,Ireland,IRL,2008,248413343750,-0.04325558950574693,26.238359904363254
4706,Ireland,IRL,2009,237668078125,0.015363600904281016,26.194140907489828
4707,Ireland,IRL,2010,241319515625,0.02192159785046388,26.209387683327336
4708,Ireland,IRL,2011,246609625000,0.01678418117297742,26.23107245773411
4709,Ireland,IRL,2012,250748765625,-0.0015883677393476736,26.247717341044535
4710,Ireland,IRL,2013,250350484375,0.079436946865304,26.246127710511786
4711,Ireland,IRL,2014,270237562500,0.3082526230971314,26.32256727020501
4712,Ireland,IRL,2015,353539000000,0.07836246496143273,26.591259641515894
4713,Ireland,IRL,2016,381243187500,0.08231638893219562,26.666703295855925
4714,Ireland,IRL,2017,412625750000,0.07026820005780055,26.745806844749136
4715,Ireland,IRL,2018,441620218750,0.13458028522386356,26.813716116074048
4717,Israel,ISR,1950,7212543457,0.34194084204878017,22.699087493996448
4718,Israel,ISR,1951,9678806640,-0.03034961415449866,22.993204449643436
4719,Israel,ISR,1952,9385058593,-0.004986420759792054,22.962384750225915
4720,Israel,ISR,1953,9338260742,0.19376266094841066,22.957385855786843
4721,Israel,ISR,1954,11147666992,0.13492339294664868,23.134496074573484
4722,Israel,ISR,1955,12651748046,0.10824344154031529,23.261061228027756
4723,Israel,ISR,1956,14021216796,0.07600193795619847,23.363837504801086
4724,Israel,ISR,1957,15086856445,0.07191185466337213,23.43708976761359
4725,Israel,ISR,1958,16171780273,0.12379233140722246,23.50653360175408
4726,Israel,ISR,1959,18173722656,0.061793265653761864,23.623242577621117
4727,Israel,ISR,1960,19296736328,0.11421580051347635,23.6832018163817
4728,Israel,ISR,1961,21500728515,0.08204654766787556,23.79135265592457
4729,Israel,ISR,1962,23264789062,0.1131463588595163,23.870206855449286
4730,Israel,ISR,1963,25897115234,0.09018823961263456,23.977397418521946
4731,Israel,ISR,1964,28232730468,-0.00013005738159688196,24.06374779674493
4732,Israel,ISR,1965,28229058593,0.1032243343291146,24.06361773090514
4733,Israel,ISR,1966,31142984375,0.005642761107412353,24.161854836107622
4734,Israel,ISR,1967,31318716796,0.04609370535207802,24.167481736476176
4735,Israel,ISR,1968,32762312500,0.14818713193703892,24.212544682573075
4736,Israel,ISR,1969,37617265625,0.12272871707431543,24.35072897410006
4737,Israel,ISR,1970,42233984375,0.11251583901737905,24.466491050837803
4738,Israel,ISR,1971,46985976562,0.10586403356832297,24.573115023113704
4739,Israel,ISR,1972,51960101562,0.08526697092216895,24.673741983365836
4740,Israel,ISR,1973,56390582031,0.05162417343732417,24.755567996240874
4741,Israel,ISR,1974,59301699218,0.04083449074702017,24.805903797143266
4742,Israel,ISR,1975,61723253906,0.0023345131839525024,24.84592658349888
4743,Israel,ISR,1976,61867347656,-0.00021410476611427587,24.84825837594051
4744,Israel,ISR,1977,61854101562,0.04664226869592758,24.848044248250698
4745,Israel,ISR,1978,64739117187,0.04636372884619333,24.89363144906794
4746,Israel,ISR,1979,67740664062,0.026884585694836982,24.938952487388075
4747,Israel,ISR,1980,69561843750,0.058635324052922266,24.965482031975412
4748,Israel,ISR,1981,73640625000,0.027460428601739917,25.02246268051047
4749,Israel,ISR,1982,75662828125,0.04006508314745871,25.04955283484736
4750,Israel,ISR,1983,78694265625,0.01569563220636505,25.08883612599208
4751,Israel,ISR,1984,79929421875,0.017603225345485418,25.1044098556669
4752,Israel,ISR,1985,81336437500,0.06614559280396315,25.12185993882681
4753,Israel,ISR,1986,86716484375,0.0817495231857408,25.1859098338598
4754,Israel,ISR,1987,93805515625,0.03721596194786647,25.264489493202102
4755,Israel,ISR,1988,97296578125,-0.014067169949611213,25.301029657226014
4756,Israel,ISR,1989,95927890625,0.09674739407416211,25.286862606844842
4757,Israel,ISR,1990,105208664062,0.08889038888934842,25.379211491862588
4758,Israel,ISR,1991,114560703125,0.08434884071422277,25.46437067775339
4759,Israel,ISR,1992,124223765625,0.05598792803460384,25.545350337778462
4760,Israel,ISR,1993,131178796875,0.06746076413120794,25.59982709121178
4761,Israel,ISR,1994,140028218750,0.07812978767895662,25.665109801744723
4762,Israel,ISR,1995,150968593750,0.07524516171099327,25.74033766371815
4763,Israel,ISR,1996,162328250000,0.0588757848680066,25.812886356702215
4764,Israel,ISR,1997,171885453125,0.05087681485553297,25.870094121699715
4765,Israel,ISR,1998,180630437500,0.05789903556536524,25.919718999166225
4766,Israel,ISR,1999,191088765625,0.09924412582797548,25.976003898526308
4767,Israel,ISR,2000,210053203125,0.013490257862498467,26.070626683790927
4768,Israel,ISR,2001,212886875000,0.0031679824084973607,26.084026758284146
4769,Israel,ISR,2002,213561296875,-0.03798550811268109,26.087189733209332
4770,Israel,ISR,2003,205449062500,-0.003125698736152649,26.048463969111367
4771,Israel,ISR,2004,204806890625,0.014333395307362995,26.045333375175645
4772,Israel,ISR,2005,207742468750,0.012251797936718267,26.059565018520654
4773,Israel,ISR,2006,210287687500,0.01850426335588473,26.071742370627742
4774,Israel,ISR,2007,214178906250,0.006157965194109716,26.090077513220137
4775,Israel,ISR,2008,215497812500,0.0569808568242427,26.09621659562663
4776,Israel,ISR,2009,227777062500,0.05405312705707588,26.15163319149381
4777,Israel,ISR,2010,240089125000,0.04978301026754117,26.204276045520178
4778,Israel,ISR,2011,252041484375,0.05476051654443048,26.252859531445075
4779,Israel,ISR,2012,265843406250,0.049726054659292585,26.306173274068954
4780,Israel,ISR,2013,279062750000,0.01970490955887172,26.35470250387349
4781,Israel,ISR,2014,284561656250,0.04528785666287383,26.374215784959045
4782,Israel,ISR,2015,297448843750,0.06427922532477481,26.418508093364835
4783,Israel,ISR,2016,316568625000,0.015063282092468988,26.480805879672126
4784,Israel,ISR,2017,321337187500,-0.0024853177007407856,26.49575683711152
4785,Israel,ISR,2018,320538562500,0.024929820261485602,26.49326842588208
4787,Italy,ITA,1950,213111062500,0.08967734546863326,26.08507928695136
4788,Italy,ITA,1951,232222296875,0.03195335396236376,26.170960926040287
4789,Italy,ITA,1952,239642578125,0.07174180297806787,26.20241439242925
4790,Italy,ITA,1953,256834968750,0.04332548661172142,26.271699570636628
4791,Italy,ITA,1954,267962468750,0.06803168214205368,26.314112765672864
4792,Italy,ITA,1955,286192406250,0.03816652193230574,26.379930170697886
4793,Italy,ITA,1956,297115375000,0.04221992046019163,26.417386368328415
4794,Italy,ITA,1957,309659562500,0.04429289584751639,26.458739345494216
4795,Italy,ITA,1958,323375281250,0.07199307615600259,26.502079347185507
4796,Italy,ITA,1959,346656062500,0.09512887143002158,26.571598951003562
4797,Italy,ITA,1960,379633062500,0.08367825247043648,26.662470998150678
4798,Italy,ITA,1961,411400093750,0.056237225881769826,26.74283204204565
4799,Italy,ITA,1962,434536093750,0.04598193979139387,26.79754484782202
4800,Italy,ITA,1963,454516906250,0.02812876666235109,26.842500947341883
4801,Italy,ITA,1964,467301906250,0.028187813004454165,26.870241365929726
4802,Italy,ITA,1965,480474125000,0.05612971354076568,26.8980392137507
4803,Italy,ITA,1966,507443000000,0.07218594009573498,26.952650226283584
4804,Italy,ITA,1967,544073250000,0.06494035959312461,27.022349725473052
4805,Italy,ITA,1968,579405562500,0.0610069220728271,27.085268522684316
4806,Italy,ITA,1969,614753312500,0.1349013674489148,27.14448690639745
4807,Italy,ITA,1970,697684375000,0.025170228299866926,27.271032652628648
4808,Italy,ITA,1971,715245250000,0.050281529307604655,27.295891327819977
4809,Italy,ITA,1972,751208875000,0.08663893580863236,27.344949579200918
4810,Italy,ITA,1973,816292812500,0.07041108487035719,27.428038966391295
4811,Italy,ITA,1974,873768875000,-0.01182950125111748,27.49608173255009
4812,Italy,ITA,1975,863432625000,0.10058044482625372,27.48418170601129
4813,Italy,ITA,1976,950277062500,0.05222134886582097,27.58001942375778
4814,Italy,ITA,1977,999901812500,0.059284008448579506,27.63092292360784
4815,Italy,ITA,1978,1059180000000,0.091811944145471,27.688516139775658
4816,Italy,ITA,1979,1156425375000,0.06912540724904104,27.77635478994713
4817,Italy,ITA,1980,1236363750000,-0.015937663976317684,27.843195727783943
4818,Italy,ITA,1981,1216659000000,-0.015382596931432735,27.82712969346512
4819,Italy,ITA,1982,1197943625000,-0.011515775627588432,27.81162755691857
4820,Italy,ITA,1983,1184148375000,0.013040701086128648,27.80004496126185
4821,Italy,ITA,1984,1199590500000,0.009483861367691748,27.813001364483473
4822,Italy,ITA,1985,1210967250000,0.06769547235897577,27.82244053636833
4823,Italy,ITA,1986,1292944250000,0.050675715522923825,27.887943098006037
4824,Italy,ITA,1987,1358465125000,0.04436026651769942,27.937376593786567
4825,Italy,ITA,1988,1418727000000,0.041608868372844166,27.98078110659097
4826,Italy,ITA,1989,1477758625000,0.04295914699871917,28.021547613209734
4827,Italy,ITA,1990,1541241875000,0.03046739500248785,28.06360961971602
4828,Italy,ITA,1991,1588199500000,0.018634781083862517,28.093622100585662
4829,Italy,ITA,1992,1617795250000,-0.0018494305753462559,28.11208538143991
4830,Italy,ITA,1993,1614803250000,0.03280508012353822,28.110234238556316
4831,Italy,ITA,1994,1667777000000,0.04847238269864618,28.14251271788183
4832,Italy,ITA,1995,1748618125000,0.01961834863172318,28.189846949074685
4833,Italy,ITA,1996,1782923125000,0.04121441018383787,28.209275338344437
4834,Italy,ITA,1997,1856405250000,0.046509780124786904,28.24966307236373
4835,Italy,ITA,1998,1942746250000,0.028242880407052695,28.295123680780392
4836,Italy,ITA,1999,1997615000000,0.024502594343754902,28.322975084894594
4837,Italy,ITA,2000,2046561750000,0.00034631254102146514,28.347182305890552
4838,Italy,ITA,2001,2047270500000,-0.013582841153623848,28.34752855847923
4839,Italy,ITA,2002,2019462750000,0.004422834736614867,28.33385262662007
4840,Italy,ITA,2003,2028394500000,0.005905286175839963,28.33826570936685
4841,Italy,ITA,2004,2040372750000,0.040828079085059255,28.344153627681536
4842,Italy,ITA,2005,2123677250000,0.03732464525859558,28.38417025390144
4843,Italy,ITA,2006,2202942750000,0.04746287664534177,28.42081519612102
4844,Italy,ITA,2007,2307500750000,0.02245026355896096,28.467186128350452
4845,Italy,ITA,2008,2359304750000,-0.039545866213341,28.489388094106083
4846,Italy,ITA,2009,2266004000000,0.011918337302140758,28.44903904375787
4847,Italy,ITA,2010,2293011000000,0.025344623292256285,28.460886917001705
4848,Italy,ITA,2011,2351126500000,-0.021102862819163515,28.485915690929627
4849,Italy,ITA,2012,2301511000000,-0.023819894842996625,28.464586979683922
4850,Italy,ITA,2013,2246689250000,-0.006218706036003829,28.440478804062916
4851,Italy,ITA,2014,2232717750000,0.0037618951163889136,28.434240681334877
4852,Italy,ITA,2015,2241117000000,0.049048867149729336,28.437995518219847
4853,Italy,ITA,2016,2351041250000,0.03629966084176539,28.48587943105778
4854,Italy,ITA,2017,2436383250000,0.008969237495783933,28.52153578098772
4855,Italy,ITA,2018,2458235750000,0.003291689985388979,28.530465033783205
4857,Jamaica,JAM,1953,5079573730,0.11320799156900918,22.34849318359872
4858,Jamaica,JAM,1954,5654622070,0.09949203271864282,22.455739113158295
4859,Jamaica,JAM,1955,6217211914,0.11130752346428707,22.550587397867908
4860,Jamaica,JAM,1956,6909234375,0.13076419454941424,22.656124669021416
4861,Jamaica,JAM,1957,7812714843,0.022050018650603853,22.779018351534816
4862,Jamaica,JAM,1958,7984985351,0.03082983501894221,22.800828784046896
4863,Jamaica,JAM,1959,8231161132,0.05653843310037643,22.831192926981487
4864,Jamaica,JAM,1960,8696538085,0.04785938196693351,22.886190862150908
4865,Jamaica,JAM,1961,9112749023,0.015735166703054304,22.932940261534682
4866,Jamaica,JAM,1962,9256139648,0.07817214233110059,22.948552914018702
4867,Jamaica,JAM,1963,9979711914,0.05572575218527498,23.023820060520478
4868,Jamaica,JAM,1964,10535838867,0.03285836404392306,23.078048507705525
4869,Jamaica,JAM,1965,10882029296,0.019384112214946514,23.1103785771587
4870,Jamaica,JAM,1966,11092967773,0.009841979192054762,23.129577210533295
4871,Jamaica,JAM,1967,11202144531,0.010931831906034972,23.139371072900417
4872,Jamaica,JAM,1968,11324604492,0.04428997112917443,23.15024358426196
4873,Jamaica,JAM,1969,11826170898,0.13639125816055842,23.193580785280716
4874,Jamaica,JAM,1970,13439157226,0.03633665235013739,23.321438463676476
4875,Jamaica,JAM,1971,13927491210,0.10027779906241996,23.357130508733576
4876,Jamaica,JAM,1972,15324109375,0.014864049480852737,23.45269320125608
4877,Jamaica,JAM,1973,15551887695,-0.030748817016839958,23.467447863380706
4878,Jamaica,JAM,1974,15073685546,-0.016457047497970945,23.436216381462827
4879,Jamaica,JAM,1975,14825617187,-0.057809763950436244,23.419622412464477
4880,Jamaica,JAM,1976,13968551757,-0.05440059028447208,23.36007433676693
4881,Jamaica,JAM,1977,13208654296,-0.050558560397953145,23.304138080193123
4882,Jamaica,JAM,1978,12540843750,-0.08290309852556765,23.25225665457667
4883,Jamaica,JAM,1979,11501168945,-0.10582407682387107,23.165714514541175
4884,Jamaica,JAM,1980,10284068359,-0.010346802771578067,23.053861773449704
4885,Jamaica,JAM,1981,10177661132,-5.286931771664172e-05,23.043461070394905
4886,Jamaica,JAM,1982,10177123046,0.04214338728748834,23.043408199679558
4887,Jamaica,JAM,1983,10606021484,-0.038459597749764485,23.08468774130516
4888,Jamaica,JAM,1984,10198118164,-0.11036608420298355,23.045469046490087
4889,Jamaica,JAM,1985,9072591796,0.10800645064093217,22.928523815049363
4890,Jamaica,JAM,1986,10052490234,0.10911708556453203,23.031086225235605
4891,Jamaica,JAM,1987,11149388671,0.049869518895346854,23.13465050563644
4892,Jamaica,JAM,1988,11705403320,0.016803888223477337,23.18331639436528
4893,Jamaica,JAM,1989,11902099609,0.07427260979495975,23.19998065923168
4894,Jamaica,JAM,1990,12786099609,-0.02475306205007366,23.271624449734556
4895,Jamaica,JAM,1991,12469604492,0.06154629912218712,23.246559879375145
4896,Jamaica,JAM,1992,13237062500,0.07142675861808456,23.306286497280556
4897,Jamaica,JAM,1993,14182542968,0.0019495385321508518,23.375277676809624
4898,Jamaica,JAM,1994,14210192382,0.014034133362797796,23.377225317457793
4899,Jamaica,JAM,1995,14409620117,0.02262126720574953,23.391161884153718
4900,Jamaica,JAM,1996,14735583984,-0.005762716434734028,23.413531084790495
4901,Jamaica,JAM,1997,14650666992,0.01819803024296318,23.407751699837263
4902,Jamaica,JAM,1998,14917280273,0.02376255252383963,23.425786127773232
4903,Jamaica,JAM,1999,15271752929,0.019356482741327063,23.449270745200753
4904,Jamaica,JAM,2000,15567360351,0.004491757332225399,23.46844227412303
4905,Jamaica,JAM,2001,15637285156,0.004651155509055371,23.47292397362028
4906,Jamaica,JAM,2002,15710016601,0.09453767712158001,23.47756434592885
4907,Jamaica,JAM,2003,17195205078,0.019399257902819933,23.567896407366092
4908,Jamaica,JAM,2004,17528779296,0.07538640419196474,23.587109898315155
4909,Jamaica,JAM,2005,18850210937,0.036338079785382726,23.659789941069597
4910,Jamaica,JAM,2006,19535191406,0.059500592793935825,23.695483363511407
4911,Jamaica,JAM,2007,20697546875,-0.005638311617545244,23.753281021740946
4912,Jamaica,JAM,2008,20580847656,0.0040332552568991265,23.74762675484229
4913,Jamaica,JAM,2009,20663855468,0.024633233560322987,23.75165189832912
4914,Jamaica,JAM,2010,21172873046,0.020964048669051882,23.77598662596955
4915,Jamaica,JAM,2011,21616742187,0.04358203261389537,23.79673395265069
4916,Jamaica,JAM,2012,22558843750,0.022273865698458017,23.839393010046518
4917,Jamaica,JAM,2013,23061316406,0.0022710345792043007,23.86142243628113
4918,Jamaica,JAM,2014,23113689453,0.01174451117170161,23.863690895959028
4919,Jamaica,JAM,2015,23385148437,0.0057233674338468266,23.875366975634584
4920,Jamaica,JAM,2016,23518990234,0.019137626722992573,23.88107402682733
4921,Jamaica,JAM,2017,23969087890,0.030924515167272792,23.900030832520184
4922,Jamaica,JAM,2018,24710320312,0.006353778664850207,23.930486819711962
4924,Japan,JPN,1950,236383171875,0.10536064888819618,26.188719934982657
4925,Japan,JPN,1951,261288656250,0.1016343634321093,26.288891595786644
4926,Japan,JPN,1952,287844562500,0.04470946016220134,26.385686457842912
4927,Japan,JPN,1953,300713937500,0.05294878459033847,26.429425276049663
4928,Japan,JPN,1954,316636375000,0.0796624558691339,26.481019870402644
4929,Japan,JPN,1955,341860406250,0.06819468436175469,26.557668321825783
4930,Japan,JPN,1956,365173468750,0.07029604337869899,26.623638334479452
4931,Japan,JPN,1957,390843718750,0.0726766668806802,26.691573620740364
4932,Japan,JPN,1958,419248937500,0.09413820816182739,26.7617307033591
4933,Japan,JPN,1959,458716281250,0.12903414358589438,26.851697732251434
4934,Japan,JPN,1960,517906343750,0.10943755938498301,26.97306025928753
4935,Japan,JPN,1961,574584750000,0.09589022768181721,27.076913442937524
4936,Japan,JPN,1962,629681812500,0.08278347725026602,27.168480469222658
4937,Japan,JPN,1963,681809062500,0.11261721458857843,27.248015488582997
4938,Japan,JPN,1964,758592500000,0.06209254309790824,27.354730579519064
4939,Japan,JPN,1965,805695437500,0.10250275247462848,27.414971638935818
4940,Japan,JPN,1966,888281437500,0.10351786733132085,27.512554463847195
4941,Japan,JPN,1967,980234437500,0.12603955520589438,27.6110576019408
4942,Japan,JPN,1968,1103782750000,0.12182605680329761,27.729764259998568
4943,Japan,JPN,1969,1238252250000,0.10359399710357886,27.844722025493663
4944,Japan,JPN,1970,1366527750000,0.06023423234544634,27.943294149462897
4945,Japan,JPN,1971,1448839500000,0.09073857042136146,28.001784007086535
4946,Japan,JPN,1972,1580305125000,0.08031692613791908,28.088639061411328
4947,Japan,JPN,1973,1707230375000,-0.006294039256418471,28.16589350962709
4948,Japan,JPN,1974,1696485000000,0.04671946701562346,28.159579579398628
4949,Japan,JPN,1975,1775743875000,0.06721570417918521,28.205240535571583
4950,Japan,JPN,1976,1895101750000,0.06838781875432276,28.27029364695287
4951,Japan,JPN,1977,2024703625000,0.07543455897156304,28.336444447750978
4952,Japan,JPN,1978,2177436250000,0.06665683094051555,28.409169268551043
4953,Japan,JPN,1979,2322577250000,0.057764063606495775,28.473698568652832
4954,Japan,JPN,1980,2456738750000,-0.000589602781329468,28.52985587495795
4955,Japan,JPN,1981,2455290250000,-0.013615803671276794,28.529266098292545
4956,Japan,JPN,1982,2421859500000,-0.015775688061177795,28.515556749467642
4957,Japan,JPN,1983,2383653000000,0.004281139075192675,28.49965530084641
4958,Japan,JPN,1984,2393857750000,0.031251752532079236,28.50392730191714
4959,Japan,JPN,1985,2468670000000,0.08908288673658293,28.5347006600075
4960,Japan,JPN,1986,2688586250000,0.06943407525051493,28.620036613767663
4961,Japan,JPN,1987,2875265750000,0.1000970953728364,28.68716622068864
4962,Japan,JPN,1988,3163071500000,0.07210459833108418,28.782564665118286
4963,Japan,JPN,1989,3391143500000,0.07888194645847335,28.852188296076996
4964,Japan,JPN,1990,3658643500000,0.06229972939424133,28.928113566226838
4965,Japan,JPN,1991,3886576000000,0.03653312066971037,28.988549680294913
4966,Japan,JPN,1992,4028564750000,0.030027195169197718,29.02443128701451
4967,Japan,JPN,1993,4149531250000,0.03211284407124304,29.05401649198439
4968,Japan,JPN,1994,4282784500000,0.05581543969816827,29.085624498096305
4969,Japan,JPN,1995,4521830000000,0.051941912898096465,29.139937895092693
4970,Japan,JPN,1996,4756702500000,0.004271236218788221,29.190575792007422
4971,Japan,JPN,1997,4777019500000,-0.012000160351030575,29.194837932387912
4972,Japan,JPN,1998,4719694500000,-4.587161308855503e-05,29.182765188855015
4973,Japan,JPN,1999,4719478000000,0.02450186228222706,29.182719316189793
4974,Japan,JPN,2000,4835114000000,-0.010308960657390953,29.20692582263237
4975,Japan,JPN,2001,4785269000000,-0.0008450935569139784,29.196563356599203
4976,Japan,JPN,2002,4781225000000,0.01649315813416008,29.19571790574942
4977,Japan,JPN,2003,4860082500000,0.026189781757820052,29.212076529005515
4978,Japan,JPN,2004,4987367000000,0.024670933580785315,29.2379292311223
4979,Japan,JPN,2005,5110410000000,0.011617463178101195,29.262300751759177
4980,Japan,JPN,2006,5169780000000,0.019572689746952587,29.273851250351985
4981,Japan,JPN,2007,5270966500000,-0.017153495473742786,29.29323485825116
4982,Japan,JPN,2008,5180551000000,-0.05558318024472686,29.275932537199353
4983,Japan,JPN,2009,4892599500000,0.04538742645908367,29.21874487326074
4984,Japan,JPN,2010,5114662000000,-0.016099499830096287,29.263132432992347
4985,Japan,JPN,2011,5032318500000,0.001289465283248692,29.24690192823621
4986,Japan,JPN,2012,5038807500000,0.010115786324442766,29.24819056287308
4987,Japan,JPN,2013,5089779000000,-0.01359214221285443,29.258255527080788
4988,Japan,JPN,2014,5020598000000,0.02667042850274015,29.24457016604352
4989,Japan,JPN,2015,5154499500000,-0.021739259068703,29.270891138480227
4990,Japan,JPN,2016,5042444500000,0.0012782490714573491,29.248912100268992
4991,Japan,JPN,2017,5048890000000,-0.008558910968549549,29.250189533075623
4992,Japan,JPN,2018,5005677000000,0.006235719963553432,29.24159378428355
4994,Jordan,JOR,1954,1735194580,-0.16622121306994864,21.274385393912816
4995,Jordan,JOR,1955,1446768432,0.3934775333831724,21.092598238617004
4996,Jordan,JOR,1956,2016039306,0.054600574340190944,21.42440068398928
4997,Jordan,JOR,1957,2126116210,0.1372909362277992,21.477562776708133
4998,Jordan,JOR,1958,2418012695,0.15045445449987604,21.606211839332012
4999,Jordan,JOR,1959,2781813476,0.058034941735971346,21.746368881470957
5000,Jordan,JOR,1960,2943255859,0.18448848894315573,21.802782240577187
5001,Jordan,JOR,1961,3486252685,0.02378804966054826,21.972093267074197
5002,Jordan,JOR,1962,3569183837,0.06544061350348418,21.995602789514255
5003,Jordan,JOR,1963,3802753417,0.14626236492577704,22.058991224715975
5004,Jordan,JOR,1964,4358953125,0.11994731556100402,22.195497756531633
5005,Jordan,JOR,1965,4881797851,0.04377089558434477,22.30877940105456
5006,Jordan,JOR,1966,5095478515,0.12331465359931948,22.351619417758624
5007,Jordan,JOR,1967,5723825683,0.0029166394863462397,22.467903244473188
5008,Jordan,JOR,1968,5740520019,0.024127924916482968,22.470815638818948
5009,Jordan,JOR,1969,5879026855,-0.09131897374195619,22.49465708430983
5010,Jordan,JOR,1970,5342160156,-0.0089818389188705,22.39889593171641
5011,Jordan,JOR,1971,5294177734,0.06626871945512214,22.389873512911606
5012,Jordan,JOR,1972,5645016113,-0.0406074114601912,22.454038888928373
5013,Jordan,JOR,1973,5415786621,0.024831107540047137,22.41258397388514
5014,Jordan,JOR,1974,5550266601,-0.07531372095255506,22.43711179976727
5015,Jordan,JOR,1975,5132255371,0.14962164360312769,22.358811042984
5016,Jordan,JOR,1976,5900151855,0.002079528002250086,22.498243925662457
5017,Jordan,JOR,1977,5912421386,0.26976929448512754,22.50032129443928
5018,Jordan,JOR,1978,7507411132,0.1425902192084716,22.73915652052226
5019,Jordan,JOR,1979,8577894531,0.17914882497638396,22.872454327675236
5020,Jordan,JOR,1980,10114614257,0.0048866676221284155,23.03724717109993
5021,Jordan,JOR,1981,10164041015,0.038050234196147725,23.042121937716928
5022,Jordan,JOR,1982,10550785156,0.02756135592758535,23.079466116468947
5023,Jordan,JOR,1983,10841579101,0.16374225493002736,23.10665449587254
5024,Jordan,JOR,1984,12616803710,-0.03132502399849102,23.258295390189954
5025,Jordan,JOR,1985,12221582031,0.014787972747028366,23.226469244748948
5026,Jordan,JOR,1986,12402314453,0.16595684868336247,23.241148941576046
5027,Jordan,JOR,1987,14460563476,0.05104974015882524,23.39469102082928
5028,Jordan,JOR,1988,15198771484,0.07149812043321857,23.4444804381112
5029,Jordan,JOR,1989,16285455078,-0.1600794564544744,23.51353821989577
5030,Jordan,JOR,1990,13678488281,0.006324654978150601,23.33909023725975
5031,Jordan,JOR,1991,13765000000,0.06164241278605154,23.34539497554098
5032,Jordan,JOR,1992,14613507812,0.04255320289967357,23.405212130536565
5033,Jordan,JOR,1993,15235359375,0.0172179899760323,23.44688483788172
5034,Jordan,JOR,1994,15497681640,0.08754749481355328,23.46395627807176
5035,Jordan,JOR,1995,16854464843,0.018104322791757443,23.54788143449058
5036,Jordan,JOR,1996,17159603515,0.028741535873417767,23.56582382555282
5037,Jordan,JOR,1997,17652796875,0.047421774516962945,23.594160070944557
5038,Jordan,JOR,1998,18489923828,-0.01888496914580151,23.640491762704727
5039,Jordan,JOR,1999,18140742187,0.08997347132630851,23.621426195184522
5040,Jordan,JOR,2000,19772927734,0.07273389800171315,23.70757955289665
5041,Jordan,JOR,2001,21211089843,0.09335734055426204,23.77778998765412
5042,Jordan,JOR,2002,23191300781,0.06290031972657206,23.867043078965015
5043,Jordan,JOR,2003,24650041015,0.23854700105455384,23.92804440132825
5044,Jordan,JOR,2004,30530234375,0.20762013576910188,24.141983320538934
5045,Jordan,JOR,2005,36868925781,0.17775375075824207,24.33063491345476
5046,Jordan,JOR,2006,43422515625,0.14651403126762075,24.494243936728868
5047,Jordan,JOR,2007,49784523437,0.22746173784971724,24.63096999831923
5048,Jordan,JOR,2008,61108597656,0.19056564322674507,24.835918407725423
5049,Jordan,JOR,2009,72753796875,0.05939477384835801,25.010346932357773
5050,Jordan,JOR,2010,77074992187,0.1606368756802583,25.068044709349824
5051,Jordan,JOR,2011,89456078125,0.06777374510570744,25.217013594564698
5052,Jordan,JOR,2012,95518851562,-0.007336820696018487,25.282589463507538
5053,Jordan,JOR,2013,94818046875,0.0030417633721164794,25.27522559596947
5054,Jordan,JOR,2014,95106460937,0.018930841241087126,25.278262742539155
5055,Jordan,JOR,2015,96906906250,-0.0053892734089836525,25.297016625233233
5056,Jordan,JOR,2016,96384648437,0.07423519127817135,25.29161277730267
5057,Jordan,JOR,2017,103539781250,0.04377785953647639,25.36322173570787
5058,Jordan,JOR,2018,108072531250,0.008463789220260365,25.406068424306053
5060,Kazakhstan,KAZ,1990,201472328125,-0.019927441958724312,26.028917879498135
5061,Kazakhstan,KAZ,1991,197457500000,0.012961412582454424,26.008789208257507
5062,Kazakhstan,KAZ,1992,200016828125,-0.2606371323287876,26.021667340579825
5063,Kazakhstan,KAZ,1993,147885015625,-0.20501834142467734,25.719700887297943
5064,Kazakhstan,KAZ,1994,117565875000,-0.1475514525367161,25.49026465172956
5065,Kazakhstan,KAZ,1995,100218859375,-0.015061021921553897,25.33062222520189
5066,Kazakhstan,KAZ,1996,98709460937,-0.06709787743879148,25.31544663428339
5067,Kazakhstan,KAZ,1997,92086265625,-0.06731222303271678,25.245991644494662
5068,Kazakhstan,KAZ,1998,85887734375,-0.044635666290388176,25.17630686616031
5069,Kazakhstan,KAZ,1999,82054078125,0.13582801052278604,25.130644356172407
5070,Kazakhstan,KAZ,2000,93199320312,0.13716461016244152,25.258006265821663
5071,Kazakhstan,KAZ,2001,105982968750,0.04919311917274438,25.38654424597951
5072,Kazakhstan,KAZ,2002,111196601562,0.13488145468759982,25.434565656803077
5073,Kazakhstan,KAZ,2003,126194960937,0.1448884739710643,25.561093857072496
5074,Kazakhstan,KAZ,2004,144479156250,0.20761850811957516,25.696401086689395
5075,Kazakhstan,KAZ,2005,174475703125,0.2287528394220364,25.88505133178849
5076,Kazakhstan,KAZ,2006,214387515625,0.17303654502386556,26.091051035086654
5077,Kazakhstan,KAZ,2007,251484390625,0.16532568093658395,26.250646759450742
5078,Kazakhstan,KAZ,2008,293061218750,-0.04797632405942487,26.403647361852347
5079,Kazakhstan,KAZ,2009,279001218750,0.18964108467716145,26.354481987037804
5080,Kazakhstan,KAZ,2010,331911312500,0.22252621699960895,26.528133639152955
5081,Kazakhstan,KAZ,2011,405770281250,0.051829356342246946,26.72905302668835
5082,Kazakhstan,KAZ,2012,426801093750,0.062255361195404646,26.779583919046452
5083,Kazakhstan,KAZ,2013,453371750000,0.04200092142926848,26.839978266065003
5084,Kazakhstan,KAZ,2014,472413781250,-0.11533460371505622,26.88112109368491
5085,Kazakhstan,KAZ,2015,417928125000,-0.016397631171627847,26.758575304925348
5086,Kazakhstan,KAZ,2016,411075093750,0.1467505594894729,26.74204174460725
5087,Kazakhstan,KAZ,2017,471400593750,0.030949990185497045,26.878974086993683
5088,Kazakhstan,KAZ,2018,485990437500,0.08052344651328669,26.909454784727405
5090,Kenya,KEN,1950,10111613281,0.19077238689741782,23.036950430047614
5091,Kenya,KEN,1951,12040629882,-0.07736825308388795,23.211552591239393
5092,Kenya,KEN,1952,11109067382,-0.04946023028812341,23.131027493060053
5093,Kenya,KEN,1953,10559610351,0.10126679446071929,23.080302215964213
5094,Kenya,KEN,1954,11628948242,0.05992437213566548,23.176763364477786
5095,Kenya,KEN,1955,12325805664,0.03514729680229367,23.234960923014615
5096,Kenya,KEN,1956,12759024414,0.04799345068484162,23.26950465535703
5097,Kenya,KEN,1957,13371374023,0.00920050824906915,23.316381991889827
5098,Kenya,KEN,1958,13494397460,-0.027664475580075343,23.32554043329027
5099,Kenya,KEN,1959,13121082031,0.08627285168445264,23.297486088936736
5100,Kenya,KEN,1960,14253075195,-0.008378537288703303,23.380238523536814
5101,Kenya,KEN,1961,14133655273,0.07883042903476079,23.371824689006782
5102,Kenya,KEN,1962,15247817382,0.023908198981340556,23.447702207265028
5103,Kenya,KEN,1963,15612365234,0.09261564134120226,23.471329080431307
5104,Kenya,KEN,1964,17058314453,0.054083550900760224,23.559903573015077
5105,Kenya,KEN,1965,17980888671,0.10044106078654447,23.61257529029685
5106,Kenya,KEN,1966,19786908203,0.0397272817933636,23.708286354087853
5107,Kenya,KEN,1967,20572988281,-0.0037987842569363606,23.747244803808243
5108,Kenya,KEN,1968,20494835937,0.06798454182717184,23.743438785845054
5109,Kenya,KEN,1969,21888167968,-0.07436309321911361,23.809212052333713
5110,Kenya,KEN,1970,20260496093,0.08557938818680033,23.731938821794902
5111,Kenya,KEN,1971,21994376953,0.1017272614169149,23.814052664589802
5112,Kenya,KEN,1972,24231804687,0.03138372831999536,23.91093185051176
5113,Kenya,KEN,1973,24992289062,0.11659166436380897,23.941833176717978
5114,Kenya,KEN,1974,27906181640,0.005781299178843957,24.052114065389723
5115,Kenya,KEN,1975,28067515625,0.01947765738528906,24.05787871699074
5116,Kenya,KEN,1976,28614205078,0.11893841243266423,24.077169112515964
5117,Kenya,KEN,1977,32017533203,0.08177751972330793,24.18954950229059
5118,Kenya,KEN,1978,34635847656,0.0006677736381599519,24.268155042092914
5119,Kenya,KEN,1979,34658976562,0.05455330498919064,24.268822592869466
5120,Kenya,KEN,1980,36549738281,0.020664050155254188,24.321939862542006
5121,Kenya,KEN,1981,37305003906,0.03518828793873596,24.342393307574348
5122,Kenya,KEN,1982,38617703125,0.057367937208202324,24.376976638459865
5123,Kenya,KEN,1983,40833121093,0.07018840691781758,24.432759380527127
5124,Kenya,KEN,1984,43699132812,0.021519395134124153,24.500594094732065
5125,Kenya,KEN,1985,44639511718,0.07979652975378904,24.5218852167428
5126,Kenya,KEN,1986,48201589843,0.012748623209349219,24.598657841753603
5127,Kenya,KEN,1987,48816093750,0.05988427548035835,24.611325885395775
5128,Kenya,KEN,1988,51739410156,0.010944570556421951,24.669485613484692
5129,Kenya,KEN,1989,52305675781,0.04999248333867912,24.68037072566632
5130,Kenya,KEN,1990,54920566406,0.022239576827571828,24.72915373108506
5131,Kenya,KEN,1991,56141976562,-0.022457015716353834,24.751149614991043
5132,Kenya,KEN,1992,54881195312,0.05947093388628044,24.728436600593323
5133,Kenya,KEN,1993,58145031250,0.15109980915179233,24.786206265140752
5134,Kenya,KEN,1994,66930734375,-0.037610302359692316,24.926924106283245
5135,Kenya,KEN,1995,64413449218,0.04218639316772754,24.888588287041756
5136,Kenya,KEN,1996,67130820312,0.01838900141935751,24.92990909457513
5137,Kenya,KEN,1997,68365289062,0.005483868424223326,24.948131062914708
5138,Kenya,KEN,1998,68740195312,0.010672772090188243,24.953599949679163
5139,Kenya,KEN,1999,69473843750,-0.010696584108317753,24.964216169759265
5140,Kenya,KEN,2000,68730710937,0.04191539649052478,24.953461965937382
5141,Kenya,KEN,2001,71611585937,-0.024929079752130212,24.994522712584985
5142,Kenya,KEN,2002,69826375000,-0.019567395744086724,24.969277640671127
5143,Kenya,KEN,2003,68460054687,0.04512131676089037,24.949516268864958
5144,Kenya,KEN,2004,71549062500,0.0717466598531602,24.993649240137664
5145,Kenya,KEN,2005,76682468750,0.10407834417824469,25.062938950093333
5146,Kenya,KEN,2006,84663453125,0.06470942578861405,25.161949859359986
5147,Kenya,KEN,2007,90141976562,0.036931063528546915,25.224651781658764
5148,Kenya,KEN,2008,93471015625,0.06138366756405933,25.260917231867683
5149,Kenya,KEN,2009,99208609375,0.10512413000950804,25.320490635525807
5150,Kenya,KEN,2010,109637828125,0.08582091519792234,25.42044829903667
5151,Kenya,KEN,2011,119047046875,0.08729472893109103,25.50278460381773
5152,Kenya,KEN,2012,129439226562,0.07306765162467821,25.586477314976072
5153,Kenya,KEN,2013,138897046875,0.10458499443888924,25.65699882568156
5154,Kenya,KEN,2014,153423593750,0.10416188432556517,25.756468519463418
5155,Kenya,KEN,2015,169404484375,0.07791069949354767,25.855555090921424
5156,Kenya,KEN,2016,182602906250,0.11246903073318415,25.930579720917095
5157,Kenya,KEN,2017,203140078125,0.04430278829302292,26.037161618044678
5158,Kenya,KEN,2018,212139750000,0.04996102215638509,26.08051109255599
5160,Kuwait,KWT,1970,105452960937,0.031390551138508194,25.381530822538153
5161,Kuwait,KWT,1971,108763187500,0.041682517230381855,25.412438763931092
5162,Kuwait,KWT,1972,113296710937,-0.08307466173694755,25.453275974876743
5163,Kuwait,KWT,1973,103884625000,-0.09062329664279001,25.36654674527585
5164,Kuwait,KWT,1974,94470257812,-0.11044985801525564,25.271550889759403
5165,Kuwait,KWT,1975,84036031250,0.10300194894080028,25.154511487272163
5166,Kuwait,KWT,1976,92691906250,0.03125567866935519,25.25254699448739
5167,Kuwait,KWT,1977,95589054687,0.005156023109694319,25.283324159727446
5168,Kuwait,KWT,1978,96081914062,0.17096398458923523,25.288466936064253
5169,Kuwait,KWT,1979,112508460937,-0.2166601636800417,25.44629426409177
5170,Kuwait,KWT,1980,88132359375,-0.150488673729552,25.202105605230322
5171,Kuwait,KWT,1981,74869437500,-0.08690263718089242,25.03901160013821
5172,Kuwait,KWT,1982,68363085937,0.024025324347025423,24.94809883661201
5173,Kuwait,KWT,1983,70005531250,0.026178623378420474,24.971840093731167
5174,Kuwait,KWT,1984,71838179687,-0.09970210826898396,24.997681922186704
5175,Kuwait,KWT,1985,64675761718,-0.1814048986567206,24.892652342575744
5176,Kuwait,KWT,1986,52943261718,0.18502509505698916,24.692486643445484
5177,Kuwait,KWT,1987,62739093750,-0.12030751360669756,24.862250595071625
5178,Kuwait,KWT,1988,55191109375,0.14236547664974353,24.734067715210475
5179,Kuwait,KWT,1989,63048417968,-0.2566990460920744,24.867168807337542
5180,Kuwait,KWT,1990,46863949218,-0.4080784544861744,24.57051454342758
5181,Kuwait,KWT,1991,27739781250,0.9943713788658661,24.04613336607742
5182,Kuwait,KWT,1992,55323425781,0.321503090108866,24.73646226845249
5183,Kuwait,KWT,1993,73110078125,0.05546249287365268,25.015232061846334
5184,Kuwait,KWT,1994,77164945312,0.017691201872564566,25.069211114583865
5185,Kuwait,KWT,1995,78530085937,0.07515561065009924,25.086747648653237
5186,Kuwait,KWT,1996,84432062500,0.003966761738172675,25.159213053850117
5187,Kuwait,KWT,1997,84766984375,0.031921331399846764,25.16317196873317
5188,Kuwait,KWT,1998,87472859375,-0.060626930180307737,25.194594403623228
5189,Kuwait,KWT,1999,82169648437,0.11338784137726265,25.132051830396723
5190,Kuwait,KWT,2000,91486687500,-0.07064996478312757,25.23945930683965
5191,Kuwait,KWT,2001,85023156250,0.03860832397644609,25.16618948280596
5192,Kuwait,KWT,2002,88305757812,0.24686235335197648,25.204071149814336
5193,Kuwait,KWT,2003,110105125000,0.22445395934112966,25.424701428183884
5194,Kuwait,KWT,2004,134818656250,0.3134316768566665,25.627196425329004
5195,Kuwait,KWT,2005,177075093750,0.22694247126439815,25.899839738022635
5196,Kuwait,KWT,2006,217260953125,0.08361287308515308,26.104365016967154
5197,Kuwait,KWT,2007,235426765625,0.2144161337857653,26.184665728048937
5198,Kuwait,KWT,2008,285906062500,-0.27868206056316136,26.378929141016627
5199,Kuwait,KWT,2009,206229171875,0.12996910975934162,26.052253872213402
5200,Kuwait,KWT,2010,233032593750,0.2514699191086869,26.174444168067847
5201,Kuwait,KWT,2011,291633281250,0.13748505855759552,26.398762963798664
5202,Kuwait,KWT,2012,331728500000,-0.014086444185531288,26.527582700221384
5203,Kuwait,KWT,2013,327055625000,-0.07881428808937319,26.51339610041074
5204,Kuwait,KWT,2014,301278968750,-0.3057583051920215,26.43130247895375
5205,Kuwait,KWT,2015,209160421875,0.0012408986015295387,26.066367363260863
5206,Kuwait,KWT,2016,209419968750,0.08986965336847796,26.067607492584056
5207,Kuwait,KWT,2017,228240468750,0.16574993890078926,26.153665597608747
5208,Kuwait,KWT,2018,266071312500,-0.01880240753125162,26.307030201903107
5210,Kyrgyzstan,KGZ,1995,15790629882,0.0013606393260152672,23.482682555615288
5211,Kyrgyzstan,KGZ,1996,15812115234,-0.18980519908852067,23.48404227011043
5212,Kyrgyzstan,KGZ,1997,12810893554,-0.09285005624206433,23.273561704832947
5213,Kyrgyzstan,KGZ,1998,11621401367,-0.025928893468532443,23.17611418066834
5214,Kyrgyzstan,KGZ,1999,11320071289,-0.009825174873949516,23.149843207316458
5215,Kyrgyzstan,KGZ,2000,11208849609,-0.01283366188484647,23.13996944690901
5216,Kyrgyzstan,KGZ,2001,11064999023,0.0026956304232834682,23.12705272215299
5217,Kyrgyzstan,KGZ,2002,11094826171,0.08854361139679368,23.12974472588061
5218,Kyrgyzstan,KGZ,2003,12077202148,0.05611602759437395,23.21458539236238
5219,Kyrgyzstan,KGZ,2004,12754926757,0.014889007723684289,23.26918344622656
5220,Kyrgyzstan,KGZ,2005,12944834960,0.15688802949404312,23.283962700744574
5221,Kyrgyzstan,KGZ,2006,14975724609,0.13010717476929523,23.429696367690454
5222,Kyrgyzstan,KGZ,2007,16924173828,0.16968955159564092,23.55200884084579
5223,Kyrgyzstan,KGZ,2008,19796029296,-0.0012819213702177645,23.708747213929882
5224,Kyrgyzstan,KGZ,2009,19770652343,0.0032869110170261617,23.70746447019559
5225,Kyrgyzstan,KGZ,2010,19835636718,0.2363946834509676,23.71074599112852
5226,Kyrgyzstan,KGZ,2011,24524675781,0.11353528339637298,23.922945622371614
5227,Kyrgyzstan,KGZ,2012,27309091796,0.05701512381411611,24.030485516514716
5228,Kyrgyzstan,KGZ,2013,28866123046,0.46154198517650147,24.085934531544652
5229,Kyrgyzstan,KGZ,2014,42189050781,-0.31445344093815486,24.46542656415689
5230,Kyrgyzstan,KGZ,2015,28922558593,0.3611080235317685,24.087887701727485
5232,Laos,LAO,1970,2082315673,0.04973194955153182,21.456746415722876
5233,Laos,LAO,1971,2185873291,0.03455661236678709,21.505281261159855
5234,Laos,LAO,1972,2261409667,0.08834108826687004,21.539254202241814
5235,Laos,LAO,1973,2461185058,0.035484029823815044,21.623908801789916
5236,Laos,LAO,1974,2548517822,0.06622204661200137,21.658777780853136
5237,Laos,LAO,1975,2717285888,0.02918732377415556,21.72289938379114
5238,Laos,LAO,1976,2796596191,-0.018932142284391773,21.751668868559083
5239,Laos,LAO,1977,2743650634,0.015437988158954585,21.732555218733328
5240,Laos,LAO,1978,2786007080,-0.029847561622133423,21.747875253578613
5241,Laos,LAO,1979,2702851562,0.10201031898177182,21.717573186713544
5242,Laos,LAO,1980,2978570312,0.15367209669549675,21.814709261267733
5243,Laos,LAO,1981,3436293457,0.07900542907561103,21.9576592439989
5244,Laos,LAO,1982,3707779296,0.07429717817810477,22.033698961842973
5245,Laos,LAO,1983,3983256835,-0.017043140779547494,22.1053656218689
5246,Laos,LAO,1984,3915369628,0.11484912044682183,22.088175575214773
5247,Laos,LAO,1985,4365046386,0.04308854462652212,22.196894652985637
5248,Laos,LAO,1986,4553129882,0.031134039369360655,22.23908071957788
5249,Laos,LAO,1987,4694887207,0.10657007291975185,22.269739925249898
5250,Laos,LAO,1988,5195221679,0.11932896578906504,22.371005132194508
5251,Laos,LAO,1989,5815162109,0.03373245050149287,22.48373450025847
5252,Laos,LAO,1990,6011321777,0.030533855083632044,22.51691049092986
5253,Laos,LAO,1991,6194870605,0.0382453981861659,22.54698746480373
5254,Laos,LAO,1992,6431795898,0.057462931016658336,22.584519636043478
5255,Laos,LAO,1993,6801385742,0.0916653875621336,22.640392213955245
5256,Laos,LAO,1994,7424837402,0.07046693923008562,22.728096622674855
5257,Laos,LAO,1995,7948042968,0.10665963375048526,22.796191567761277
5258,Laos,LAO,1996,8795778320,0.06397178504607881,22.89753770695663
5259,Laos,LAO,1997,9358459960,0.014522809691008165,22.959546579710643
5260,Laos,LAO,1998,9494371093,0.09407218669370376,22.973964943419304
5261,Laos,LAO,1999,10387527343,0.009621477441149606,23.063871629422948
5262,Laos,LAO,2000,10487470703,0.18525789230040246,23.073447115219743
5263,Laos,LAO,2001,12430357421,0.12368817966589996,23.24340749676198
5264,Laos,LAO,2002,13967845703,0.006641579236522865,23.3600237895193
5265,Laos,LAO,2003,14060614257,0.07907254787581497,23.366643410639206
5266,Laos,LAO,2004,15172422851,0.05321827653562794,23.442745330869794
5267,Laos,LAO,2005,15979873046,0.21611658710045045,23.494595832697286
5268,Laos,LAO,2006,19433388671,0.13191415590969524,23.690258489195017
5269,Laos,LAO,2007,21996927734,0.0644477429367909,23.81416863209843
5270,Laos,LAO,2008,23414580078,0.12115381166563743,23.87662474553257
5271,Laos,LAO,2009,26251345703,0.06422513009713349,23.990983089546237
5272,Laos,LAO,2010,27937341796,0.14071912742116632,24.05323004652117
5273,Laos,LAO,2011,31868660156,0.21574658781836242,24.18488892357569
5274,Laos,LAO,2012,38744214843,0.08421196754718818,24.38024728722606
5275,Laos,LAO,2013,42006941406,0.0628619135460986,24.461100713145367
5276,Laos,LAO,2014,44647578125,0.0006941515822702637,24.522065901476417
5277,Laos,LAO,2015,44678570312,0.06317713488342913,24.52275981224691
5278,Laos,LAO,2016,47501234375,0.0636303365748061,24.58402153449146
5279,Laos,LAO,2017,50523753906,0.022547175950532683,24.645709437012613
5280,Laos,LAO,2018,51662921875,0.05267536527617267,24.668006182732046
5282,Latvia,LVA,1990,44794593750,-0.10224404522030073,24.525353293862295
5283,Latvia,LVA,1991,40214613281,-0.29613904539588454,24.417496280968752
5284,Latvia,LVA,1992,28305496093,-0.1128709130023019,24.06632183097284
5285,Latvia,LVA,1993,25110628906,-0.009383243322261037,23.946557055839694
5286,Latvia,LVA,1994,24875009765,-0.03165223316245003,23.937129512553806
5287,Latvia,LVA,1995,24087660156,0.005889945269950125,23.904965519590583
5288,Latvia,LVA,1996,24229535156,0.02141917121639403,23.910838186943685
5289,Latvia,LVA,1997,24748511718,0.04662314765217923,23.93203119154701
5290,Latvia,LVA,1998,25902365234,0.03162996925564854,23.977600123258384
5291,Latvia,LVA,1999,26721656250,0.05756954211998,24.008740169098033
5292,Latvia,LVA,2000,28260009765,0.07309840782710708,24.064713559744135
5293,Latvia,LVA,2001,30325771484,0.03372260661330784,24.135263731980537
5294,Latvia,LVA,2002,31348435546,0.02064415970775868,24.168430199941238
5295,Latvia,LVA,2003,31995597656,0.0374505867614352,24.18886415703207
5296,Latvia,LVA,2004,33193851562,0.1330315078607871,24.22563050180268
5297,Latvia,LVA,2005,37609679687,0.05766156029639369,24.350527292694704
5298,Latvia,LVA,2006,39778312500,0.08614726851472154,24.406587688657968
5299,Latvia,LVA,2007,43205105468,0.05634497586872089,24.48922450734315
5300,Latvia,LVA,2008,45639496093,-0.1310275476708691,24.544039320972235
5301,Latvia,LVA,2009,39659464843,0.032591428026496505,24.403595466326244
5302,Latvia,LVA,2010,40952023437,0.09771809962348366,24.43566705840569
5303,Latvia,LVA,2011,44953777343,0.038176713981238786,24.528900628660384
5304,Latvia,LVA,2012,46669964843,-0.006154838426947862,24.566366643597373
5305,Latvia,LVA,2013,46382718750,0.029006964474241892,24.560192786072587
5306,Latvia,LVA,2014,47728140625,0.03452005679301484,24.588787011098137
5307,Latvia,LVA,2015,49375718750,0.019630647766519793,24.62272461702377
5308,Latvia,LVA,2016,50344996093,0.052664897581919945,24.642165068709456
5309,Latvia,LVA,2017,52996410156,0.03666617748787271,24.693490015298895
5310,Latvia,LVA,2018,54939585937,0.020747505747624073,24.729499980945167
5312,Lebanon,LBN,1970,17415283203,0.09107347227788853,23.580614002647653
5313,Lebanon,LBN,1971,19001353515,0.10760746587793801,23.667776051207152
5314,Lebanon,LBN,1972,21046041015,0.08035433475562859,23.769978304089513
5315,Lebanon,LBN,1973,22737181640,-0.004387173158898139,23.847267379153323
5316,Lebanon,LBN,1974,22637429687,-0.3111093404762477,23.84287055411026
5317,Lebanon,LBN,1975,15594713867,-0.5738130415419695,23.470197839098194
5318,Lebanon,LBN,1976,6646263671,1.1722994329876926,22.617320679730113
5319,Lebanon,LBN,1977,14437674804,-0.0918582627745963,23.39310693279149
5320,Lebanon,LBN,1978,13111455078,0.1877144791602663,23.296752118494442
5321,Lebanon,LBN,1979,15572665039,0.0705486106102331,23.46878297314205
5322,Lebanon,LBN,1980,16671294921,-0.011718425528776,23.536954210416255
5323,Lebanon,LBN,1981,16475933593,-0.337905678702501,23.52516658298287
5324,Lebanon,LBN,1982,10908622070,0.43389022927255927,23.112819329089884
5325,Lebanon,LBN,1983,15641766601,0.20588463542181445,23.473210519712882
5326,Lebanon,LBN,1984,18862166015,0.28966021912091633,23.66042395458806
5327,Lebanon,LBN,1985,24325785156,-0.14443890799279568,23.914802742236517
5328,Lebanon,LBN,1986,20812195312,0.16987945769283863,23.758804964916248
5329,Lebanon,LBN,1987,24347759765,-0.3289572088481628,23.915705680805246
5330,Lebanon,LBN,1988,16338388671,-0.43452536715577317,23.51678330896983
5331,Lebanon,LBN,1989,9238944335,0.46449171359792585,22.946693466614164
5332,Lebanon,LBN,1990,13530357421,0.42621705854196,23.328201695705538
5333,Lebanon,LBN,1991,19297226562,-0.22472637138124307,23.683227221080433
5334,Lebanon,LBN,1992,14960630859,-0.04603162229524005,23.428687978322877
5335,Lebanon,LBN,1993,14271968750,0.03639331791558198,23.38156322317965
5336,Lebanon,LBN,1994,14791373046,0.014317229667685893,23.417309945465593
5337,Lebanon,LBN,1995,15003144531,0.004484085976842689,23.431525651478193
5338,Lebanon,LBN,1996,15070419921,-0.1808890682734945,23.435999713894677
5339,Lebanon,LBN,1997,12344345703,0.19739846409257678,23.2364639573669
5340,Lebanon,LBN,1998,14781100585,0.23310746998749288,23.416615214173152
5341,Lebanon,LBN,1999,18226685546,0.16948846147608854,23.626152595941853
5342,Lebanon,LBN,2000,21315898437,0.13922587489198412,23.782719036732704
5343,Lebanon,LBN,2001,24283623046,0.3137499029929556,23.913068011363105
5344,Lebanon,LBN,2002,31902607421,0.19932607391877788,24.18595358073232
5345,Lebanon,LBN,2003,38261628906,0.2622567669205129,24.367713374699395
5346,Lebanon,LBN,2004,48296000000,0.2796508930553254,24.600614578440535
5347,Lebanon,LBN,2005,61802019531,-0.02109647383522817,24.847201879371273
5348,Lebanon,LBN,2006,60498214843,0.08526265271440225,24.825879694820603
5349,Lebanon,LBN,2007,65656453125,0.11433246398047792,24.907701728751775
5350,Lebanon,LBN,2008,73163117187,0.13279445468633377,25.0159572673662
5351,Lebanon,LBN,2009,82878773437,0.05074024250849507,25.140644816084077
5352,Lebanon,LBN,2010,87084062500,-0.045851440244878305,25.19013972472801
5353,Lebanon,LBN,2011,83091132812,0.03045479526347905,25.143203828084342
5354,Lebanon,LBN,2012,85621656250,0.042546460750109594,25.173204081671397
5355,Lebanon,LBN,2013,89264554687,0.05574756147553739,25.214870322035924
5356,Lebanon,LBN,2014,94240835937,0.05858079536444882,25.269119427109583
5357,Lebanon,LBN,2015,99761539062,0.06697721449392846,25.32604856584554
5358,Lebanon,LBN,2016,106443289062,0.0213303137286327,25.390878183198552
5359,Lebanon,LBN,2017,108713757812,-0.018061119645919055,25.4119841898724
5360,Lebanon,LBN,2018,106750265625,-0.05273442674864537,25.393757977342446
5362,Lesotho,LSO,1960,845549804,0.01567554736255361,20.555497629358154
5363,Lesotho,LSO,1961,858804260,0.15564150555098544,20.571051584366472
5364,Lesotho,LSO,1962,992469848,0.12033977076550939,20.715707190215277
5365,Lesotho,LSO,1963,1111903442,0.0757667957646273,20.82933919627081
5366,Lesotho,LSO,1964,1196148803,0.021475068934211805,20.90237290195975
5367,Lesotho,LSO,1965,1221836181,0.0633599890098524,20.92362063060775
5368,Lesotho,LSO,1966,1299251708,0.07836739361053824,20.98505432645654
5369,Lesotho,LSO,1967,1401070678,0.0035685251847088484,21.06050255128006
5370,Lesotho,LSO,1968,1406070434,0.0022830172105019475,21.06406472438599
5371,Lesotho,LSO,1969,1409280517,0.04752033551316037,21.06634513947241
5372,Lesotho,LSO,1970,1476250000,-0.06397981100762062,21.112770925475846
5373,Lesotho,LSO,1971,1381799804,0.23058721319662312,21.046652692174987
5374,Lesotho,LSO,1972,1700425170,0.23808893454570534,21.25414415673879
5375,Lesotho,LSO,1973,2105277587,0.0761559173906694,21.467713165695418
5376,Lesotho,LSO,1974,2265606933,-0.008443062969740622,21.541108521575516
5377,Lesotho,LSO,1975,2246478271,0.1764806569099462,21.532629614048453
5378,Lesotho,LSO,1976,2642938232,0.10806565077529973,21.695157101883062
5379,Lesotho,LSO,1977,2928549072,0.11458752670680883,21.7977729400551
5380,Lesotho,LSO,1978,3264124267,-0.06891818466419919,21.9062573453211
5381,Lesotho,LSO,1979,3039166748,-0.08956039189989184,21.83484921874072
5382,Lesotho,LSO,1980,2766977783,0.039227369177615046,21.741021508445385
5383,Lesotho,LSO,1981,2875519042,0.04531544326319925,21.779499031248825
5384,Lesotho,LSO,1982,3005824462,-0.028287608965503197,21.823817730697172
5385,Lesotho,LSO,1983,2920796875,0.030959116936195796,21.795122318392774
5386,Lesotho,LSO,1984,3011222167,0.023871559457738334,21.825611868845243
5387,Lesotho,LSO,1985,3083104736,-0.019098781923443497,21.849202957378477
5388,Lesotho,LSO,1986,3024221191,0.06027894902082909,21.829919437760676
5389,Lesotho,LSO,1987,3206518066,0.13987355466844265,21.88845147071789
5390,Lesotho,LSO,1988,3655025146,0.08810122889370686,22.01936881001505
5391,Lesotho,LSO,1989,3977037353,0.030135460988213625,22.103802995383326
5392,Lesotho,LSO,1990,4096887207,0.03056638947394874,22.1334933045
5393,Lesotho,LSO,1991,4222114257,-0.008653978498905368,22.163601848299116
5394,Lesotho,LSO,1992,4185576171,0.10452435008379646,22.154910206680295
5395,Lesotho,LSO,1993,4623070800,-0.0047095235919812906,22.254324996565924
5396,Lesotho,LSO,1994,4601298339,0.051443848792348534,22.249604348225795
5397,Lesotho,LSO,1995,4838006835,0.10029028390159356,22.299768661907123
5398,Lesotho,LSO,1996,5323211914,0.03084130533451468,22.395342701353425
5399,Lesotho,LSO,1997,5487386718,-0.12499661865457024,22.42571797148997
5400,Lesotho,LSO,1998,4801481933,0.016912909833498357,22.292190443252757
5401,Lesotho,LSO,1999,4882688964,0.021681848624916844,22.308961922270342
5402,Lesotho,LSO,2000,4988554687,0.06420213851411272,22.33041206287176
5403,Lesotho,LSO,2001,5308830566,0.010408752043038927,22.392637415553832
5404,Lesotho,LSO,2002,5364088867,0.008345884475444487,22.40299236952913
5405,Lesotho,LSO,2003,5408856933,-0.0019361148075683898,22.41130361968002
5406,Lesotho,LSO,2004,5398384765,0.024885192487757113,22.409365628179458
5407,Lesotho,LSO,2005,5532724609,0.02081568994282823,22.43394622716752
5408,Lesotho,LSO,2006,5647892089,-0.034121724877736015,22.45454823089959
5409,Lesotho,LSO,2007,5455176269,0.11543651972870839,22.41983076899994
5410,Lesotho,LSO,2008,6084902832,-0.02256617612328704,22.529076594811404
5411,Lesotho,LSO,2009,5947589843,-0.09657716523207127,22.506251906038223
5412,Lesotho,LSO,2010,5373188476,0.01681807727453344,22.4046873264326
5413,Lesotho,LSO,2011,5463555175,0.08977009498215605,22.421365545761823
5414,Lesotho,LSO,2012,5954019042,0.04065334361421402,22.507332297720975
5415,Lesotho,LSO,2013,6196069824,0.059459314124088225,22.547181028643475
5416,Lesotho,LSO,2014,6564483886,0.060939167030807706,22.604939725616866
5417,Lesotho,LSO,2015,6964518066,-0.03695342456736761,22.664094248101488
5418,Lesotho,LSO,2016,6707155273,-0.0540514175151704,22.626440744683165
5419,Lesotho,LSO,2017,6344624023,-0.1086997712551453,22.57087368072272
5420,Lesotho,LSO,2018,5654964843,0.012795207045286361,22.455799729519043
5422,Liberia,LBR,1964,2010485351,0.07462087198266776,21.421641998027855
5423,Liberia,LBR,1965,2160509521,0.09040971729186831,21.49360992017682
5424,Liberia,LBR,1966,2355840576,0.061063432927305206,21.580163433213624
5425,Liberia,LBR,1967,2499696289,0.033352196171540616,21.639435077040737
5426,Liberia,LBR,1968,2583066650,0.06954567471187789,21.672243154056677
5427,Liberia,LBR,1969,2762707763,0.06636025259541722,21.73947710928807
5428,Liberia,LBR,1970,2946041748,0.059641151426072625,21.80372832596587
5429,Liberia,LBR,1971,3121747070,0.046751321528428536,21.86165864038297
5430,Liberia,LBR,1972,3267692871,0.057189414176127995,21.90735002880555
5431,Liberia,LBR,1973,3454570312,0.0662077240707788,21.962963919427487
5432,Liberia,LBR,1974,3683289550,-0.0778179320710749,22.027072089293586
5433,Liberia,LBR,1975,3396663574,0.08578651746097243,21.94605948501203
5434,Liberia,LBR,1976,3688051513,0.0754462108295395,22.0283641102764
5435,Liberia,LBR,1977,3966301025,0.047690291737249035,22.10109976557565
5436,Liberia,LBR,1978,4155455078,-0.154582138163593,22.14768778464745
5437,Liberia,LBR,1979,3513095947,0.11966163701250032,21.979763521841196
5438,Liberia,LBR,1980,3933478759,-0.12029218332941816,22.09279005169357
5439,Liberia,LBR,1981,3460312011,-0.004518240248364669,21.964624598539974
5440,Liberia,LBR,1982,3444677490,0.0009665897633859277,21.96009612019371
5441,Liberia,LBR,1983,3448007080,-0.023786668674705802,21.961062243110018
5442,Liberia,LBR,1984,3365990478,-0.041605567786160536,21.936988103834018
5443,Liberia,LBR,1985,3225946533,0.002151212653095813,21.894492242736508
5444,Liberia,LBR,1986,3232886230,0.06171220723718451,21.896641144844722
5445,Liberia,LBR,1987,3432394775,0.020129824955813724,21.956524039637603
5446,Liberia,LBR,1988,3501488281,0.03388835217409647,21.976453938202898
5447,Liberia,LBR,1989,3620147949,-0.479970800221016,22.009780731838443
5448,Liberia,LBR,1990,1882582641,-0.0712558461331313,21.355910416276355
5449,Liberia,LBR,1991,1748437622,-0.3766336869637549,21.281988438681203
5450,Liberia,LBR,1992,1089917114,-0.3214973996637326,20.809367488094274
5451,Liberia,LBR,1993,739511596,-0.2300812683943363,20.421500520857634
5452,Liberia,LBR,1994,569363830,-0.023792359623546866,20.160030207783866
5453,Liberia,LBR,1995,555817321,-0.04090776257042916,20.135950238874887
5454,Liberia,LBR,1996,533080078,1.1248800091156288,20.094182210995292
5455,Liberia,LBR,1997,1132731201,0.35481210162233356,20.84789754547886
5456,Liberia,LBR,1998,1534637939,0.17964605396087507,21.151560319805476
5457,Liberia,LBR,1999,1810329589,0.565908260697384,21.316774759017324
5458,Liberia,LBR,2000,2834810058,-0.12870707367865564,21.765240772939798
5459,Liberia,LBR,2001,2469949951,0.025276776549550517,21.62746372462797
5460,Liberia,LBR,2002,2532382324,-0.2591531202774262,21.652426326669907
5461,Liberia,LBR,2003,1876107543,0.9017724758436196,21.352465011580353
5462,Liberia,LBR,2004,3567929687,-0.001867835855701383,21.9952513449117
5463,Liberia,LBR,2005,3561265380,-0.06699697117208381,21.993381762475384
5464,Liberia,LBR,2006,3322671386,-0.06082458164582394,21.924034930667496
5465,Liberia,LBR,2007,3120571289,0.08666015737351107,21.861281927454762
5466,Liberia,LBR,2008,3391000488,-0.019948971767886126,21.944390844000253
5467,Liberia,LBR,2009,3323353515,0.02934275801832653,21.924240204951765
5468,Liberia,LBR,2010,3420869873,0.040114593975963286,21.953160704510154
5469,Liberia,LBR,2011,3558096679,0.061447112241325375,21.992491598108696
5470,Liberia,LBR,2012,3776731445,0.05300471397430795,22.05212477542178
5471,Liberia,LBR,2013,3976916015,0.12764435006556196,22.103772485272344
5472,Liberia,LBR,2014,4484546875,0.20685150113410278,22.223903296138012
5473,Liberia,LBR,2015,5412182128,0.073963368846925,22.411918199312513
5474,Liberia,LBR,2016,5812485351,0.11432975721576155,22.483274087598645
5475,Liberia,LBR,2017,6477025390,0.1837339280524266,22.59152719716421
5476,Liberia,LBR,2018,7667074707,-0.1897600899429973,22.76020098544335
5478,Lithuania,LTU,1990,54314093750,-0.175011406463907,24.71804958361514
5479,Lithuania,LTU,1991,44808507812,-0.14197342196020013,24.525663864855247
5480,Lithuania,LTU,1992,38446890625,-0.07647217083631197,24.372543661617666
5481,Lithuania,LTU,1993,35506773437,-0.08580185074843583,24.292989316269832
5482,Lithuania,LTU,1994,32460226562,0.06084682000686281,24.203281378737394
5483,Lithuania,LTU,1995,34435328125,0.039428757062264896,24.26234885472009
5484,Lithuania,LTU,1996,35793070312,0.0426127788061994,24.3010201449127
5485,Lithuania,LTU,1997,37318312500,0.03242114291743503,24.342749994861432
5486,Lithuania,LTU,1998,38528214843,0.03138659647034503,24.374656662899405
5487,Lithuania,LTU,1999,39737484375,0.06732337892237306,24.405560769977843
5488,Lithuania,LTU,2000,42412746093,0.06963920321319339,24.47071476940951
5489,Lithuania,LTU,2001,45366335937,0.0210770272769627,24.538036167762197
5490,Lithuania,LTU,2002,46322523437,0.1013100572204908,24.558894147073545
5491,Lithuania,LTU,2003,51015460937,0.009770092670837949,24.655394579355807
5492,Lithuania,LTU,2004,51513886718,0.12886914975647445,24.66511725327813
5493,Lithuania,LTU,2005,58152437500,0.06281074040963452,24.78633363248743
5494,Lithuania,LTU,2006,61805035156,0.08418528046893092,24.84725067310733
5495,Lithuania,LTU,2007,67008109375,0.05597550109956373,24.92807948446094
5496,Lithuania,LTU,2008,70758921875,-0.13803504461606098,24.98254446975957
5497,Lithuania,LTU,2009,60991710937,0.07443685675073985,24.834003805607658
5498,Lithuania,LTU,2010,65531742187,0.11351333437424893,24.90580047574238
5499,Lithuania,LTU,2011,72970468750,0.05873801687754687,25.01332065857613
5500,Lithuania,LTU,2012,77256609375,0.0008575318090704442,25.070398307316793
5501,Lithuania,LTU,2013,77322859375,0.033501270942879025,25.071255471655526
5502,Lithuania,LTU,2014,79913273437,-0.003464204694583639,25.10420780154083
5503,Lithuania,LTU,2015,79636437500,0.019110088582252382,25.100737582595418
5504,Lithuania,LTU,2016,81158296875,0.045939349623642434,25.119667366900696
5505,Lithuania,LTU,2017,84886656250,0.02040956819994899,25.16458274771095
5506,Lithuania,LTU,2018,86619156250,0.03490017183121652,25.18478683186347
5508,Luxembourg,LUX,1950,4416392578,0.061392924023703,22.208589040973546
5509,Luxembourg,LUX,1951,4687527832,0.09872691375627451,22.26817116571865
5510,Luxembourg,LUX,1952,5150312988,-0.09999667227990994,22.362323324144302
5511,Luxembourg,LUX,1953,4635298828,-0.02769150463927761,22.256966505946405
5512,Luxembourg,LUX,1954,4506940429,0.07149682563510096,22.22888436312803
5513,Luxembourg,LUX,1955,4829172363,0.10279788619754426,22.29794093651207
5514,Luxembourg,LUX,1956,5325601074,0.034451253567551854,22.395791419918165
5515,Luxembourg,LUX,1957,5509074707,-0.032148749730142256,22.429662516245386
5516,Luxembourg,LUX,1958,5331964843,0.001319155734725852,22.39698564565524
5517,Luxembourg,LUX,1959,5338998535,0.08759332690095967,22.39830393206847
5518,Luxembourg,LUX,1960,5806659179,-0.002456769815523563,22.482271230206994
5519,Luxembourg,LUX,1961,5792393554,-0.01901655437827321,22.47981143758059
5520,Luxembourg,LUX,1962,5682242187,0.009997566476481534,22.460611743018095
5521,Luxembourg,LUX,1963,5739050781,0.08144627636811985,22.470559664439136
5522,Luxembourg,LUX,1964,6206475097,0.015913241486740226,22.548858954505878
5523,Luxembourg,LUX,1965,6305240234,0.016535415326095926,22.564646907778585
5524,Luxembourg,LUX,1966,6409500000,0.040699245807005235,22.581047101716464
5525,Luxembourg,LUX,1967,6670361816,0.053146567724355664,22.62093994068008
5526,Luxembourg,LUX,1968,7024868652,0.13952927144352256,22.672722354767227
5527,Luxembourg,LUX,1969,8005043457,0.002807556151409374,22.803337612112397
5528,Luxembourg,LUX,1970,8027518066,-0.035175331114602026,22.80614123443927
5529,Luxembourg,LUX,1971,7745147460,0.07393364128408741,22.770332350014243
5530,Luxembourg,LUX,1972,8317774414,0.11474286575909054,22.841660557678164
5531,Luxembourg,LUX,1973,9272179687,0.06647742448997263,22.95028432232585
5532,Luxembourg,LUX,1974,9888570312,-0.13635652591393532,23.014645413182947
5533,Luxembourg,LUX,1975,8540199218,0.06595691067870835,22.868050172109466
5534,Luxembourg,LUX,1976,9103484375,0.010647322498425149,22.931923075533998
5535,Luxembourg,LUX,1977,9200412109,0.056638300200732905,22.942514114454685
5536,Luxembourg,LUX,1978,9721507812,0.03769107324562415,22.997606568079526
5537,Luxembourg,LUX,1979,10087921875,0.014614185044925287,23.03460469122932
5538,Luxembourg,LUX,1980,10235348632,-0.038294734756231796,23.049113118205483
5539,Luxembourg,LUX,1981,9843388671,0.000895270957446126,23.010065865860525
5540,Luxembourg,LUX,1982,9852201171,-0.00456334409130188,23.010960736301957
5541,Luxembourg,LUX,1983,9807242187,-0.012244817524663776,23.00638694837134
5542,Luxembourg,LUX,1984,9687154296,-0.003600632439023088,22.994066545414938
5543,Luxembourg,LUX,1985,9652274414,0.1507638308427397,22.990459415096595
5544,Luxembourg,LUX,1986,11107488281,0.029203535560318183,23.13088533772089
5545,Luxembourg,LUX,1987,11431866210,0.1056887567441187,23.15967057439143
5546,Luxembourg,LUX,1988,12640085937,0.12084484754401403,23.260139024455302
5547,Luxembourg,LUX,1989,14167575195,0.049518745257663754,23.374221753564107
5548,Luxembourg,LUX,1990,14869135742,0.1089566231764112,23.422553474814794
5549,Luxembourg,LUX,1991,16489226562,0.015404115653632644,23.525973068961278
5550,Luxembourg,LUX,1992,16743228515,0.07377656058945581,23.54125974571805
5551,Luxembourg,LUX,1993,17978486328,0.05557217091429889,23.612441676016644
5552,Luxembourg,LUX,1994,18977589843,0.009424356015680813,23.66652463802921
5553,Luxembourg,LUX,1995,19156441406,0.019914870351677605,23.67590486186332
5554,Luxembourg,LUX,1996,19537939453,0.09694059783306264,23.695624025236953
5555,Luxembourg,LUX,1997,21431958984,0.08537428997349195,23.78814905541309
5556,Luxembourg,LUX,1998,23261697265,0.1191116969426349,23.870073950635337
5557,Luxembourg,LUX,1999,26032437500,0.11546772176059195,23.982609193520346
5558,Luxembourg,LUX,2000,29038343750,-0.059584471824430385,24.091882991874336
5559,Luxembourg,LUX,2001,27308109375,-0.026488239814295045,24.030449541730984
5560,Luxembourg,LUX,2002,26584765625,-0.028035617222034515,24.003604167802163
5561,Luxembourg,LUX,2003,25839445312,-0.07087675427573825,23.97516804937654
5562,Luxembourg,LUX,2004,24008029296,0.2605567099188031,23.901654165343647
5563,Luxembourg,LUX,2005,30263482421,-0.003080625907589063,24.13320762199635
5564,Luxembourg,LUX,2006,30170251953,0.07473686601996676,24.130122241192886
5565,Luxembourg,LUX,2007,32425082031,-0.006592841856055243,24.202198097014648
5566,Luxembourg,LUX,2008,32211308593,-0.06596867972205822,24.195583426381376
5567,Luxembourg,LUX,2009,30086371093,0.14426694188485456,24.127338118554004
5568,Luxembourg,LUX,2010,34426839843,0.007687043777670821,24.26210232510032
5569,Luxembourg,LUX,2011,34691480468,0.05212498701714385,24.26975997410016
5570,Luxembourg,LUX,2012,36499773437,-0.021553322991384016,24.320571890310113
5571,Luxembourg,LUX,2013,35713082031,0.1881138400255815,24.298782902053382
5572,Luxembourg,LUX,2014,42431207031,0.10035766533553736,24.471149943340276
5573,Luxembourg,LUX,2015,46689503906,0.07338163949863064,24.56678522059973
5574,Luxembourg,LUX,2016,50115656250,0.07003674625132739,24.637599296219275
5575,Luxembourg,LUX,2017,53625593750,-0.0016228695649640468,24.705292286394368
5576,Luxembourg,LUX,2018,53538566406,0.0405731178068407,24.703668098550136
5578,Macao,MAC,1970,1566147094,0.07971222210115081,21.17188435986124
5579,Macao,MAC,1971,1690988159,0.08502859540129992,21.248578904472872
5580,Macao,MAC,1972,1834770507,0.23459592704255305,21.330185246326575
5581,Macao,MAC,1973,2265200195,0.03925563629928974,21.540928978289035
5582,Macao,MAC,1974,2354122070,0.07920427975087962,21.57943370085461
5583,Macao,MAC,1975,2540578613,0.04291370258811189,21.655657692427987
5584,Macao,MAC,1976,2649604248,0.08973194777275273,21.697676125414798
5585,Macao,MAC,1977,2887358398,0.089402128318675,21.78360787193816
5586,Macao,MAC,1978,3145494384,0.061282705186352704,21.86923691156504
5587,Macao,MAC,1979,3338258789,0.06505258181767637,21.928715187341478
5588,Macao,MAC,1980,3555421142,0.08220302077508435,21.991739357882835
5589,Macao,MAC,1981,3847687500,0.03226426834299834,22.070738155433368
5590,Macao,MAC,1982,3971830322,0.1453148106058495,22.102492863687168
5591,Macao,MAC,1983,4548996093,0.07517401686192215,22.23817240666383
5592,Macao,MAC,1984,4890962402,-0.00028742032435680187,22.31065493129355
5593,Macao,MAC,1985,4889556640,0.10940389147429941,22.310367469656054
5594,Macao,MAC,1986,5424493164,0.18496399694236954,22.414190306017673
5595,Macao,MAC,1987,6427829101,0.1108761387089654,22.5839026978161
5596,Macao,MAC,1988,7140521972,0.07663492685069495,22.68905171594797
5597,Macao,MAC,1989,7687735351,0.15173963810399127,22.762892084374652
5598,Macao,MAC,1990,8854269531,0.10790753315729384,22.904165612514277
5599,Macao,MAC,1991,9809711914,0.1707944484698758,23.00663874352775
5600,Macao,MAC,1992,11485156250,0.061243367760016376,23.164321277696715
5601,Macao,MAC,1993,12188545898,0.045107026432924524,23.223762486860082
5602,Macao,MAC,1994,12738334960,0.067974414452044,23.267881784671687
5603,Macao,MAC,1995,13604215820,-0.013014477301933947,23.333645568417154
5604,Macao,MAC,1996,13427164062,-0.006822253424254021,23.320545660775174
5605,Macao,MAC,1997,13335560546,-0.03840610900706565,23.31370002939245
5606,Macao,MAC,1998,12823393554,-0.008977504239826573,23.27453696121032
5607,Macao,MAC,1999,12708271484,0.06116225971239242,23.26551891636125
5608,Macao,MAC,2000,13485538085,0.031085890556068252,23.324883695226262
5609,Macao,MAC,2001,13904748046,0.10899042327027009,23.355496204798992
5610,Macao,MAC,2002,15420232421,0.16927854151180965,23.4589462776658
5611,Macao,MAC,2003,18030546875,0.26292511402264385,23.615333205093773
5612,Macao,MAC,2004,22771230468,0.0649472033177263,23.84876375456069
5613,Macao,MAC,2005,24250158203,0.16427945338134586,23.911688978143676
5614,Macao,MAC,2006,28233960937,0.19720308572445067,24.0637913788628
5615,Macao,MAC,2007,33801785156,0.12803167640487212,24.243779453306978
5616,Macao,MAC,2008,38129484375,0.10622746421547968,24.36425368790777
5617,Macao,MAC,2009,42179882812,0.3354716823910744,24.465209233709633
5618,Macao,MAC,2010,56330039062,0.3643182721285221,24.75449378330211
5619,Macao,MAC,2011,76852101562,0.05824834613518792,25.065148652842083
5620,Macao,MAC,2012,81328609375,0.016570698618317614,25.12176369042979
5621,Macao,MAC,2013,82676281250,0.03557020774927522,25.138198593123878
5622,Macao,MAC,2014,85617093750,-0.30298377003716037,25.17315079349917
5623,Macao,MAC,2015,59676503906,-0.06700737079535846,24.812204210462465
5624,Macao,MAC,2016,55677738281,0.05176770255022345,24.742846232194257
5625,Macao,MAC,2017,58560046875,0.07308156984804337,24.793318507060214
5626,Macao,MAC,2018,62839707031,-0.047192183240718166,24.863852988181016
5628,Madagascar,MDG,1960,8574206054,0.04448058975933722,22.87202423725703
5629,Madagascar,MDG,1961,8955591796,0.04614402715235144,22.91554395581434
5630,Madagascar,MDG,1962,9368838867,-0.00031062088283428935,22.960655005240508
5631,Madagascar,MDG,1963,9365928710,0.01696203760662618,22.960344336105017
5632,Madagascar,MDG,1964,9524793945,-0.01082516037568726,22.977164124654312
5633,Madagascar,MDG,1965,9421686523,0.04908783930254734,22.966279945921467
5634,Madagascar,MDG,1966,9884176757,0.04718785362369049,23.01420100805735
5635,Madagascar,MDG,1967,10350589843,0.08202232963314215,23.060309344695774
5636,Madagascar,MDG,1968,11199569335,0.037395585622310934,23.13914116227601
5637,Madagascar,MDG,1969,11618383789,0.058740504565372165,23.17585448997011
5638,Madagascar,MDG,1970,12300853515,0.04236248536449616,23.23293448838072
5639,Madagascar,MDG,1971,12821948242,-0.02154105107796922,23.27442424584758
5640,Madagascar,MDG,1972,12545750000,-0.031088559631747836,23.25264779975257
5641,Madagascar,MDG,1973,12155720703,0.002069980843981467,23.2210657356758
5642,Madagascar,MDG,1974,12180882812,0.003868687001370441,23.22313357706135
5643,Madagascar,MDG,1975,12228006835,0.01127981770546671,23.226994799937877
5644,Madagascar,MDG,1976,12365936523,0.016818978620273706,23.23821147488184
5645,Madagascar,MDG,1977,12573918945,-0.017165600314755336,23.254890580648233
5646,Madagascar,MDG,1978,12358080078,0.07391593016346865,23.23757594341531
5647,Madagascar,MDG,1979,13271539062,0.0158108251815956,23.308887659122952
5648,Madagascar,MDG,1980,13481373046,-0.029857313244471717,23.324574795255266
5649,Madagascar,MDG,1981,13078855468,0.012755634650767345,23.29426267670042
5650,Madagascar,MDG,1982,13245684570,0.04930733262961895,23.306937643499026
5651,Madagascar,MDG,1983,13898793945,0.03266842862745967,23.35506790677186
5652,Madagascar,MDG,1984,14352845703,0.04793746663466103,23.38721406632111
5653,Madagascar,MDG,1985,15040884765,0.1982337724532124,23.434037981197942
5654,Madagascar,MDG,1986,18022496093,-0.0834984011778751,23.61488659745841
5655,Madagascar,MDG,1987,16517646484,-0.008062636594686867,23.52769513024128
5656,Madagascar,MDG,1988,16384470703,-0.031097949224975996,23.51959981482198
5657,Madagascar,MDG,1989,15874947265,0.040334164536829364,23.488008059829884
5658,Madagascar,MDG,1990,16515250000,-0.06426618252826932,23.527550033428145
5659,Madagascar,MDG,1991,15453877929,-0.03059879980756386,23.461125807436055
5660,Madagascar,MDG,1992,14981007812,0.021212730811437597,23.430049089942038
5661,Madagascar,MDG,1993,15298795898,3.1980163881062396e-05,23.45103996277071
5662,Madagascar,MDG,1994,15299285156,0.03451282060671468,23.451071942423237
5663,Madagascar,MDG,1995,15827306640,0.04971456444847133,23.485002553596512
5664,Madagascar,MDG,1996,16614154296,0.0428196402492349,23.533520837427425
5665,Madagascar,MDG,1997,17325566406,0.05330622534107521,23.57544907447499
5666,Madagascar,MDG,1998,18249126953,0.05361279586249812,23.627383077638846
5667,Madagascar,MDG,1999,19227513671,0.04096902155311444,23.6796080939081
5668,Madagascar,MDG,2000,20015246093,0.05932079513202915,23.71976012474379
5669,Madagascar,MDG,2001,21202566406,-0.07827720961790441,23.777388068184376
5670,Madagascar,MDG,2002,19542888671,0.12561784433858625,23.695877306360412
5671,Madagascar,MDG,2003,21997824218,0.09077771011398483,23.81420938623206
5672,Madagascar,MDG,2004,23994736328,0.06326517738094806,23.901100323573615
5673,Madagascar,MDG,2005,25512767578,0.05755665991588654,23.962444853141044
5674,Madagascar,MDG,2006,26981197265,0.041282076294103964,24.018406062760707
5675,Madagascar,MDG,2007,28095037109,0.1273819560058016,24.058858782349706
5676,Madagascar,MDG,2008,31673837890,-0.0028312872696842906,24.17875687392493
5677,Madagascar,MDG,2009,31584160156,0.1065668424417674,24.175921570979966
5678,Madagascar,MDG,2010,34949984375,0.09411920782868743,24.277183858558892
5679,Madagascar,MDG,2011,38239449218,0.028524207913710242,24.367133521730903
5680,Madagascar,MDG,2012,39330199218,-0.002852253210775979,24.39525848867097
5681,Madagascar,MDG,2013,39218019531,-0.00854278859581814,24.39240216003473
5682,Madagascar,MDG,2014,38882988281,0.0243309127159419,24.38382267266436
5683,Madagascar,MDG,2015,39829046875,0.047958285770552944,24.407862304026878
5684,Madagascar,MDG,2016,41739179687,-0.00015731995811230082,24.45470608547949
5685,Madagascar,MDG,2017,41732613281,-0.028321768350368592,24.454548753145293
5686,Madagascar,MDG,2018,40550671875,0.02359490034960121,24.42581818642112
5688,Malawi,MWI,1954,2434279785,0.06387655558664562,21.612916773549866
5689,Malawi,MWI,1955,2589773193,0.07223179446973282,21.674836138553086
5690,Malawi,MWI,1956,2776837158,0.08074952121481216,21.74457840401264
5691,Malawi,MWI,1957,3001065429,0.018499452382315873,21.82223320556617
5692,Malawi,MWI,1958,3056583496,-0.02752958821838769,21.84056362457998
5693,Malawi,MWI,1959,2972437011,0.0893168699681488,21.81264799572437
5694,Malawi,MWI,1960,3237925781,0.023655039114684362,21.898198770691476
5695,Malawi,MWI,1961,3314519042,0.022663220530081407,21.921578364688806
5696,Malawi,MWI,1962,3389636718,0.018681136436757173,21.943988589764565
5697,Malawi,MWI,1963,3452958984,-0.00321911700993438,21.96249737691708
5698,Malawi,MWI,1964,3441843505,0.15882608846272928,21.959273067403473
5699,Malawi,MWI,1965,3988498046,0.1542893605318818,22.10668056740685
5700,Malawi,MWI,1966,4603880859,0.03137150339537054,22.25016544975618
5701,Malawi,MWI,1967,4748311523,0.022888070101040103,22.28105492295683
5702,Malawi,MWI,1968,4856991210,0.07376267189085572,22.30368499054927
5703,Malawi,MWI,1969,5215255859,0.034497835554802014,22.374853986324116
5704,Malawi,MWI,1970,5395170898,0.13748034937595044,22.408770112263234
5705,Malawi,MWI,1971,6136900878,0.09871357270437575,22.537585708683093
5706,Malawi,MWI,1972,6742696289,-0.021246658585781675,22.631725724753146
5707,Malawi,MWI,1973,6599436523,0.06629782989428712,22.61025010703108
5708,Malawi,MWI,1974,7036964843,0.04890372435814094,22.674442783897312
5709,Malawi,MWI,1975,7381098632,0.008827446054916699,22.72218833060399
5710,Malawi,MWI,1976,7446254882,0.008779384541083735,22.730977042538985
5711,Malawi,MWI,1977,7511628417,0.04234456809393583,22.739718112373335
5712,Malawi,MWI,1978,7829705078,-0.01512394334401268,22.7811906805948
5713,Malawi,MWI,1979,7711289062,0.027584798506416153,22.765951204061288
5714,Malawi,MWI,1980,7924003417,0.03745757660366733,22.793162397004227
5715,Malawi,MWI,1981,8220817382,0.051343073612628354,22.829935479270365
5716,Malawi,MWI,1982,8642899414,0.07989906360374999,22.880003943791966
5717,Malawi,MWI,1983,9333458984,0.07301854823257892,22.956871520934314
5718,Malawi,MWI,1984,10014974609,0.12090176683142895,23.027347270763926
5719,Malawi,MWI,1985,11225802734,-0.06385409524692254,23.141480781069017
5720,Malawi,MWI,1986,10508989257,-0.04523889285388005,23.075496847562718
5721,Malawi,MWI,1987,10033574218,-0.041195575775826665,23.02920272818347
5722,Malawi,MWI,1988,9620235351,0.08029116688082993,22.987134566085683
5723,Malawi,MWI,1989,10392655273,-0.03905881551316226,23.064365169850273
5724,Malawi,MWI,1990,9986730468,0.07087099569452393,23.024523095558447
5725,Malawi,MWI,1991,10694500000,-0.11467635233063722,23.092995427569786
5726,Malawi,MWI,1992,9468093750,0.07405835055234844,22.971193430323524
5727,Malawi,MWI,1993,10169285156,0.16427454451057,23.042637755057598
5728,Malawi,MWI,1994,11839839843,-0.03994021441764528,23.194735939537136
5729,Malawi,MWI,1995,11366954101,-0.034996251191425465,23.153976219726054
5730,Malawi,MWI,1996,10969153320,0.1022782905180506,23.118352926851085
5731,Malawi,MWI,1997,12091059570,-0.14439428346973238,23.215732137931447
5732,Malawi,MWI,1998,10345179687,0.03943337141960268,23.059786517446913
5733,Malawi,MWI,1999,10753125000,-0.010714908456843975,23.09846224695012
5734,Malawi,MWI,2000,10637906250,-0.07980214480645564,23.087689520480946
5735,Malawi,MWI,2001,9788978515,0.21236125933002925,23.004522948412795
5736,Malawi,MWI,2002,11867778320,0.035515101448237996,23.1970928604004
5737,Malawi,MWI,2003,12289263671,0.15192003377758767,23.231991845873527
5738,Malawi,MWI,2004,14156249023,0.0703570688380648,23.373421990614265
5739,Malawi,MWI,2005,15152241210,0.0436634819120596,23.441414292614002
5740,Malawi,MWI,2006,15813840820,0.20822598232021416,23.484151394779975
5741,Malawi,MWI,2007,19106693359,0.1662967421572885,23.673304548254045
5742,Malawi,MWI,2008,22284074218,-0.24111468690316673,23.8271380996505
5743,Malawi,MWI,2009,16911056640,-0.0031084045851791364,23.55123348400762
5744,Malawi,MWI,2010,16858490234,0.05810209920367182,23.548120238298193
5745,Malawi,MWI,2011,17838003906,-0.06619491520588972,23.60459706916114
5746,Malawi,MWI,2012,16657218750,0.1469191050276626,23.53610951797207
5747,Malawi,MWI,2013,19104482421,-0.07773423180350503,23.673188826193297
5748,Malawi,MWI,2014,17619410156,0.06828606323068565,23.592266981071187
5749,Malawi,MWI,2015,18822570312,-0.008535920776854167,23.65832253521086
5750,Malawi,MWI,2016,18661902343,0.08653774708052553,23.649749974811318
5751,Malawi,MWI,2017,20276861328,0.01583037082552563,23.73274623682786
5752,Malawi,MWI,2018,20597851562,0.0503554868758016,23.748452614196246
5754,Malaysia,MYS,1955,17607472656,0.06664085050276403,23.591589231608047
5755,Malaysia,MYS,1956,18780849609,0.02294402074299673,23.656103549799074
5756,Malaysia,MYS,1957,19211757812,-9.495325820008116e-05,23.678788314589998
5757,Malaysia,MYS,1958,19209933593,0.07152081762014251,23.67869335682345
5758,Malaysia,MYS,1959,20583843750,0.0909309751246048,23.747772321049784
5759,Malaysia,MYS,1960,22455552734,0.09196048128770151,23.83480375836909
5760,Malaysia,MYS,1961,24520576171,0.07083241237431204,23.92277844573998
5761,Malaysia,MYS,1962,26257427734,0.06713479807915146,23.991214747253284
5762,Malaysia,MYS,1963,28020214843,0.08962934824275282,24.056192045313384
5763,Malaysia,MYS,1964,30531648437,0.06919542504753107,24.14202963624147
5764,Malaysia,MYS,1965,32644298828,0.06421781990311581,24.208936062659284
5765,Malaysia,MYS,1966,34740644531,0.02807129393151553,24.27117615058093
5766,Malaysia,MYS,1967,35715859375,0.046420751453639,24.29886066728262
5767,Malaysia,MYS,1968,37373816406,0.035433291842986714,24.34423620008893
5768,Malaysia,MYS,1969,38698093750,0.08419019347690737,24.37905617866303
5769,Malaysia,MYS,1970,41956093750,0.22232886685262487,24.459889521527018
5770,Malaysia,MYS,1971,51284144531,0.07647359330775849,24.660647467880302
5771,Malaysia,MYS,1972,55206027343,0.1256075342265912,24.734337975264935
5772,Malaysia,MYS,1973,62140320312,0.10670985185957393,24.852660895581
5773,Malaysia,MYS,1974,68771304687,-0.030235062377594435,24.954052411844597
5774,Malaysia,MYS,1975,66692000000,0.11467607152282122,24.923350842644624
5775,Malaysia,MYS,1976,74339976562,0.08308366219148344,25.03191468653433
5776,Malaysia,MYS,1977,80516414062,0.07021675802211669,25.11172690197717
5777,Malaysia,MYS,1978,86170015625,0.08590421080128485,25.179588107525678
5778,Malaysia,MYS,1979,93572382812,0.09193309157557117,25.26200112146519
5779,Malaysia,MYS,1980,102174781250,0.06549683706809994,25.349950725459788
5780,Malaysia,MYS,1981,108866906250,0.06328412473832001,25.41339192951647
5781,Malaysia,MYS,1982,115756453125,0.06150386054341195,25.474754278898708
5782,Malaysia,MYS,1983,122875921875,0.07648378528187538,25.534440917928833
5783,Malaysia,MYS,1984,132273937500,-0.07358911406867286,25.608140893196314
5784,Malaysia,MYS,1985,122540015625,-0.0740533608855577,25.531703471753296
5785,Malaysia,MYS,1986,113465515625,0.0786942012805929,25.454764800610555
5786,Malaysia,MYS,1987,122394593750,0.09347379773463227,25.53051603734002
5787,Malaysia,MYS,1988,133835281250,0.11141949443917643,25.61987563635372
5788,Malaysia,MYS,1989,148747140625,0.13089054127826194,25.725513658498315
5789,Malaysia,MYS,1990,168216734375,0.10933133046086096,25.848519070469777
5790,Malaysia,MYS,1991,186608093750,0.06432716024676721,25.952276499285016
5791,Malaysia,MYS,1992,198612062500,0.09072460037516605,26.01461932437667
5792,Malaysia,MYS,1993,216631062500,0.0818560473062353,26.10146157074176
5793,Malaysia,MYS,1994,234363625000,0.11476243647024997,26.180139699159973
5794,Malaysia,MYS,1995,261259765625,0.09055205771315356,26.288781019909578
5795,Malaysia,MYS,1996,284917375000,0.0512666172078835,26.37546506290167
5796,Malaysia,MYS,1997,299524125000,-0.14589538488761133,26.42546080217606
5797,Malaysia,MYS,1998,255824937500,0.05033605744553338,26.26775920961157
5798,Malaysia,MYS,1999,268702156250,0.1554589543789715,26.316869377284448
5799,Malaysia,MYS,2000,310474312500,-0.013095185612175264,26.461367005429075
5800,Malaysia,MYS,2001,306408593750,0.061534766434728994,26.448185321906468
5801,Malaysia,MYS,2002,325263375000,0.065269606515028,26.507901075707213
5802,Malaysia,MYS,2003,346493187500,0.09635696300666807,26.57112899448843
5803,Malaysia,MYS,2004,379880218750,0.14179568280034327,26.663121826160737
5804,Malaysia,MYS,2005,433745593750,0.020163029033652302,26.795724009654442
5805,Malaysia,MYS,2006,442491218750,0.10504855357652221,26.81568645656472
5806,Malaysia,MYS,2007,488974281250,0.12380182060955791,26.915575730457363
5807,Malaysia,MYS,2008,549510187500,-0.05959079694041158,27.03229315019967
5808,Malaysia,MYS,2009,516764437500,0.08758995727139207,26.970852974160092
5809,Malaysia,MYS,2010,562027812500,0.1347377715404432,27.054817174049752
5810,Malaysia,MYS,2011,637754187500,0.07934738178414547,27.181218759999304
5811,Malaysia,MYS,2012,688358312500,0.033862451541180505,27.25757534236124
5812,Malaysia,MYS,2013,711667812500,0.006707395523807058,27.29087708400999
5813,Malaysia,MYS,2014,716441250000,-0.017360722180639332,27.297562085039818
5814,Malaysia,MYS,2015,704003312500,0.021086015841722316,27.280048898349065
5815,Malaysia,MYS,2016,718847937500,0.04537042648188727,27.300915680644867
5816,Malaysia,MYS,2017,751462375000,0.045740480353390955,27.34528697835247
5817,Malaysia,MYS,2018,785834625000,0.04632367783488789,27.390012206474914
5819,Maldives,MDV,1970,346265228,0.06190393451807985,19.662715594282133
5820,Maldives,MDV,1971,367700408,0.026609358562365237,19.7227790558711
5821,Maldives,MDV,1972,377484680,0.0013850283937351104,19.749040543048395
5822,Maldives,MDV,1973,378007507,0.023939434620805056,19.750424613175017
5823,Maldives,MDV,1974,387056793,-0.07190920687445468,19.774081992165026
5824,Maldives,MDV,1975,359223846,0.08000163496941126,19.69945627860309
5825,Maldives,MDV,1976,387962341,0.057920670707572564,19.77641883359864
5826,Maldives,MDV,1977,410433380,0.0732854525623623,19.83272418379595
5827,Maldives,MDV,1978,440512176,0.05864103969739087,19.90344864427518
5828,Maldives,MDV,1979,466344268,0.2981909965279128,19.960434691864013
5829,Maldives,MDV,1980,605403930,-0.037698290131681134,20.22140644610664
5830,Maldives,MDV,1981,582581237,0.4373317124183318,20.182979196341062
5831,Maldives,MDV,1982,837362487,-0.2014411471957902,20.545767613555217
5832,Maldives,MDV,1983,668683227,0.18634508832984387,20.320821003712762
5833,Maldives,MDV,1984,793289062,0.09474790413787404,20.491698230202893
5834,Maldives,MDV,1985,868451538,0.11601824695024021,20.582222342433997
5835,Maldives,MDV,1986,969207763,0.16391511094407107,20.691989556573287
5836,Maldives,MDV,1987,1128075561,0.10316393070056051,20.843778974480898
5837,Maldives,MDV,1988,1244452270,0.10759804793477534,20.941961326284325
5838,Maldives,MDV,1989,1378352905,0.1648823840219642,21.044155076169467
5839,Maldives,MDV,1990,1605619018,0.07513537934439185,21.196775200169476
5840,Maldives,MDV,1991,1726257812,-0.0050666464413370305,21.2692217880939
5841,Maldives,MDV,1992,1717511474,0.03367049878584982,21.264142262678927
5842,Maldives,MDV,1993,1775340942,0.05531741688408598,21.29725832142879
5843,Maldives,MDV,1994,1873548217,-0.014825606700678784,21.351099912189234
5844,Maldives,MDV,1995,1845771728,0.0946042218282368,21.336163307742698
5845,Maldives,MDV,1996,2020389526,0.032721768326965606,21.426556164422777
5846,Maldives,MDV,1997,2086500244,0.09262997287241159,21.458753974938123
5847,Maldives,MDV,1998,2279772705,0.008864366151800196,21.54734158415383
5848,Maldives,MDV,1999,2299981445,0.14028083170036187,21.556166892457668
5849,Maldives,MDV,2000,2622624755,0.032463247301270926,21.68744146812328
5850,Maldives,MDV,2001,2707763671,0.11682355088366214,21.719388917508663
5851,Maldives,MDV,2002,3024094238,0.15895392542988596,21.82987745813792
5852,Maldives,MDV,2003,3504785888,0.2696558968797127,21.977395267977883
5853,Maldives,MDV,2004,4449872070,-0.0556855237863052,22.21614118439671
5854,Maldives,MDV,2005,4202078613,0.40186433489743956,22.158845147666376
5855,Maldives,MDV,2006,5890744140,0.21085805298615456,22.49664816618831
5856,Maldives,MDV,2007,7132854980,-0.039878459158018686,22.687977409179055
5857,Maldives,MDV,2008,6848407714,-0.27001065696188775,22.647282011688787
5858,Maldives,MDV,2009,4999264648,0.051335577343894156,22.3325566681646
5859,Maldives,MDV,2010,5255904785,0.36081070635300705,22.38261800247757
5860,Maldives,MDV,2011,7152291503,0.05966776253750239,22.69069863223647
5861,Maldives,MDV,2012,7579052734,0.06256173530405729,22.748654059662112
5862,Maldives,MDV,2013,8053211425,0.10806545116875532,22.80933678360617
5863,Maldives,MDV,2014,8923485351,-0.0803576499309927,22.911952441638558
5864,Maldives,MDV,2015,8206415039,0.07288053153023077,22.82818200719167
5865,Maldives,MDV,2016,8804502929,0.08588800277517628,22.898529124035846
5866,Maldives,MDV,2017,9560704101,-0.01161574355055961,22.980927212029858
5867,Maldives,MDV,2018,9449649414,0.0906726966749245,22.96924347871626
5869,Mali,MLI,1960,3744232910,-0.002568077155221671,22.043482602494386
5870,Mali,MLI,1961,3734617431,-0.0025282747629311597,22.040911222172625
5871,Mali,MLI,1962,3725175292,-0.01842450773991655,22.038379745925763
5872,Mali,MLI,1963,3656540771,-0.19273180121201494,22.019783392893437
5873,Mali,MLI,1964,2951809082,0.08856004766503389,21.805684067473933
5874,Mali,MLI,1965,3213221435,-0.000717479341724836,21.890539833161636
5875,Mali,MLI,1966,3210916015,0.03562128453864277,21.88982209630843
5876,Mali,MLI,1967,3325292968,0.08331796436168926,21.924823617849402
5877,Mali,MLI,1968,3602349609,0.026036676941535664,22.00485213867925
5878,Mali,MLI,1969,3696142822,0.06241019709167506,22.030555632295272
5879,Mali,MLI,1970,3926819824,0.036169660021559524,22.091095730155352
5880,Mali,MLI,1971,4068851562,-0.12300450222224157,22.126626625084274
5881,Mali,MLI,1972,3568364501,0.030083427006942998,21.995373204798383
5882,Mali,MLI,1973,3675713134,-0.006078088029597528,22.02501300085396
5883,Mali,MLI,1974,3653371826,0.09450374624967073,22.018916366056533
5884,Mali,MLI,1975,3998629150,0.1110417784054818,22.10921742682695
5885,Mali,MLI,1976,4442644042,0.03845531183342099,22.214515541102788
5886,Mali,MLI,1977,4613487304,-0.007078218893479371,22.252249873055394
5887,Mali,MLI,1978,4580832031,0.1419299423336573,22.245146484730412
5888,Mali,MLI,1979,5230989257,-0.032342468448697814,22.37786624761456
5889,Mali,MLI,1980,5061806152,0.14305384644449348,22.34498920359092
5890,Mali,MLI,1981,5785916992,0.09120525834187432,22.478692697044178
5891,Mali,MLI,1982,6313623046,-0.004787127894679832,22.565975524001317
5892,Mali,MLI,1983,6283398925,-0.046700984849533445,22.561176901109878
5893,Mali,MLI,1984,5989958007,0.31257490366576457,22.513350238531665
5894,Mali,MLI,1985,7862268554,0.005356440028822851,22.785341021846538
5895,Mali,MLI,1986,7904382324,-0.09081752584517322,22.790683167173558
5896,Mali,MLI,1987,7186525878,-0.14619318302550754,22.695473703867467
5897,Mali,MLI,1988,6135904785,0.03340162945504366,22.5374233834529
5898,Mali,MLI,1989,6340854003,-0.0008488326647252409,22.57027929711285
5899,Mali,MLI,1990,6335471679,0.09166033018896869,22.569430103985685
5900,Mali,MLI,1991,6916183105,-0.07553876655207492,22.657129879980893
5901,Mali,MLI,1992,6393743164,0.05896343664892334,22.57858571849453
5902,Mali,MLI,1993,6770740234,0.008120303999245015,22.63587625821834
5903,Mali,MLI,1994,6825720703,0.36767837876767584,22.64396376995157
5904,Mali,MLI,1995,9335390625,0.2715065945084649,22.957078458270825
5905,Mali,MLI,1996,11870010742,0.08054313275532166,23.197280950538094
5906,Mali,MLI,1997,12826058593,0.04381742675857736,23.274744765961415
5907,Mali,MLI,1998,13388063476,0.07692464797811804,23.317629361545084
5908,Mali,MLI,1999,14417935546,0.04844856732583991,23.391738792534564
5909,Mali,MLI,2000,15116463867,0.09708378155844799,23.439050309115498
5910,Mali,MLI,2001,16584027343,0.01755713271438264,23.531705860836368
5911,Mali,MLI,2002,16875195312,0.11274140345191164,23.549110647682472
5912,Mali,MLI,2003,18777728515,-0.07207268583731574,23.655937351068285
5913,Mali,MLI,2004,17424367187,0.07595897714939492,23.581135476549036
5914,Mali,MLI,2005,18747904296,0.13596571786126854,23.654347812236
5915,Mali,MLI,2006,21296976562,0.020362613807528795,23.781830954140574
5916,Mali,MLI,2007,21730638671,0.09979995663423358,23.801989021993144
5917,Mali,MLI,2008,23899355468,0.2047238296677567,23.89711732765413
5918,Mali,MLI,2009,28792123046,0.05469011540011315,24.08336768133168
5919,Mali,MLI,2010,30366767578,0.01572719199609507,24.136614675634192
5920,Mali,MLI,2011,30844351562,-0.010609088939420142,24.152219476919864
5921,Mali,MLI,2012,30517121093,0.047308548489888747,24.141553710374787
5922,Mali,MLI,2013,31960841796,0.08161348076027375,24.18777729654643
5923,Mali,MLI,2014,34569277343,0.002371483447182854,24.266231186495986
5924,Mali,MLI,2015,34651257812,0.12293035447979705,24.268599862414096
5925,Mali,MLI,2016,38910949218,0.06592406560499353,24.384541518865053
5926,Mali,MLI,2017,41476117187,0.09200579099038886,24.44838360905556
5927,Mali,MLI,2018,45292160156,0.061720722402543116,24.536399789468962
5929,Malta,MLT,1965,682188110,0.14167605325164634,20.340815998890456
5930,Malta,MLT,1966,778837829,0.09243579384483125,20.473313403728994
5931,Malta,MLT,1967,850830322,0.1301803780801314,20.561723280053503
5932,Malta,MLT,1968,961591735,0.055461287840623985,20.684100526658362
5933,Malta,MLT,1969,1014922851,0.11411891936996099,20.738078437684347
5934,Malta,MLT,1970,1130744750,0.07516824110834919,20.846142323375343
5935,Malta,MLT,1971,1215740844,0.10634630862167538,20.9186194760662
5936,Malta,MLT,1972,1345030395,0.09822199742928484,21.019682448257882
5937,Malta,MLT,1973,1477141967,0.12755039001610058,21.11337495435998
5938,Malta,MLT,1974,1665552001,0.2366451337234472,21.23342243756632
5939,Malta,MLT,1975,2059696777,0.2191463350529872,21.445824613282493
5940,Malta,MLT,1976,2511071777,0.10880047814738347,21.643975501739202
5941,Malta,MLT,1977,2784277587,0.1612630949932652,21.74725428242221
5942,Malta,MLT,1978,3233278808,0.1046182621687477,21.896762570140293
5943,Malta,MLT,1979,3571538818,0.025769731953113606,21.99626238132286
5944,Malta,MLT,1980,3663576416,0.1269414804530722,22.021705670088394
5945,Malta,MLT,1981,4128636230,0.07796370788520646,22.141212978734057
5946,Malta,MLT,1982,4450520019,-0.01951580233977146,22.21628678449942
5947,Malta,MLT,1983,4363664550,-0.00584930709213205,22.19657803441007
5948,Malta,MLT,1984,4338140136,0.01274487712860739,22.190711553117012
5949,Malta,MLT,1985,4393429199,0.017940165513066653,22.203375897827797
5950,Malta,MLT,1986,4472248046,0.017125034705644415,22.221157037718964
5951,Malta,MLT,1987,4548835449,0.09171968906716987,22.238137091874965
5952,Malta,MLT,1988,4966053222,0.0856656968788323,22.325891241252442
5953,Malta,MLT,1989,5391473632,0.013290118043927102,22.408084585613217
5954,Malta,MLT,1990,5463126953,0.0700330803753153,22.421287164786666
5955,Malta,MLT,1991,5845726562,-0.0062007770318286415,22.488976729021193
5956,Malta,MLT,1992,5809478515,0.06492370202009434,22.48275664732749
5957,Malta,MLT,1993,6186651367,0.03052186292688508,22.545659802626833
5958,Malta,MLT,1994,6375479492,0.010812299386500746,22.57572513959381
5959,Malta,MLT,1995,6444413085,0.002986325945615542,22.586479404024082
5960,Malta,MLT,1996,6463658203,0.1543130415740519,22.58946127975603
5961,Malta,MLT,1997,7461084960,0.0464561499913545,22.732966677584464
5962,Malta,MLT,1998,7807698242,0.05208701391817949,22.77837603802554
5963,Malta,MLT,1999,8214377929,0.22341970650276854,22.82915186177052
5964,Malta,MLT,2000,10049631835,-0.10748693272901377,23.030801837447147
5965,Malta,MLT,2001,8969427734,0.024822492761275683,22.917087713211608
5966,Malta,MLT,2002,9192071289,0.051825829350353736,22.941607133011093
5967,Malta,MLT,2003,9668458007,-0.05321205456211486,22.992134672165765
5968,Malta,MLT,2004,9153979492,0.12990593337457734,22.937454538843255
5969,Malta,MLT,2005,10343135742,-0.015567767456261206,23.059588923301206
5970,Malta,MLT,2006,10182116210,0.052252594846391,23.04389870563976
5971,Malta,MLT,2007,10714158203,-0.0012048711392357303,23.094831900303255
5972,Malta,MLT,2008,10701249023,-0.003710686847362754,23.09362630272322
5973,Malta,MLT,2009,10661540039,0.047270613547052864,23.08990871419882
5974,Malta,MLT,2010,11165517578,0.060797184390049,23.13609607835171
5975,Malta,MLT,2011,11844349609,0.02775123352912834,23.195116764565043
5976,Malta,MLT,2012,12173044921,-0.02382080086632743,23.222489911583114
5977,Malta,MLT,2013,11883073242,0.040506671986058285,23.198380807830357
5978,Malta,MLT,2014,12364416992,0.1853684373054505,23.23808858694973
5979,Malta,MLT,2015,14656389648,0.018117764495721778,23.408142230769318
5980,Malta,MLT,2016,14921930664,0.03171172723256399,23.426097824422815
5981,Malta,MLT,2017,15395130859,0.10395497158534406,23.457317118384182
5982,Malta,MLT,2018,16995531250,0.008200800019122712,23.556216278799813
5984,Mauritania,MRT,1960,2005557861,-0.0069464557821600215,21.41918809391751
5985,Mauritania,MRT,1961,1991626342,0.13650505632848264,21.412217399196347
5986,Mauritania,MRT,1962,2263493408,-0.06038450631971093,21.54017521253209
5987,Mauritania,MRT,1963,2126813476,0.36379718707405817,21.47789067585424
5988,Mauritania,MRT,1964,2900542236,0.16309341064875293,21.78816353439168
5989,Mauritania,MRT,1965,3373601562,-0.004059118348250235,21.939246723403393
5990,Mauritania,MRT,1966,3359907714,0.11588641984944714,21.935179344472896
5991,Mauritania,MRT,1967,3749275390,0.15771224556540253,22.044828428924205
5992,Mauritania,MRT,1968,4340582031,-0.06171486129897774,22.191274284592325
5993,Mauritania,MRT,1969,4072703613,0.13193652916083187,22.12757289424407
5994,Mauritania,MRT,1970,4610041992,0.015703977561512872,22.25150280280719
5995,Mauritania,MRT,1971,4682437988,0.03325299307733198,22.267084748841913
5996,Mauritania,MRT,1972,4838143066,-0.033118074189664726,22.299796820007483
5997,Mauritania,MRT,1973,4677913085,0.11375630122465186,22.266117925414633
5998,Mauritania,MRT,1974,5210055175,0.1288314091606526,22.373856282866743
5999,Mauritania,MRT,1975,5881273925,0.0866436766078702,22.495039229302442
6000,Mauritania,MRT,1976,6390849121,-0.011523358102448311,22.578132979293322
6001,Mauritania,MRT,1977,6317205078,-0.11905266153526639,22.566542712796995
6002,Mauritania,MRT,1978,5565125000,0.08963615821747051,22.43978528323657
6003,Mauritania,MRT,1979,6063961425,-0.007126262185943921,22.525629123953582
6004,Mauritania,MRT,1980,6020748046,0.05641843013604819,22.51847734868038
6005,Mauritania,MRT,1981,6360429199,-0.054766336060271925,22.57336169614099
6006,Mauritania,MRT,1982,6012091796,0.008667915721890962,22.517038577516313
6007,Mauritania,MRT,1983,6064204101,-0.024520088955363506,22.525669142536692
6008,Mauritania,MRT,1984,5915509277,0.013868222355591486,22.500843429909658
6009,Mauritania,MRT,1985,5997546875,0.023326431608756693,22.514616368404145
6010,Mauritania,MRT,1986,6137448242,0.036097475247759414,22.537674896956133
6011,Mauritania,MRT,1987,6358994628,0.02566323649361646,22.57313612444441
6012,Mauritania,MRT,1988,6522187011,0.011993541563293242,22.598475587775496
6013,Mauritania,MRT,1989,6600411132,-0.004761185382474498,22.610397776765954
6014,Mauritania,MRT,1990,6568985351,0.021854369789109818,22.605625220834472
6015,Mauritania,MRT,1991,6712546386,0.04987112010103889,22.62724420714858
6016,Mauritania,MRT,1992,7047308593,0.07302225313521182,22.675911621023587
6017,Mauritania,MRT,1993,7561918945,0.05284658363922734,22.746390823632503
6018,Mauritania,MRT,1994,7961540527,-0.023064555707184686,22.797888351620216
6019,Mauritania,MRT,1995,7777911132,0.08988570776074534,22.774553647055424
6020,Mauritania,MRT,1996,8477034179,-0.054799945970584685,22.86062648253341
6021,Mauritania,MRT,1997,8012493164,0.04031229061776198,22.80426780602591
6022,Mauritania,MRT,1998,8335495117,0.005629984822892009,22.843788753544498
6023,Mauritania,MRT,1999,8382423828,-8.294891958071648e-05,22.849402949236826
6024,Mauritania,MRT,2000,8381728515,-0.012450351835333828,22.849319996876794
6025,Mauritania,MRT,2001,8277373046,0.05936080931346255,22.836791490028553
6026,Mauritania,MRT,2002,8768724609,0.05962552906079077,22.89445720618719
6027,Mauritania,MRT,2003,9291564453,0.14728255482941321,22.952372777424088
6028,Mauritania,MRT,2004,10660049804,0.04015476155086817,23.089768927718225
6029,Mauritania,MRT,2005,11088101562,0.08297552208153203,23.129138438984043
6030,Mauritania,MRT,2006,12008142578,0.04407889567948131,23.208850804791357
6031,Mauritania,MRT,2007,12537448242,0.011703843171885442,23.25198586197071
6032,Mauritania,MRT,2008,12684184570,0.015176533575149698,23.263621744919984
6033,Mauritania,MRT,2009,12876686523,0.2124289392394647,23.278684266995167
6034,Mauritania,MRT,2010,15612067382,0.04544867983455392,23.47131000229441
6035,Mauritania,MRT,2011,16321615234,1.4539308554883945e-05,23.51575615425647
6036,Mauritania,MRT,2012,16321852539,0.11417095213593753,23.51577069345933
6037,Mauritania,MRT,2013,18185333984,-0.06882080351678621,23.623881281122678
6038,Mauritania,MRT,2014,16933804687,0.049641480844841546,23.552577738321784
6039,Mauritania,MRT,2015,17774423828,0.04791679141004446,23.601026397370543
6040,Mauritania,MRT,2016,18626117187,0.13471098419542016,23.647830582607746
6041,Mauritania,MRT,2017,21135259765,-0.015475564607994263,23.774208561639576
6042,Mauritania,MRT,2018,20808179687,0.017050742897114723,23.758612000532217
6044,Mauritius,MUS,1950,2495981445,0.037448281191048594,21.63794785353173
6045,Mauritius,MUS,1951,2589451660,0.03050103549722194,21.67471197595751
6046,Mauritius,MUS,1952,2668432617,-0.010916019319516468,21.704757102154698
6047,Mauritius,MUS,1953,2639303955,-0.01282705348728963,21.693781065932875
6048,Mauritius,MUS,1954,2605449462,0.050764337565953443,21.680871035464516
6049,Mauritius,MUS,1955,2737713378,0.03488045051296096,21.730388875352745
6050,Mauritius,MUS,1956,2833206054,0.04657740259085297,21.7646747886479
6051,Mauritius,MUS,1957,2965169433,-0.025374188794290098,21.810200012114183
6052,Mauritius,MUS,1958,2889930664,0.04033240743522559,21.784498347087446
6053,Mauritius,MUS,1959,3006488525,-0.09581839465028397,21.824038631706195
6054,Mauritius,MUS,1960,2718411621,0.11634718545076428,21.723313583813948
6055,Mauritius,MUS,1961,3034691162,0.0895205546454878,21.833375497466253
6056,Mauritius,MUS,1962,3306358398,0.023806668704642986,21.91911323881794
6057,Mauritius,MUS,1963,3385071777,0.14430121521172112,21.94264094751715
6058,Mauritius,MUS,1964,3873541748,-0.05744998440120075,22.07743510582764
6059,Mauritius,MUS,1965,3651006835,0.025641337918777207,22.018268811707998
6060,Mauritius,MUS,1966,3744623535,0.07971924312546408,22.043586924163048
6061,Mauritius,MUS,1967,4043142089,-0.18604335203713884,22.120287971434685
6062,Mauritius,MUS,1968,3290942382,0.009215190203837542,21.914439799005947
6063,Mauritius,MUS,1969,3321269042,0.2113843233179422,21.923612788405375
6064,Mauritius,MUS,1970,4023333251,0.06618296506604748,22.11537656292378
6065,Mauritius,MUS,1971,4289609375,0.04455716017265554,22.179461510962042
6066,Mauritius,MUS,1972,4480742187,0.054951855680153594,22.223054536393157
6067,Mauritius,MUS,1973,4726967285,-0.005511614832341749,22.27654966785351
6068,Mauritius,MUS,1974,4700914062,0.007078078339905591,22.271022808029986
6069,Mauritius,MUS,1975,4734187500,0.330603336475372,22.278075954351454
6070,Mauritius,MUS,1976,6299325683,0.04593691397492394,22.56370843017086
6071,Mauritius,MUS,1977,6588697265,0.02691947298021735,22.608621482307313
6072,Mauritius,MUS,1978,6766061523,-0.054801314138154034,22.63518500022841
6073,Mauritius,MUS,1979,6395272460,0.010489086652611501,22.578824876229923
6074,Mauritius,MUS,1980,6462353027,0.040457732177063166,22.58925933408521
6075,Mauritius,MUS,1981,6723805175,0.031147204529167416,22.6289200775043
6076,Mauritius,MUS,1982,6933232910,0.01820320082107263,22.659592050746063
6077,Mauritius,MUS,1983,7059439941,0.15829120657434315,22.677631556834637
6078,Mauritius,MUS,1984,8176887207,-0.026746382023317583,22.824577378096908
6079,Mauritius,MUS,1985,7958185058,0.086922655977272,22.79746680301603
6080,Mauritius,MUS,1986,8649931640,0.24305455366581374,22.880817254968797
6081,Mauritius,MUS,1987,10752336914,0.015027801425159026,23.098388955243713
6082,Mauritius,MUS,1988,10913920898,0.04811005512200661,23.11330495792901
6083,Mauritius,MUS,1989,11438990234,0.09346903740000179,23.160293552743628
6084,Mauritius,MUS,1990,12508181640,0.06960811123942068,23.249648798342545
6085,Mauritius,MUS,1991,13378852539,0.039934466834323556,23.316941128551903
6086,Mauritius,MUS,1992,13913129882,0.06646192250359961,23.3560988270605
6087,Mauritius,MUS,1993,14837823242,0.061331396065164245,23.42044538212089
6088,Mauritius,MUS,1994,15747847656,0.06561152079765842,23.479969536117764
6089,Mauritius,MUS,1995,16781087890,0.13109833345852295,23.54351836842267
6090,Mauritius,MUS,1996,18981060546,-0.0019930434291761667,23.666707505595582
6091,Mauritius,MUS,1997,18943230468,0.024360306009026722,23.66471247341246
6092,Mauritius,MUS,1998,19404693359,-0.001838211062658024,23.688780799478035
6093,Mauritius,MUS,1999,19369023437,0.011988879653912266,23.686940896832112
6094,Mauritius,MUS,2000,19601236328,-0.021593324671841607,23.698858479152737
6095,Mauritius,MUS,2001,19177980468,0.0002331164643460948,23.67702860721873
6096,Mauritius,MUS,2002,19182451171,-0.010678196554445907,23.677261696515657
6097,Mauritius,MUS,2003,18977617187,-0.0015662982716482254,23.666526078885532
6098,Mauritius,MUS,2004,18947892578,-0.031028454778270542,23.66495855268638
6099,Mauritius,MUS,2005,18359968750,0.054946414492127005,23.63343852006759
6100,Mauritius,MUS,2006,19368783203,0.10201620134268174,23.686928493755076
6101,Mauritius,MUS,2007,21344712890,0.007319673438811902,23.784069906140598
6102,Mauritius,MUS,2008,21500949218,-0.03268987214813668,23.79136292077988
6103,Mauritius,MUS,2009,20798085937,0.025361690041948437,23.75812679715976
6104,Mauritius,MUS,2010,21325560546,0.11197161344712625,23.783172215840352
6105,Mauritius,MUS,2011,23713417968,0.033054038015849496,23.889306883867306
6106,Mauritius,MUS,2012,24497242187,0.004846607430080585,23.921826384365396
6107,Mauritius,MUS,2013,24615970703,0.023054138585354877,23.926661284804574
6108,Mauritius,MUS,2014,25183470703,0.006933646400819615,23.949453691767083
6109,Mauritius,MUS,2015,25358083984,0.08688812638171761,23.9563634109798
6110,Mauritius,MUS,2016,27561400390,0.021604674275406133,24.03968209421025
6111,Mauritius,MUS,2017,28156855468,0.01954279563019279,24.061056695381755
6112,Mauritius,MUS,2018,28707119140,0.03661255630961224,24.0804109826103
6114,Mexico,MEX,1950,140761437500,0.08284162521429206,25.67033236176595
6115,Mexico,MEX,1951,152422343750,0.042352509423343676,25.7499210819852
6116,Mexico,MEX,1952,158877812500,-0.014529050429870405,25.791401268895722
6117,Mexico,MEX,1953,156569468750,0.1102548728868955,25.776765638213053
6118,Mexico,MEX,1954,173832015625,0.08269774456284074,25.881355242393177
6119,Mexico,MEX,1955,188207531250,0.06864247761073594,25.960811080565882
6120,Mexico,MEX,1956,201126562500,0.07537425905640882,26.027200211029278
6121,Mexico,MEX,1957,216286328125,0.0503515847229421,26.099868959978917
6122,Mexico,MEX,1958,227176687500,0.02677128787697458,26.148993910694358
6123,Mexico,MEX,1959,233258500000,0.07743849634632816,26.175413117596168
6124,Mexico,MEX,1960,251321687500,0.02827302757148642,26.249999579005806
6125,Mexico,MEX,1961,258427312500,0.03850405711277127,26.277880301798575
6126,Mexico,MEX,1962,268377812500,0.09204840657235769,26.315661572829615
6127,Mexico,MEX,1963,293081562500,0.1342186102204912,26.40371677753282
6128,Mexico,MEX,1964,332418562500,0.05361519936179859,26.52966074223131
6129,Mexico,MEX,1965,350241250000,0.061100027481057806,26.581888039695865
6130,Mexico,MEX,1966,371641000000,0.05425514811336751,26.64119417149192
6131,Mexico,MEX,1967,391804437500,0.08497742256939089,26.69402866832431
6132,Mexico,MEX,1968,425098968750,0.0423510201705235,26.775587846408424
6133,Mexico,MEX,1969,443102343750,0.06692196885947976,26.817066604575917
6134,Mexico,MEX,1970,472755625000,0.04450350273463166,26.881844442880613
6135,Mexico,MEX,1971,493794906250,0.08403052203416683,26.92538609839319
6136,Mexico,MEX,1972,535288750000,0.08366804364933889,27.006072157872335
6137,Mexico,MEX,1973,580075312500,0.06348679939727653,27.086423781195137
6138,Mexico,MEX,1974,616902437500,0.05595141209018162,27.14797672436185
6139,Mexico,MEX,1975,651419000000,0.05694683452585814,27.20241889730913
6140,Mexico,MEX,1976,688515250000,0.040367206826573465,27.257803304470404
6141,Mexico,MEX,1977,716308687500,0.09348876213371349,27.297377038791467
6142,Mexico,MEX,1978,783275500000,0.10671652247517005,27.38675032290372
6143,Mexico,MEX,1979,866863937500,0.10428626234091087,27.488147866578636
6144,Mexico,MEX,1980,957265937500,0.07970499315922863,27.587347076420897
6145,Mexico,MEX,1981,1033564812500,-0.011308555456458147,27.66403492576135
6146,Mexico,MEX,1982,1021876687500,-0.060880327598235806,27.652661942406812
6147,Mexico,MEX,1983,959664500000,0.030646647864956966,27.58984958115955
6148,Mexico,MEX,1984,989075000000,0.004258082046356471,27.620035999869792
6149,Mexico,MEX,1985,993286562500,-0.0619206378320456,27.624285041937686
6150,Mexico,MEX,1986,931781625000,0.014067472622675936,27.560364316237695
6151,Mexico,MEX,1987,944889437500,-0.0003037392403912875,27.574333760240933
6152,Mexico,MEX,1988,944602437500,0.03679107328155706,27.574029974862434
6153,Mexico,MEX,1989,979355375000,0.06135413306941828,27.610160411566202
6154,Mexico,MEX,1990,1039442875000,0.03908608253243351,27.66970598842948
6155,Mexico,MEX,1991,1080070625000,0.03561711531595435,27.708047548445133
6156,Mexico,MEX,1992,1118539625000,0.010003333587757401,27.74304504416012
6157,Mexico,MEX,1993,1129728750000,0.04198485698447518,27.75299867558978
6158,Mexico,MEX,1994,1177160250000,-0.05121552057164691,27.794126086170895
6159,Mexico,MEX,1995,1116871375000,0.02441429300665887,27.741552477191714
6160,Mexico,MEX,1996,1144139000000,0.07530182084519454,27.765673505001708
6161,Mexico,MEX,1997,1230294750000,0.07865442407195511,27.83827489075154
6162,Mexico,MEX,1998,1327062875000,0.03282446206627543,27.913989251467388
6163,Mexico,MEX,1999,1370623000000,0.07147315490838846,27.946286496929172
6164,Mexico,MEX,2000,1468585750000,0.0002866703561572592,28.01532097879823
6165,Mexico,MEX,2001,1469006750000,-0.01256427174347563,28.01560760807229
6166,Mexico,MEX,2002,1450549750000,0.011127246755928244,28.00296373843744
6167,Mexico,MEX,2003,1466690375000,0.061340485717716664,28.014029532826733
6168,Mexico,MEX,2004,1556657875000,0.06492707975411749,28.07356225117369
6169,Mexico,MEX,2005,1657727125000,0.03709205156427653,28.136468578276478
6170,Mexico,MEX,2006,1719215625000,0.031875800919387354,28.17288927076296
6171,Mexico,MEX,2007,1774017000000,0.028292217605581094,28.204267582633605
6172,Mexico,MEX,2008,1824207875000,-0.03143987907628121,28.232166967644012
6173,Mexico,MEX,2009,1766855000000,0.08957943634310683,28.20022224591032
6174,Mexico,MEX,2010,1925128875000,0.09377976058875537,28.286014029479322
6175,Mexico,MEX,2011,2105667000000,0.05054182356469461,28.375653397479983
6176,Mexico,MEX,2012,2212091250000,0.005077887270699133,28.424959450998184
6177,Mexico,MEX,2013,2223324000000,0.008887143754126692,28.43002448927811
6178,Mexico,MEX,2014,2243083000000,0.0060343286449944245,28.43887237479447
6179,Mexico,MEX,2015,2256618500000,0.03371637695959695,28.444888569791395
6180,Mexico,MEX,2016,2332703500000,0.013103679914742594,28.47804901130705
6181,Mexico,MEX,2017,2363270500000,0.025230501544364126,28.49106758070915
6182,Mexico,MEX,2018,2422897000000,-0.013444442747669427,28.515985047573384
6184,Moldova,MDA,1990,27612031250,-0.04492918057232753,24.041517429541308
6185,Moldova,MDA,1991,26371445312,-0.4158437378481442,23.995547644759213
6186,Moldova,MDA,1992,15405044921,0.016888047671016482,23.45796088499209
6187,Moldova,MDA,1993,15665206054,-0.10074594924316471,23.474707915046373
6188,Moldova,MDA,1994,14087000000,0.04961474061191162,23.36851822322458
6189,Moldova,MDA,1995,14785922851,-0.019806833022951498,23.41694140636177
6190,Moldova,MDA,1996,14493060546,-0.0690413259383067,23.396935788781047
6191,Moldova,MDA,1997,13492440429,-0.1041205871830646,23.325395397327814
6192,Moldova,MDA,1998,12087599609,-0.16320363825843198,23.21544593835371
6193,Moldova,MDA,1999,10114859375,0.0788041378973694,23.037271404849605
6194,Moldova,MDA,2000,10911952148,0.05363733986931707,23.11312455277397
6195,Moldova,MDA,2001,11497240234,0.10389942426943644,23.165372863863716
6196,Moldova,MDA,2002,12691796875,0.11044419988796905,23.264221706363433
6197,Moldova,MDA,2003,14093532226,0.052257805792737866,23.368981821716236
6198,Moldova,MDA,2004,14830029296,0.11440522328958713,23.419919968549458
6199,Moldova,MDA,2005,16526662109,0.06699342714806633,23.528240799108787
6200,Moldova,MDA,2006,17633839843,0.009175584185892927,23.59308561128578
6201,Moldova,MDA,2007,17795640625,0.052686270573639504,23.60221935554155
6202,Moldova,MDA,2008,18733226562,-0.01398667891688743,23.65356460562434
6203,Moldova,MDA,2009,18471210937,0.134832710562099,23.639479191379856
6204,Moldova,MDA,2010,20961734375,0.14722809643464907,23.76596443987477
6205,Moldova,MDA,2011,24047890625,0.11273744122827822,23.90331312175141
6206,Moldova,MDA,2012,26758988281,0.027324200800190823,24.010136264354212
6207,Moldova,MDA,2013,27490156250,0.07731553053649876,24.03709382299246
6208,Moldova,MDA,2014,29615572265,0.02661375690962009,24.111566149973363
6209,Moldova,MDA,2015,30403753906,0.07061473828652165,24.1378319214851
6210,Moldova,MDA,2016,32550707031,0.13435912070465528,24.206064926747572
6211,Moldova,MDA,2017,36924191406,0.015302256203454379,24.332132766843785
6212,Moldova,MDA,2018,37489214843,0.017962249351448856,24.347319124370095
6214,Mongolia,MNG,1970,1763078979,0.0473184400663198,21.29032753743021
6215,Mongolia,MNG,1971,1846505126,0.03567999897336871,21.33656056831586
6216,Mongolia,MNG,1972,1912388427,0.08846359641769586,21.37161878313966
6217,Mongolia,MNG,1973,2081565185,0.04319353371583223,21.456385940467353
6218,Mongolia,MNG,1974,2171475341,0.05885379335744445,21.4986726541298
6219,Mongolia,MNG,1975,2299274902,0.0373863194545494,21.555859650176636
6220,Mongolia,MNG,1976,2385236328,0.09751453609421978,21.592564045685872
6221,Mongolia,MNG,1977,2617831542,0.04665074052347107,21.685612156298124
6222,Mongolia,MNG,1978,2739955322,0.044667770316292765,21.731207451374033
6223,Mongolia,MNG,1979,2862343017,0.14995943863146022,21.77490636310023
6224,Mongolia,MNG,1980,3291578369,-0.08274000630364453,21.914633034098106
6225,Mongolia,MNG,1981,3019233154,0.18221648509361854,21.828268713572854
6226,Mongolia,MNG,1982,3569387207,0.14261217835983575,21.995659767304012
6227,Mongolia,MNG,1983,4078425292,0.1362436794146873,22.128976793018445
6228,Mongolia,MNG,1984,4634084960,0.003733797534864358,22.256704596841182
6229,Mongolia,MNG,1985,4651387695,0.08274223441183182,22.26043144105685
6230,Mongolia,MNG,1986,5036253906,0.09203686006533118,22.339928370046596
6231,Mongolia,MNG,1987,5499774902,0.05953617244969922,22.427973001438218
6232,Mongolia,MNG,1988,5827210449,-0.0035742036746886363,22.48580424063846
6233,Mongolia,MNG,1989,5806382812,0.43161384895612365,22.48222363423683
6234,Mongolia,MNG,1990,8312498046,-0.26607930356919807,22.841026007860687
6235,Mongolia,MNG,1991,6100714355,-0.04179334142911206,22.531671708646194
6236,Mongolia,MNG,1992,5845745117,-0.1925999362725893,22.488979903129724
6237,Mongolia,MNG,1993,4719854980,0.05918998892631233,22.275043911495594
6238,Mongolia,MNG,1994,4999223144,0.29453961057274225,22.332548366109155
6239,Mongolia,MNG,1995,6471692382,-0.05615931329042578,22.590703484979663
6240,Mongolia,MNG,1996,6108246582,0.0496829296142518,22.532905593821926
6241,Mongolia,MNG,1997,6411722167,0.004678854014355416,22.581393740592745
6242,Mongolia,MNG,1998,6441721679,0.05775194762182778,22.58606168279294
6243,Mongolia,MNG,1999,6813743652,0.1305649691911832,22.642207534696762
6244,Mongolia,MNG,2000,7703379882,0.11344186011674617,22.764925015211848
6245,Mongolia,MNG,2001,8577265625,0.09510196823361183,22.87238100792834
6246,Mongolia,MNG,2002,9392980468,0.08682867815796258,22.963228488535783
6247,Mongolia,MNG,2003,10208560546,0.18018693337923608,23.046492474462845
6248,Mongolia,MNG,2004,12048009765,0.18398907306994539,23.212165318511587
6249,Mongolia,MNG,2005,14264711914,0.1749547222577017,23.381054626104756
6250,Mongolia,MNG,2006,16760390625,0.15440957796889054,23.54228423870965
6251,Mongolia,MNG,2007,19348355468,0.08557473898690726,23.685873264076605
6252,Mongolia,MNG,2008,21004085937,-0.05019503272659842,23.767982824172424
6253,Mongolia,MNG,2009,19949785156,0.1937900725129995,23.716484211101488
6254,Mongolia,MNG,2010,23815855468,0.2663139331493696,23.893617391948155
6255,Mongolia,MNG,2011,30158349609,0.1600057638618244,24.129727657401904
6256,Mongolia,MNG,2012,34983859375,-0.016616926473681848,24.278152631354235
6257,Mongolia,MNG,2013,34402535156,-0.026128615839615787,24.261396095005665
6258,Mongolia,MNG,2014,33503644531,-0.03477933195959748,24.234920061830163
6259,Mongolia,MNG,2015,32338410156,-0.019217182353805207,24.19952152959012
6260,Mongolia,MNG,2016,31716957031,0.02859613616506529,24.180117296923378
6261,Mongolia,MNG,2017,32623939453,0.04702984537506283,24.20831219487316
6262,Mongolia,MNG,2018,34158238281,0.12360602520735142,24.25426963196661
6264,Montenegro,MNE,1990,7370546875,-0.10707736663027467,22.72075774324415
6265,Montenegro,MNE,1991,6581328125,-0.2358340209636638,22.607502404621307
6266,Montenegro,MNE,1992,5029227050,-0.3652634205488893,22.338532141257875
6267,Montenegro,MNE,1993,3192234375,0.014432989745623015,21.883986939590315
6268,Montenegro,MNE,1994,3238307861,0.14532540394558868,21.898316765199258
6269,Montenegro,MNE,1995,3708916259,0.2753210780971693,22.034005557415213
6270,Montenegro,MNE,1996,4730059082,0.061918863363576104,22.277203530281334
6271,Montenegro,MNE,1997,5022938964,0.0557810996725463,22.33728105033649
6272,Montenegro,MNE,1998,5303124023,-0.08811617717657139,22.39156192215585
6273,Montenegro,MNE,1999,4835833007,0.12753425813241703,22.29931923787859
6274,Montenegro,MNE,2000,5452567382,0.05528609751713476,22.419352413964617
6275,Montenegro,MNE,2001,5754018554,-0.030728779085546165,22.473164326610018
6276,Montenegro,MNE,2002,5577204589,0.005774499838775871,22.441953518099115
6277,Montenegro,MNE,2003,5609410156,0.05500827295895805,22.447711409420283
6278,Montenegro,MNE,2004,5917974121,0.06669746418784661,22.501260017984823
6279,Montenegro,MNE,2005,6312687988,0.26528727289919085,22.565827411381694
6280,Montenegro,MNE,2006,7987363769,0.2504688038329408,22.80112660098036
6281,Montenegro,MNE,2007,9987949218,0.06932866366121315,23.02464512504985
6282,Montenegro,MNE,2008,10680400390,-0.0786194776729714,23.091676159476112
6283,Montenegro,MNE,2009,9840712890,0.06989825236126768,23.009793993557064
6284,Montenegro,MNE,2010,10528561523,0.04480743271238241,23.077357546258266
6285,Montenegro,MNE,2011,11000319335,-0.021955062180019858,23.12119013977795
6286,Montenegro,MNE,2012,10758806640,-0.01612051464473574,23.09899047846621
6287,Montenegro,MNE,2013,10585369140,-0.0063407462802945735,23.08273861480329
6288,Montenegro,MNE,2014,10518250000,0.07336151593658635,23.076377680608424
6289,Montenegro,MNE,2015,11289884765,0.025126630067955347,23.147173008235697
6290,Montenegro,MNE,2016,11573561523,0.053939529310782275,23.171989154725154
6291,Montenegro,MNE,2017,12197833984,0.047005575887660855,23.22452423062804
6292,Montenegro,MNE,2018,12771200195,0.07440699280338858,23.270458488087417
6294,Montserrat,MSR,1970,170451858,0.022643725010025983,18.953963457046125
6295,Montserrat,MSR,1971,174311523,0.02002148188447639,18.976354618459975
6296,Montserrat,MSR,1972,177801498,0.02450147523503987,18.996178306205437
6297,Montserrat,MSR,1973,182157897,0.03826267823019491,19.020384434857334
6298,Montserrat,MSR,1974,189127746,0.060096369995336296,19.057933249465073
6299,Montserrat,MSR,1975,200493637,-0.036393484148327326,19.11629306854646
6300,Montserrat,MSR,1976,193196975,-0.012897903810346945,19.07922082227022
6301,Montserrat,MSR,1977,190705139,0.026341461097175722,19.066239018293555
6302,Montserrat,MSR,1978,195728591,0.13213725122049236,19.09223951776072
6303,Montserrat,MSR,1979,221591629,0.09798626463457238,19.21634673685314
6304,Montserrat,MSR,1980,243304565,0.019973899790988403,19.309824570421956
6305,Montserrat,MSR,1981,248164306,0.04270075004259466,19.32960160895054
6306,Montserrat,MSR,1982,258761108,-0.04180074078211171,19.37141583109101
6307,Montserrat,MSR,1983,247944702,0.02483866342100738,19.328716303460002
6308,Montserrat,MSR,1984,254103317,0.04712622464507232,19.353251502120973
6309,Montserrat,MSR,1985,266078247,0.04390921892987376,19.399300985143054
6310,Montserrat,MSR,1986,277761535,0.04653960095662635,19.442273515774676
6311,Montserrat,MSR,1987,290688446,0.1325015236415692,19.487762619297197
6312,Montserrat,MSR,1988,329205108,0.19646878626196762,19.612191543050212
6313,Montserrat,MSR,1989,393883636,0.1983645951719608,19.79156608353921
6314,Montserrat,MSR,1990,472016204,-0.23833048112899102,19.972523873469026
6315,Montserrat,MSR,1991,359520355,-0.07334890120477322,19.700281353828487
6316,Montserrat,MSR,1992,333149932,-0.028475656420065,19.624103192860538
6317,Montserrat,MSR,1993,323663269,-0.020582798970617877,19.595214240107055
6318,Montserrat,MSR,1994,317001373,-0.10983267255438667,19.574416663062458
6319,Montserrat,MSR,1995,282184265,-0.3175807942374108,19.45807083750101
6320,Montserrat,MSR,1996,192567962,-0.0863646155220773,19.075959698735506
6321,Montserrat,MSR,1997,175936904,-0.21554455113067128,18.98563598872594
6322,Montserrat,MSR,1998,138014663,-0.02170011457405796,18.742870491100152
6323,Montserrat,MSR,1999,135019729,-0.08401419617721195,18.720931466465927
6324,Montserrat,MSR,2000,123676155,-0.057770958354906865,18.63317705402777
6325,Montserrat,MSR,2001,116531265,0.018707168415274644,18.573670164064197
6326,Montserrat,MSR,2002,118711235,-0.020706801677195963,18.592204505479938
6327,Montserrat,MSR,2003,116253105,0.024188110932606977,18.571280311752464
6328,Montserrat,MSR,2004,119065048,0.04638469553214297,18.59518052358124
6329,Montserrat,MSR,2005,124587844,-0.028250067478493346,18.640521599365705
6330,Montserrat,MSR,2006,121068229,-0.021314411066507,18.61186482067572
6331,Montserrat,MSR,2007,118487731,0.05947906116963275,18.590319977314273
6332,Montserrat,MSR,2008,125535270,-0.10161552207598712,18.648097312909506
6333,Montserrat,MSR,2009,112778938,-0.032988207425751814,18.540940159735754
6334,Montserrat,MSR,2010,109058563,0.1928009632769505,18.507395571142116
6335,Montserrat,MSR,2011,130085159,-0.16154883586681856,18.68369986318643
6336,Montserrat,MSR,2012,109070053,-0.18828290108193124,18.507500921831276
6337,Montserrat,MSR,2013,88534027,-0.013013425900077924,18.29889752195811
6338,Montserrat,MSR,2014,87381896,-0.13390291966198586,18.285798679581294
6339,Montserrat,MSR,2015,75681205,0.08606270209360445,18.142040404885577
6340,Montserrat,MSR,2016,82194534,-0.11855066907490464,18.224599361465064
6341,Montserrat,MSR,2017,72450317,0.018595322364151956,18.098411602152726
6342,Montserrat,MSR,2018,73797554,0.052801600985311836,18.116836145390003
6344,Morocco,MAR,1950,13039514648,0.010096414441329804,23.291250172506828
6345,Morocco,MAR,1951,13171166992,0.07238852916974703,23.301295958646897
6346,Morocco,MAR,1952,14124608398,0.02062660887938339,23.3711843895592
6347,Morocco,MAR,1953,14415951171,0.055427357967706925,23.391601150667366
6348,Morocco,MAR,1954,15214989257,-0.008745166674290261,23.44554691421557
6349,Morocco,MAR,1955,15081931640,0.02442647578529944,23.43676328416123
6350,Morocco,MAR,1956,15450330078,-0.008473094706656692,23.460896204333796
6351,Morocco,MAR,1957,15319417968,0.06555909311292973,23.45238700889225
6352,Morocco,MAR,1958,16323745117,0.047841242092582004,23.51588664036415
6353,Morocco,MAR,1959,17104693359,0.022156062552304956,23.562618728234874
6354,Morocco,MAR,1960,17483666015,0.28149264769629045,23.584532911442903
6355,Morocco,MAR,1961,22405189453,0.14419458660580164,23.832558440984517
6356,Morocco,MAR,1962,25635896484,0.1702770597753207,23.96725941266481
6357,Morocco,MAR,1963,30001101562,0.06414588684428657,24.124499936667785
6358,Morocco,MAR,1964,31925548828,-0.015719984759035355,24.186672429884045
6359,Morocco,MAR,1965,31423679687,-0.03475987579684625,24.170827575806587
6360,Morocco,MAR,1966,30331396484,0.030674627773594088,24.13544920058069
6361,Morocco,MAR,1967,31261800781,0.06685875246413553,24.165662766838448
6362,Morocco,MAR,1968,33351925781,0.11508213835096015,24.230381352198613
6363,Morocco,MAR,1969,37190136718,-0.04937874676086318,24.339309421079914
6364,Morocco,MAR,1970,35353734375,0.06857611841747624,24.288669863737766
6365,Morocco,MAR,1971,37778156250,0.024404500444618726,24.354996895552567
6366,Morocco,MAR,1972,38700113281,0.02848939901013936,24.379108364135487
6367,Morocco,MAR,1973,39802656250,0.07829535952138866,24.40719948695954
6368,Morocco,MAR,1974,42919019531,0.055940834791573746,24.482580910342666
6369,Morocco,MAR,1975,45319945312,0.10936349595919825,24.537013066397634
6370,Morocco,MAR,1976,50276292968,0.0318035549084279,24.640799490185913
6371,Morocco,MAR,1977,51875257812,0.062304133132468964,24.672107785354804
6372,Morocco,MAR,1978,55107300781,0.06086513462761434,24.732548044890468
6373,Morocco,MAR,1979,58461414062,0.009676588226211091,24.791632784876146
6374,Morocco,MAR,1980,59027121093,0.01711560954172664,24.80126285477423
6375,Morocco,MAR,1981,60037406250,0.12108700981731713,24.818233642412086
6376,Morocco,MAR,1982,67307156250,0.0706564912999128,24.93253240152506
6377,Morocco,MAR,1983,72062843750,0.08425024858944741,25.0008044051291
6378,Morocco,MAR,1984,78134156250,0.09868643394994114,25.081693138135595
6379,Morocco,MAR,1985,85844937500,0.10427358485758109,25.17580845341894
6380,Morocco,MAR,1986,94796296875,0.02763441939566791,25.274996182944427
6381,Morocco,MAR,1987,97415937500,0.11357524596013868,25.302255663572527
6382,Morocco,MAR,1988,108479976562,0.021199188761675813,25.409831445080215
6383,Morocco,MAR,1989,110779664062,0.018074659324471165,25.430809057067986
6384,Morocco,MAR,1990,112781968750,0.11565387640921099,25.448722311725664
6385,Morocco,MAR,1991,125825640625,0.006719926541204568,25.558162980992655
6386,Morocco,MAR,1992,126671179687,0.013182753994446017,25.564860429471928
6387,Morocco,MAR,1993,128341054687,0.12044829283739578,25.57795704714837
6388,Morocco,MAR,1994,143799515625,-0.011939148352051343,25.691685913834082
6389,Morocco,MAR,1995,142082671875,0.17068726822885139,25.67967492143997
6390,Morocco,MAR,1996,166334375000,-0.0716735867135101,25.83726590653526
6391,Morocco,MAR,1997,154412593750,0.007669488584055362,25.762894036949124
6392,Morocco,MAR,1998,155596859375,-0.041892414481775275,25.770534264521707
6393,Morocco,MAR,1999,149078531250,-0.037181326201186304,25.727739059416102
6394,Morocco,MAR,2000,143535593750,0.022491916748001772,25.68984888145892
6395,Morocco,MAR,2001,146763984375,-0.01320476807203741,25.712091584981565
6396,Morocco,MAR,2002,144826000000,0.036150492660157685,25.698798858790468
6397,Morocco,MAR,2003,150061531250,-0.002845499419092512,25.734311255263563
6398,Morocco,MAR,2004,149634531250,-0.0067427826757067155,25.731461699714696
6399,Morocco,MAR,2005,148625578125,0.08483840001883935,25.72469608177317
6400,Morocco,MAR,2006,161234734375,0.05512643978020004,25.80612711759812
6401,Morocco,MAR,2007,170123031250,0.12557492858569086,25.859787725477826
6402,Morocco,MAR,2008,191486218750,0.09198083608823682,25.978081678225568
6403,Morocco,MAR,2009,209099281250,0.06697087821768877,26.06607500602454
6404,Morocco,MAR,2010,223102843750,0.12025900050859395,26.130898684829884
6405,Morocco,MAR,2011,249932968750,0.023016171210905823,26.244458593856724
6406,Morocco,MAR,2012,255685468750,0.007769433514199342,26.267213888336567
6407,Morocco,MAR,2013,257672000000,-0.0440147745971623,26.274953295228485
6408,Morocco,MAR,2014,246330625000,0.07005384024012451,26.229940474578783
6409,Morocco,MAR,2015,263587031250,0.002157257120365186,26.297649439768115
6410,Morocco,MAR,2016,264155656250,0.022510401951690184,26.299804373350383
6411,Morocco,MAR,2017,270101906250,0.03412866972315198,26.322065155291348
6412,Morocco,MAR,2018,279320125000,0.03465423409788326,26.35562436243954
6414,Mozambique,MOZ,1987,8655364257,0.0074385995884493905,22.881445110997472
6415,Mozambique,MOZ,1988,8719748046,0.0802970359127737,22.888856180642527
6416,Mozambique,MOZ,1989,9419917968,-0.015284683846410352,22.96609221721651
6417,Mozambique,MOZ,1990,9275937500,0.05921171202371722,22.950689518498972
6418,Mozambique,MOZ,1991,9825181640,-0.08253366021231134,23.00821448206265
6419,Mozambique,MOZ,1992,9014273437,0.08500212772056837,22.922075095456357
6420,Mozambique,MOZ,1993,9780505859,0.08416974212458261,23.003657043479638
6421,Mozambique,MOZ,1994,10603728515,0.03147726448558563,23.08447152291418
6422,Mozambique,MOZ,1995,10937504882,0.07872344701002354,23.11546353498433
6423,Mozambique,MOZ,1996,11798542968,0.09393829085557637,23.191241883505946
6424,Mozambique,MOZ,1997,12906877929,0.06892953074275576,23.281026179018625
6425,Mozambique,MOZ,1998,13796542968,0.07045901449766712,23.34768388816159
6426,Mozambique,MOZ,1999,14768633789,0.028010826587637316,23.415771430159264
6427,Mozambique,MOZ,2000,15182315429,0.10003627141739835,23.443397128836818
6428,Mozambique,MOZ,2001,16701097656,0.16343225476676415,23.538740282113327
6429,Mozambique,MOZ,2002,19430595703,0.11118187579120153,23.690114758795275
6430,Mozambique,MOZ,2003,21590925781,0.031052722694735024,23.795538960637174
6431,Mozambique,MOZ,2004,22261382812,0.0955322365173834,23.826119301798798
6432,Mozambique,MOZ,2005,24388062500,0.03368971819717137,23.917359607724467
6433,Mozambique,MOZ,2006,25209689453,0.05139416181288259,23.95049425966497
6434,Mozambique,MOZ,2007,26505320312,0.04817362729330665,24.00061131627826
6435,Mozambique,MOZ,2008,27782177734,0.016405526390474767,24.047660563352732
6436,Mozambique,MOZ,2009,28237958984,0.022577446775145393,24.06393297302189
6437,Mozambique,MOZ,2010,28875500000,-0.01082455555747952,24.086259321655763
6438,Mozambique,MOZ,2011,28562935546,0.05314627656374005,24.075375754359847
6439,Mozambique,MOZ,2012,30080949218,0.03752167166734921,24.127157891979625
6440,Mozambique,MOZ,2013,31209636718,0.08893862537012831,24.163992753238254
6441,Mozambique,MOZ,2014,33985378906,0.06941185759690116,24.24919623689575
6442,Mozambique,MOZ,2015,36344367187,0.09433459750060935,24.31630506845065
6443,Mozambique,MOZ,2016,39772898437,-0.0876452656705835,24.406451573495307
6444,Mozambique,MOZ,2017,36286992187,0.007648229662292838,24.314725172041474
6445,Mozambique,MOZ,2018,36564523437,0.02055003794305299,24.322344302273848
6447,Myanmar,MMR,1962,17229750000,0.12044596735297963,23.569903377804664
6448,Myanmar,MMR,1963,19305003906,-0.059970688461771116,23.68363016899359
6449,Myanmar,MMR,1964,18147269531,0.07930073417059669,23.62178594727682
6450,Myanmar,MMR,1965,19586361328,-0.018537991356308514,23.69809931035423
6451,Myanmar,MMR,1966,19223269531,-0.08345385041878184,23.679387336895434
6452,Myanmar,MMR,1967,17619013671,0.044048538215133215,23.59224447807832
6453,Myanmar,MMR,1968,18395105468,0.04605175841332665,23.635350459001256
6454,Myanmar,MMR,1969,19242232421,0.07799981790896582,23.680373305650495
6455,Myanmar,MMR,1970,20743123046,0.013559934556442776,23.75548060922167
6456,Myanmar,MMR,1971,21024398437,-0.028213500461259367,23.768949430600617
6457,Myanmar,MMR,1972,20431226562,0.03622642961517575,23.740330281271866
6458,Myanmar,MMR,1973,21171376953,0.032224282034869045,23.775915962632702
6459,Myanmar,MMR,1974,21853609375,0.046410025208936556,23.80763193363303
6460,Myanmar,MMR,1975,22867835937,0.04458354956755706,23.852997215973964
6461,Myanmar,MMR,1976,23887365234,0.04043022219233161,23.896615504801442
6462,Myanmar,MMR,1977,24853136718,0.03987494975965156,23.936249807599665
6463,Myanmar,MMR,1978,25844154296,0.05988033592724373,23.975350272907747
6464,Myanmar,MMR,1979,27391710937,0.07025776788555627,24.03350628402442
6465,Myanmar,MMR,1980,29316191406,0.06281591668906561,24.10140580805133
6466,Myanmar,MMR,1981,31157714843,0.059390512633044734,24.162327719027378
6467,Myanmar,MMR,1982,33008187500,0.06070546415188649,24.220021473700278
6468,Myanmar,MMR,1983,35011964843,0.045256961844482024,24.27895569267466
6469,Myanmar,MMR,1984,36596500000,0.00011378306668663463,24.323218444365743
6470,Myanmar,MMR,1985,36600664062,-0.017605981790615344,24.323332220959628
6471,Myanmar,MMR,1986,35956273437,-0.07876352853868751,24.305569410395584
6472,Myanmar,MMR,1987,33124230468,-0.059073129408707015,24.223530889828233
6473,Myanmar,MMR,1988,31167478515,0.01906847888622032,24.16264103284331
6474,Myanmar,MMR,1989,31761794921,-0.0075831818887777125,24.18152998687326
6475,Myanmar,MMR,1990,31520939453,0.020687203151806388,24.173917906472894
6476,Myanmar,MMR,1991,32173019531,0.17338941194577417,24.194394035496064
6477,Myanmar,MMR,1992,37751480468,0.10156006920708505,24.354290529567816
6478,Myanmar,MMR,1993,41585523437,0.0444484042337534,24.451017949346674
6479,Myanmar,MMR,1994,43433933593,0.05572543860936596,24.494506852566865
6480,Myanmar,MMR,1995,45854308593,0.007332666990672365,24.54873500272784
6481,Myanmar,MMR,1996,46190542968,0.045927539117037064,24.55604091641834
6482,Myanmar,MMR,1997,48311960937,0.08870037522567387,24.600945005394806
6483,Myanmar,MMR,1998,52597250000,-0.017860739525355385,24.685929673954536
6484,Myanmar,MMR,1999,51657824218,0.01602552493319176,24.66790750638297
6485,Myanmar,MMR,2000,52485667968,0.06964892425926195,24.683805978189426
6486,Myanmar,MMR,2001,56141238281,0.12624827296334717,24.751136464655065
6487,Myanmar,MMR,2002,63228972656,0.12495736446621297,24.87002846115443
6488,Myanmar,MMR,2003,71129898437,0.10613888960753615,24.987773597840402
6489,Myanmar,MMR,2004,78679546875,0.12296238837483764,25.088649071363243
6490,Myanmar,MMR,2005,88354171875,0.12308991846345685,25.20461925446147
6491,Myanmar,MMR,2006,99229679687,0.1608366133534025,25.320702996881863
6492,Myanmar,MMR,2007,115189445312,0.13779494635995482,25.469843960455226
6493,Myanmar,MMR,2008,131061968750,0.18492504619117445,25.5989360921907
6494,Myanmar,MMR,2009,155298609375,0.19893197691423303,25.768615612617946
6495,Myanmar,MMR,2010,186192468750,0.11200095532865095,25.95004675387148
6496,Myanmar,MMR,2011,207046203125,-0.18303311979655512,26.056207808808
6497,Myanmar,MMR,2012,169149890625,0.41845208849067195,25.85405108555749
6498,Myanmar,MMR,2013,239931015625,0.06190789865706847,26.203617284075243
6499,Myanmar,MMR,2014,254784640625,-0.012873004204470018,26.263684478705837
6500,Myanmar,MMR,2015,251504796875,-0.00014829488528023127,26.25072789936595
6501,Myanmar,MMR,2016,251467500000,0.011092822631155075,26.25057959348389
6502,Myanmar,MMR,2017,254256984375,0.03923153045144345,26.26161134199925
6503,Myanmar,MMR,2018,264231875000,0.05406023591968223,26.300092868994284
6505,Namibia,NAM,1960,2655062255,0.00015963015526354596,21.69973393957633
6506,Namibia,NAM,1961,2655486083,0.13957093029886547,21.699893556992055
6507,Namibia,NAM,1962,3026114746,0.06573297567877479,21.830545371620065
6508,Namibia,NAM,1963,3225030273,0.13117140063509725,21.894208174126835
6509,Namibia,NAM,1964,3648062011,0.03974806830661626,22.01746190764341
6510,Namibia,NAM,1965,3793065429,0.053966055115997946,22.056440349438486
6511,Namibia,NAM,1966,3997762207,-0.0016093598535537046,22.10900059326674
6512,Namibia,NAM,1967,3991328369,0.033991842929724125,22.1073899370025
6513,Namibia,NAM,1968,4127000976,0.07105265462869137,22.140816824208226
6514,Namibia,NAM,1969,4420235351,0.08290552083772962,22.209458778451033
6515,Namibia,NAM,1970,4786697265,0.052389353058449606,22.289106504287417
6516,Namibia,NAM,1971,5037469238,0.01960367881853453,22.34016965760007
6517,Namibia,NAM,1972,5136222167,0.04015987106735297,22.359583659213165
6518,Namibia,NAM,1973,5342492187,0.07189859386873443,22.39895808273255
6519,Namibia,NAM,1974,5726609863,0.02222926706121231,22.46838954563504
6520,Namibia,NAM,1975,5853908203,0.016213293531210482,22.490375344020386
6521,Namibia,NAM,1976,5948819335,-0.0022629555953728175,22.50645860572146
6522,Namibia,NAM,1977,5935357421,0.02957802547473576,22.504193085772663
6523,Namibia,NAM,1978,6110913574,0.04643827302801262,22.533342120065676
6524,Namibia,NAM,1979,6394693847,0.0488167947471716,22.578734397023567
6525,Namibia,NAM,1980,6706862304,0.019391140760774972,22.626397063660928
6526,Namibia,NAM,1981,6836916015,0.027663254541236304,22.645602591906176
6527,Namibia,NAM,1982,7026047363,-0.037840429940750986,22.672890131871796
6528,Namibia,NAM,1983,6760178710,0.028991944060603014,22.63431516304238
6529,Namibia,NAM,1984,6956169433,0.02384749373887196,22.662894790962387
6530,Namibia,NAM,1985,7122056640,0.04684206176153083,22.686462374592615
6531,Namibia,NAM,1986,7455668457,0.02207285261531311,22.732240446736956
6532,Namibia,NAM,1987,7620236328,-0.0003927914924373166,22.754073220337265
6533,Namibia,NAM,1988,7617243164,0.031339578619233865,22.753680351682043
6534,Namibia,NAM,1989,7855964355,-0.07654614033696183,22.78453887069195
6535,Namibia,NAM,1990,7254620605,0.10965196408089772,22.704904427635363
6536,Namibia,NAM,1991,8050104003,0.05114373713017484,22.808950847920755
6537,Namibia,NAM,1992,8461816406,0.029173908550527816,22.858829692719624
6538,Namibia,NAM,1993,8708680664,0.014039063173530542,22.88758614262914
6539,Namibia,NAM,1994,8830942382,0.04285170060347476,22.901527570895883
6540,Namibia,NAM,1995,9209363281,0.06029592839991693,22.943486551381888
6541,Namibia,NAM,1996,9764650390,0.02473406843601289,23.002034598278783
6542,Namibia,NAM,1997,10006169921,0.031742134153989854,23.026467731779086
6543,Namibia,NAM,1998,10323787109,0.0383277469616794,23.057716497609924
6544,Namibia,NAM,1999,10719474609,0.03401364444614452,23.09532798103354
6545,Namibia,NAM,2000,11084083007,0.03103972378975528,23.128775952822025
6546,Namibia,NAM,2001,11428129882,0.04345645194164405,23.159343686493617
6547,Namibia,NAM,2002,11924755859,0.0011106425285851707,23.20188240047141
6548,Namibia,NAM,2003,11938000000,0.09101974786396383,23.20299242669287
6549,Namibia,NAM,2004,13024593750,0.09095608183556592,23.29010523408023
6550,Namibia,NAM,2005,14209259765,0.09814002228567187,23.37715968515809
6551,Namibia,NAM,2006,15603756835,0.04030798875237673,23.470777544965166
6552,Namibia,NAM,2007,16232712890,0.1089384873608763,23.510294357307888
6553,Namibia,NAM,2008,18001080078,-0.02241998720361449,23.613697597375722
6554,Namibia,NAM,2009,17597496093,0.08014900912869316,23.591022461426363
6555,Namibia,NAM,2010,19007917968,0.09008694365594283,23.668121464460768
6556,Namibia,NAM,2011,20720283203,0.09106424533458157,23.75437892234274
6557,Namibia,NAM,2012,22607160156,-0.01438781234597808,23.841532514109403
6558,Namibia,NAM,2013,22281892578,0.14274588327117277,23.827040193550463
6559,Namibia,NAM,2014,25462541015,0.003846566607091706,23.960474229298235
6560,Namibia,NAM,2015,25560484375,-0.030614883447411145,23.964313416784794
6561,Namibia,NAM,2016,24777953125,-0.03790944131911622,23.93322010783899
6562,Namibia,NAM,2017,23838634765,-0.02706683223937556,23.894573410934974
6563,Namibia,NAM,2018,23193398437,0.005961084718806964,23.867133524997296
6565,Nepal,NPL,1960,7744839355,-0.0026756727996716245,22.770292568831245
6566,Nepal,NPL,1961,7724116699,0.026969482352198204,22.76761331002102
6567,Nepal,NPL,1962,7932432128,0.009354828607743837,22.794225525192143
6568,Nepal,NPL,1963,8006638671,0.10567914961177105,22.80353686837948
6569,Nepal,NPL,1964,8852773437,-0.016460237126477373,22.903996629584007
6570,Nepal,NPL,1965,8707054687,0.07592689293511046,22.88739941758171
6571,Nepal,NPL,1966,9368154296,-0.026703665855163705,22.960581933644193
6572,Nepal,NPL,1967,9117990234,0.004895777123509415,22.933515247668872
6573,Nepal,NPL,1968,9162629882,0.05404137669827147,22.938399079447525
6574,Nepal,NPL,1969,9657791015,0.05779852288510101,22.991030785625647
6575,Nepal,NPL,1970,10215997070,-0.0226062430732471,23.047220668871596
6576,Nepal,NPL,1971,9985051757,0.03792485509497001,23.02435498727597
6577,Nepal,NPL,1972,10363733398,-0.012910386620503034,23.061578375463615
6578,Nepal,NPL,1973,10229933593,0.047064222130381195,23.048583925491027
6579,Nepal,NPL,1974,10711397460,0.01596257133007173,23.09457419468678
6580,Nepal,NPL,1975,10882378906,0.04204726034191997,23.11041070392243
6581,Nepal,NPL,1976,11339953125,0.023967474645094633,23.15159800163959
6582,Nepal,NPL,1977,11611743164,0.03964240127417962,23.175282764710552
6583,Nepal,NPL,1978,12072060546,0.05034028247989197,23.214159573806935
6584,Nepal,NPL,1979,12679771484,-0.04751362552236982,23.263273764026536
6585,Nepal,NPL,1980,12077309570,0.1093979097200537,23.214594286932574
6586,Nepal,NPL,1981,13398541992,0.06013007038236262,23.318411731416248
6587,Nepal,NPL,1982,14204197265,0.04074128619897066,23.376803339920116
6588,Nepal,NPL,1983,14782894531,0.07045212463743034,23.41673657436112
6589,Nepal,NPL,1984,15824380859,0.04338995295411441,23.48481767997747
6590,Nepal,NPL,1985,16511000000,0.06508740857610085,23.527292662396107
6591,Nepal,NPL,1986,17585658203,0.016201390116373116,23.590349531970002
6592,Nepal,NPL,1987,17870570312,0.07852033261958935,23.606421080102056
6593,Nepal,NPL,1988,19273773437,0.08443397621744086,23.682011119455325
6594,Nepal,NPL,1989,20901134765,0.029221462177390967,23.763069289419334
6595,Nepal,NPL,1990,21511896484,0.08618777527955301,23.791871943889497
6596,Nepal,NPL,1991,23365958984,0.014862198946672622,23.874546055868777
6597,Nepal,NPL,1992,23713228515,0.07853549240762248,23.889298894561122
6598,Nepal,NPL,1993,25575558593,0.2060124236911911,23.964902989914105
6599,Nepal,NPL,1994,30844441406,0.06942815490843768,24.15222238973419
6600,Nepal,NPL,1995,32985914062,0.08958594306180734,24.219346460681887
6601,Nepal,NPL,1996,35940988281,0.0026874565397263517,24.305144216003892
6602,Nepal,NPL,1997,36037578125,-0.0330892666500463,24.307828067789263
6603,Nepal,NPL,1998,34845121093,-0.0015141780641020341,24.274178967020983
6604,Nepal,NPL,1999,34792359375,0.022165651477897175,24.272663641430757
6605,Nepal,NPL,2000,35563554687,-0.04676025643769188,24.29458720567263
6606,Nepal,NPL,2001,33900593750,-0.003017784548390079,24.246698365928697
6607,Nepal,NPL,2002,33798289062,0.10128737101810636,24.24367601868672
6608,Nepal,NPL,2003,37221628906,-0.028464737765122705,24.34015585146941
6609,Nepal,NPL,2004,36162125000,0.012936532352564978,24.31127813733662
6610,Nepal,NPL,2005,36629937500,0.05426678825209574,24.32413170748397
6611,Nepal,NPL,2006,38617726562,0.06609264405822168,24.37697724535751
6612,Nepal,NPL,2007,41170074218,0.10302490460766656,24.440977475447028
6613,Nepal,NPL,2008,45411617187,0.1340213226703204,24.539033794436897
6614,Nepal,NPL,2009,51497742187,0.11114253947709685,24.66480380262593
6615,Nepal,NPL,2010,57221332031,0.09727619472375149,24.770192603413115
6616,Nepal,NPL,2011,62787605468,0.09815811952155196,24.863023525782264
6617,Nepal,NPL,2012,68950718750,0.04408617476521948,24.95665786535184
6618,Nepal,NPL,2013,71990492187,0.0648510116846106,24.999799894284372
6619,Nepal,NPL,2014,76659148437,-0.0027479596929402827,25.062634788527703
6620,Nepal,NPL,2015,76448492187,0.045202514322285614,25.059883046262367
6621,Nepal,NPL,2016,79904156250,0.13366218433725097,25.104093706513428
6622,Nepal,NPL,2017,90584320312,0.0753182915818178,25.22954697002891
6623,Nepal,NPL,2018,97406976562,0.06644039309525951,25.302163672976352
6625,Netherlands,NLD,1950,90883765625,0.04775227148825567,25.232847226195084
6626,Netherlands,NLD,1951,95223671875,0.024179091497567917,25.27949440198357
6627,Netherlands,NLD,1952,97526093750,0.08042655250918429,25.3033858073493
6628,Netherlands,NLD,1953,105369781250,0.05893389440817498,25.38074172653785
6629,Netherlands,NLD,1954,111579632812,0.08431282226793857,25.438004368553575
6630,Netherlands,NLD,1955,120987226562,0.03937812391755724,25.518950811367407
6631,Netherlands,NLD,1956,125751476562,0.03631132810395821,25.55757338790106
6632,Netherlands,NLD,1957,130317679687,-0.003028176997532661,25.593240996347195
6633,Netherlands,NLD,1958,129923054687,0.05675360374464633,25.590208225144643
6634,Netherlands,NLD,1959,137296656250,0.09446378997303517,25.645409795818537
6635,Netherlands,NLD,1960,150266218750,0.02310805052449627,25.73567434962759
6636,Netherlands,NLD,1961,153738578125,0.04416324017566753,25.758519452255616
6637,Netherlands,NLD,1962,160528171875,0.006749886093786239,25.801735289814584
6638,Netherlands,NLD,1963,161611718750,0.11342105644798739,25.808462497421502
6639,Netherlands,NLD,1964,179941890625,0.042791331680774425,25.915899805854732
6640,Netherlands,NLD,1965,187641843750,0.017739746548402824,25.957800896354982
6641,Netherlands,NLD,1966,190970562500,0.05437552711821758,25.975385130078216
6642,Netherlands,NLD,1967,201354687500,0.06389122118152835,26.028333804330476
6643,Netherlands,NLD,1968,214219484375,0.0913783884183621,26.090266954291856
6644,Netherlands,NLD,1969,233794515625,0.06166760086932643,26.17770842816006
6645,Netherlands,NLD,1970,248212062500,0.054714743668027754,26.2375493084554
6646,Netherlands,NLD,1971,261792921875,0.039932862012180825,26.290819653673985
6647,Netherlands,NLD,1972,272247062500,0.07706660287656919,26.329975808985935
6648,Netherlands,NLD,1973,293228218750,0.06329572859365196,26.404217046359125
6649,Netherlands,NLD,1974,311788312500,0.014154836224016476,26.465590308903465
6650,Netherlands,NLD,1975,316201625000,0.05157182146043682,26.479645900861012
6651,Netherlands,NLD,1976,332508718750,0.01812743819969387,26.529931918503046
6652,Netherlands,NLD,1977,338536250000,0.026133464289274766,26.547897013668404
6653,Netherlands,NLD,1978,347383375000,0.022814131505285662,26.57369483411032
6654,Netherlands,NLD,1979,355308625000,0.042250240899724956,26.596252614939097
6655,Netherlands,NLD,1980,370320500000,-0.028443436158678725,26.63763468385214
6656,Netherlands,NLD,1981,359787312500,-0.0275146062856233,26.608778895195186
6657,Netherlands,NLD,1982,349887906250,0.0025744852391564876,26.580878672276025
6658,Netherlands,NLD,1983,350788687500,0.01935941135501973,26.58344984920497
6659,Netherlands,NLD,1984,357579750000,-0.022774639783153305,26.602624251125594
6660,Netherlands,NLD,1985,349436000000,0.045447163429068516,26.579586263110933
6661,Netherlands,NLD,1986,365316875000,0.010615954984285914,26.62403096458899
6662,Netherlands,NLD,1987,369195062500,0.038999962926102194,26.634590965975388
6663,Netherlands,NLD,1988,383593656250,0.04278656850180895,26.672849642410192
6664,Netherlands,NLD,1989,400006312500,0.06376165001146084,26.71474616517987
6665,Netherlands,NLD,1990,425511375000,0.03125900570813167,26.77655751785751
6666,Netherlands,NLD,1991,438812437500,0.01491468664217166,26.807337909294016
6667,Netherlands,NLD,1992,445357187500,0.032074255004585606,26.82214246568586
6668,Netherlands,NLD,1993,459641687500,0.02914471285853515,26.853713082680596
6669,Netherlands,NLD,1994,473037812500,0.051456113775259826,26.88244116410363
6670,Netherlands,NLD,1995,497378500000,0.0421562125222541,26.9326171426127
6671,Netherlands,NLD,1996,518346093750,0.07122214133594973,26.973908990755817
6672,Netherlands,NLD,1997,555263812500,0.03371584295347896,27.04270917559344
6673,Netherlands,NLD,1998,573985000000,0.07830942881782632,27.07586910052034
6674,Netherlands,NLD,1999,618933437500,0.09659701896457973,27.151263571538816
6675,Netherlands,NLD,2000,678720562500,0.013367983086559176,27.2434753370883
6676,Netherlands,NLD,2001,687793687500,0.0039912041210758975,27.256754757089144
6677,Netherlands,NLD,2002,690538812500,0.0015238100754835227,27.260738017484723
6678,Netherlands,NLD,2003,691591062500,0.01957786289350727,27.262260667739714
6679,Netherlands,NLD,2004,705130937500,0.13602916834151824,27.28164934946392
6680,Netherlands,NLD,2005,801049312500,0.026215926625615893,27.409188345790216
6681,Netherlands,NLD,2006,822049562500,0.0694153705604581,27.435066525197087
6682,Netherlands,NLD,2007,879112437500,0.041205195666452976,27.50217864169573
6683,Netherlands,NLD,2008,915336437500,-0.08381453731868949,27.5425575258969
6684,Netherlands,NLD,2009,838617937500,0.005680179002848895,27.455021061270674
6685,Netherlands,NLD,2010,843381437500,0.023848787874229282,27.460685168886954
6686,Netherlands,NLD,2011,863495062500,0.02396828991711808,27.48425401650869
6687,Netherlands,NLD,2012,884191562500,0.04685360532378979,27.50793957576871
6688,Netherlands,NLD,2013,925619125000,-0.04678773788300883,27.553728674885537
6689,Netherlands,NLD,2014,882311500000,-0.008147632667147575,27.505811005204908
6690,Netherlands,NLD,2015,875122750000,-0.001916231180140171,27.49762999917919
6691,Netherlands,NLD,2016,873445812500,0.05687881467747036,27.495711929679278
6692,Netherlands,NLD,2017,923126375000,0.014963078592570733,27.551031979736702
6693,Netherlands,NLD,2018,936939187500,0.014023055258322259,27.565884215797972
6695,New Zealand,NZL,1950,22752658203,-0.08056150035947518,23.847947819605544
6696,New Zealand,NZL,1951,20919669921,0.0479462408244371,23.763955697863782
6697,New Zealand,NZL,1952,21922689453,0.03601220446481146,23.810787985523653
6698,New Zealand,NZL,1953,22712173828,0.09917476970976269,23.846166909662994
6699,New Zealand,NZL,1954,24964648437,0.03721809747670757,23.940726598564698
6700,New Zealand,NZL,1955,25893785156,0.02344267272408973,23.97726882149121
6701,New Zealand,NZL,1956,26500804687,0.04419478124656839,24.000440935024734
6702,New Zealand,NZL,1957,27672001953,0.03576875173979577,24.043686979158032
6703,New Zealand,NZL,1958,28661794921,0.04781394876968803,24.07883088547331
6704,New Zealand,NZL,1959,30032228515,0.1300420037110923,24.12553692581196
6705,New Zealand,NZL,1960,33937679687,0.06093591126656106,24.247791729271118
6706,New Zealand,NZL,1961,36005703125,0.028590305775343827,24.306943182994264
6707,New Zealand,NZL,1962,37035117187,0.05777550656032715,24.33513241262969
6708,New Zealand,NZL,1963,39174839843,0.04378816962302179,24.391300536935084
6709,New Zealand,NZL,1964,40890234375,0.06300757553434777,24.43415710314806
6710,New Zealand,NZL,1965,43466628906,0.06480393499324655,24.49525932904348
6711,New Zealand,NZL,1966,46283437500,-0.04535808570830546,24.558050012658754
6712,New Zealand,NZL,1967,44184109375,-0.0009268745161845615,24.511631044985833
6713,New Zealand,NZL,1968,44143156250,0.10426871096241563,24.510703740655856
6714,New Zealand,NZL,1969,48745906250,-0.02230780278087452,24.60988705650525
6715,New Zealand,NZL,1970,47658492187,0.05095547145032042,24.587326671251255
6716,New Zealand,NZL,1971,50086953125,0.057079953134002936,24.637026394456257
6717,New Zealand,NZL,1972,52945914062,0.07779784706666004,24.692536740048485
6718,New Zealand,NZL,1973,57064992187,0.038383660402900865,24.76745666903792
6719,New Zealand,NZL,1974,59255355468,-0.01844427168427365,24.805122000522505
6720,New Zealand,NZL,1975,58162433593,0.028023215971419768,24.786505512367118
6721,New Zealand,NZL,1976,59792332031,-0.03898342942689559,24.81414326277487
6722,New Zealand,NZL,1977,57461421875,-0.0062720069611921225,24.774379635666502
6723,New Zealand,NZL,1978,57101023437,-0.00399743819393783,24.768087877037942
6724,New Zealand,NZL,1979,56872765625,0.009243563685056966,24.764082427731537
6725,New Zealand,NZL,1980,57398472656,0.03289497100934846,24.773283531137423
6726,New Zealand,NZL,1981,59286593750,0.009019416265587,24.805649042349117
6727,New Zealand,NZL,1982,59821324218,0.05820105302771594,24.81462802661333
6728,New Zealand,NZL,1983,63302988281,0.0464924857565272,24.871198373212916
6729,New Zealand,NZL,1984,66246101562,-0.01407158275008169,24.916642455734177
6730,New Zealand,NZL,1985,65313914062,0.0722748706120866,24.902470929581217
6731,New Zealand,NZL,1986,70034468750,0.04541747968924237,24.972253368515684
6732,New Zealand,NZL,1987,73215257812,0.04894514281711171,25.016669676247712
6733,New Zealand,NZL,1988,76798789062,0.00900364131316933,25.064454709553857
6734,New Zealand,NZL,1989,77490257812,0.010222252736876714,25.07341805975248
6735,New Zealand,NZL,1990,78282382812,-0.02107304833785828,25.083588418612443
6736,New Zealand,NZL,1991,76632734375,0.027743121361118783,25.062290164118675
6737,New Zealand,NZL,1992,78758765625,0.07562878417065089,25.08965541798152
6738,New Zealand,NZL,1993,84715195312,0.06512224553908963,25.162560824072326
6739,New Zealand,NZL,1994,90232039062,0.05367948486315233,25.22565040119022
6740,New Zealand,NZL,1995,95075648437,0.0507314775580634,25.277938711005685
6741,New Zealand,NZL,1996,99898976562,0.03598682387670715,25.32742527792382
6742,New Zealand,NZL,1997,103494023437,0.018009720523954886,25.362779703414503
6743,New Zealand,NZL,1998,105357921875,0.0666835535474537,25.380629170145532
6744,New Zealand,NZL,1999,112383562500,0.016031592698442898,25.445183522608527
6745,New Zealand,NZL,2000,114185250000,0.030909818142010437,25.461087966457004
6746,New Zealand,NZL,2001,117714695312,0.028867930881468995,25.49152969738675
6747,New Zealand,NZL,2002,121112875000,0.032264968732680144,25.51998879894751
6748,New Zealand,NZL,2003,125020578125,0.009796824693734774,25.551744185699505
6749,New Zealand,NZL,2004,126245382812,0.04244146553049788,25.56149333264698
6750,New Zealand,NZL,2005,131603421875,0.014377594427576579,25.603058857589247
6751,New Zealand,NZL,2006,133495562500,0.07085511737515615,25.61733407453389
6752,New Zealand,NZL,2007,142954406250,0.010280266369893765,25.685791578954277
6753,New Zealand,NZL,2008,144424015625,0.011716801341362881,25.696019362769153
6754,New Zealand,NZL,2009,146116203125,0.043887265668367315,25.707668053899972
6755,New Zealand,NZL,2010,152528843750,0.051371226302894035,25.75061955445355
6756,New Zealand,NZL,2011,160364437500,0.004131604926435051,25.8007147964506
6757,New Zealand,NZL,2012,161027000000,0.029552497407267175,25.804837889733843
6758,New Zealand,NZL,2013,165785750000,0.025036643680171444,25.833962129029953
6759,New Zealand,NZL,2014,169936468750,0.006369751784076616,25.858690490913187
6760,New Zealand,NZL,2015,171018921875,0.05540496204230316,25.86504004156711
6761,New Zealand,NZL,2016,180494218750,0.03497186111397266,25.91896458512053
6762,New Zealand,NZL,2017,186806437500,0.018880171086181008,25.953338824138786
6763,New Zealand,NZL,2018,190333375000,0.04345656338516557,25.972042976848474
6765,Nicaragua,NIC,1950,4680009277,0.14303430086982716,22.26656592913896
6766,Nicaragua,NIC,1951,5349411132,0.15569443335880062,22.400252323011266
6767,Nicaragua,NIC,1952,6182284667,0.056114848747064405,22.544953727315356
6768,Nicaragua,NIC,1953,6529202636,0.0859543515935075,22.599550664968877
6769,Nicaragua,NIC,1954,7090416015,0.07543351192207859,22.682009852073715
6770,Nicaragua,NIC,1955,7625270996,-0.002732869167657359,22.754733699267355
6771,Nicaragua,NIC,1956,7604432128,0.08406326826775512,22.751997088995235
6772,Nicaragua,NIC,1957,8243685546,0.007252828685224477,22.832713355870144
6773,Nicaragua,NIC,1958,8303475585,0.018596081655125385,22.83994000928039
6774,Nicaragua,NIC,1959,8457887695,0.003921196425864748,22.85836529794686
6775,Nicaragua,NIC,1960,8491052734,0.07392121620993808,22.862278826520257
6776,Nicaragua,NIC,1961,9118721679,0.13138920181752822,22.933595464432056
6777,Nicaragua,NIC,1962,10316823242,0.09147793810772353,23.05704172422427
6778,Nicaragua,NIC,1963,11260584960,0.1267539162548088,23.144574408575018
6779,Nicaragua,NIC,1964,12687908203,0.12647537965482547,23.263915266866324
6780,Nicaragua,NIC,1965,14292616210,0.015382246103143649,23.3830088919072
6781,Nicaragua,NIC,1966,14512468750,0.07269193623586623,23.398274030651997
6782,Nicaragua,NIC,1967,15567408203,0.0162407990272444,23.46844534798561
6783,Nicaragua,NIC,1968,15820235351,0.05203414264933581,23.48455567597678
6784,Nicaragua,NIC,1969,16643427734,0.02090457768439391,23.535281244755506
6785,Nicaragua,NIC,1970,16991351562,0.039676089835471995,23.55597031990772
6786,Nicaragua,NIC,1971,17665501953,-0.022256368545091387,23.59487953246845
6787,Nicaragua,NIC,1972,17272332031,0.1415021585164895,23.572371753630932
6788,Nicaragua,NIC,1973,19716404296,0.1606205334124986,23.704716831564284
6789,Nicaragua,NIC,1974,22883263671,-0.08522783476343054,23.853671636248755
6790,Nicaragua,NIC,1975,20932972656,0.08037176322961326,23.764591391795104
6791,Nicaragua,NIC,1976,22615392578,0.16411457869674662,23.84189659891193
6792,Nicaragua,NIC,1977,26326908203,-0.17011958344921185,23.993857378683224
6793,Nicaragua,NIC,1978,21848185546,-0.3782571510847055,23.807383713666887
6794,Nicaragua,NIC,1979,13583953125,0.3658618049743896,23.332155015758566
6795,Nicaragua,NIC,1980,18553802734,0.06050751681986699,23.64394060412787
6796,Nicaragua,NIC,1981,19676447265,-0.041603416052455766,23.702688187121453
6797,Nicaragua,NIC,1982,18857839843,0.07191150812023572,23.660194571165626
6798,Nicaragua,NIC,1983,20213935546,0.005201972854850911,23.72963808201163
6799,Nicaragua,NIC,1984,20319087890,0.02293410031605503,23.734826571346076
6800,Nicaragua,NIC,1985,20785087890,-0.04123214087597493,23.75750163817226
6801,Nicaragua,NIC,1986,19928074218,0.045753409688550795,23.71539533920686
6802,Nicaragua,NIC,1987,20839851562,-0.24982361767361616,23.760132931061488
6803,Nicaragua,NIC,1988,15633564453,-0.08304460616790854,23.472686007395243
6804,Nicaragua,NIC,1989,14335281250,0.02994523996520826,23.385989555900927
6805,Nicaragua,NIC,1990,14764554687,0.022526897427719295,23.415495191646837
6806,Nicaragua,NIC,1991,15097154296,-0.00650920730312976,23.437772105788454
6807,Nicaragua,NIC,1992,14998883789,-0.030022741980989975,23.43124162121309
6808,Nicaragua,NIC,1993,14548576171,0.06129224148940948,23.40075896811231
6809,Nicaragua,NIC,1994,15440291015,0.06099814447053031,23.46024622948718
6810,Nicaragua,NIC,1995,16382120117,0.049597530063086426,23.519456340267855
6811,Nicaragua,NIC,1996,17194632812,0.043671876172658886,23.56786312625544
6812,Nicaragua,NIC,1997,17945554687,0.05087643569253353,23.610608271461132
6813,Nicaragua,NIC,1998,18858560546,0.060049403571270865,23.660232788121256
6814,Nicaragua,NIC,1999,19991005859,0.022761896335253384,23.718548302301862
6815,Nicaragua,NIC,2000,20446039062,0.019131914685960538,23.741055011775348
6816,Nicaragua,NIC,2001,20837210937,-0.004699844009646514,23.760006212677553
6817,Nicaragua,NIC,2002,20739279296,0.021505369286676235,23.755295289674393
6818,Nicaragua,NIC,2003,21185285156,0.03641890662875902,23.776572681212844
6819,Nicaragua,NIC,2004,21956830078,0.06679433195912354,23.812344093350454
6820,Nicaragua,NIC,2005,23423421875,0.012587310751324576,23.877002293537878
6821,Nicaragua,NIC,2006,23718259765,0.04899895411867283,23.889511042659414
6822,Nicaragua,NIC,2007,24880429687,0.04044359035028111,23.937347375046073
6823,Nicaragua,NIC,2008,25886683593,-0.030719447168390368,23.976994526444603
6824,Nicaragua,NIC,2009,25091458984,0.036738176667518996,23.945793345654025
6825,Nicaragua,NIC,2010,26013273437,0.06114096201125485,23.981872761506214
6826,Nicaragua,NIC,2011,27603750000,0.03903341937236782,24.0412174700053
6827,Nicaragua,NIC,2012,28681218750,0.023063260552691922,24.079508346544827
6828,Nicaragua,NIC,2013,29342701171,0.06337673280870004,24.102309669874835
6829,Nicaragua,NIC,2014,31202345703,0.05722557790994287,24.163759111724225
6830,Nicaragua,NIC,2015,32987917968,0.05804078129020773,24.219407209191985
6831,Nicaragua,NIC,2016,34902562500,0.034421048941607024,24.275826087528145
6832,Nicaragua,NIC,2017,36103945312,-0.06293546952733653,24.309667984734755
6833,Nicaragua,NIC,2018,33831726562,-0.027941828811710367,24.244664854854097
6835,Niger,NER,1960,7322529296,0.06703472941626054,22.71422163747755
6836,Niger,NER,1961,7813393066,0.10509579872197361,22.779105157923762
6837,Niger,NER,1962,8634547851,0.08662998397922705,22.87903718481162
6838,Niger,NER,1963,9382558593,-0.011047447129968635,22.96211833387801
6839,Niger,NER,1964,9278905273,0.0396681652814197,22.951009410514402
6840,Niger,NER,1965,9646982421,-0.012489231631409026,22.98991100090864
6841,Niger,NER,1966,9526499023,0.017801598844503497,22.97734312331938
6842,Niger,NER,1967,9696085937,0.017023420385553045,22.99498812937353
6843,Niger,NER,1968,9861146484,-0.0771695735617266,23.011868275069144
6844,Niger,NER,1969,9100166015,0.05296649590848146,22.9315584937094
6845,Niger,NER,1970,9582169921,0.031562731249127784,22.983169908604314
6846,Niger,NER,1971,9884609375,-0.03244805301170539,23.01424477584331
6847,Niger,NER,1972,9563873046,-0.1424494195445012,22.981258612301314
6848,Niger,NER,1973,8201504882,0.1079169088763825,22.827583496573602
6849,Niger,NER,1974,9086585937,-0.08774663977516295,22.93006509009783
6850,Niger,NER,1975,8289268554,0.08239733910785296,22.838227569872807
6851,Niger,NER,1976,8972282226,0.12073838079466581,22.91740590941815
6852,Niger,NER,1977,10055581054,0.05898834754696214,23.031393646069763
6853,Niger,NER,1978,10648743164,0.11995244446483477,23.08870770936784
6854,Niger,NER,1979,11926085937,-0.018302758688229614,23.20199393347412
6855,Niger,NER,1980,11707805664,-0.04667183763394589,23.18352160707321
6856,Niger,NER,1981,11161380859,0.012550337881091833,23.1357255191306
6857,Niger,NER,1982,11301459960,-0.020908785664538132,23.148197754319106
6858,Niger,NER,1983,11065160156,-0.22194804145408698,23.12706728445222
6859,Niger,NER,1984,8609269531,0.08090661727942128,22.876105312181856
6860,Niger,NER,1985,9305816406,0.005200145681876878,22.953905461612038
6861,Niger,NER,1986,9354208007,0.004922792818541133,22.95909213322758
6862,Niger,NER,1987,9400256835,-0.0003922765159214414,22.964002848721446
6863,Niger,NER,1988,9396569335,-0.013827353618947158,22.963610495244964
6864,Niger,NER,1989,9266639648,0.04821963526945172,22.949686653287188
6865,Niger,NER,1990,9713473632,0.0047006026607805396,22.996779792866924
6866,Niger,NER,1991,9759132812,-0.008849883351705334,23.0014693821944
6867,Niger,NER,1992,9672765625,0.002765092636057842,22.992580106038325
6868,Niger,NER,1993,9699511718,0.017520312562191664,22.995341382838216
6869,Niger,NER,1994,9869450195,0.08047847694721555,23.01270998417965
6870,Niger,NER,1995,10663728515,-0.0038655972854162446,23.090113961415486
6871,Niger,NER,1996,10622506835,0.012714012812400366,23.086240873398552
6872,Niger,NER,1997,10757561523,0.10965651616101857,23.098874741740385
6873,Niger,NER,1998,11937198242,0.013469172224542136,23.202925264276693
6874,Niger,NER,1999,12097982421,-0.028798787589178976,23.216304533579986
6875,Niger,NER,2000,11749575195,0.08944954371178016,23.187082923266
6876,Niger,NER,2001,12800569335,0.05339476558524492,23.272755486179683
6877,Niger,NER,2002,13484052734,0.0388794778796806,23.32477354516789
6878,Niger,NER,2003,14008305664,-0.03460795621028501,23.362916252365796
6879,Niger,NER,2004,13523506835,0.04400692344531221,23.327695255214703
6880,Niger,NER,2005,14118634765,0.05758603055697087,23.370761376305758
6881,Niger,NER,2006,14931670898,0.02280819442957438,23.426750357707643
6882,Niger,NER,2007,15272235351,0.08040984556459119,23.44930233387186
6883,Niger,NER,2008,16500273437,0.036998203171049626,23.52664278965503
6884,Niger,NER,2009,17110753906,0.14557274265551579,23.562972986182544
6885,Niger,NER,2010,19601613281,-0.0118365576176781,23.69887771005068
6886,Niger,NER,2011,19369597656,0.11024939009708867,23.686970542647263
6887,Niger,NER,2012,21505083984,0.006935496606800928,23.791555208498828
6888,Niger,NER,2013,21654232421,0.061157573598207504,23.7984667651755
6889,Niger,NER,2014,22978552734,0.03742603391759802,23.857827128010367
6890,Niger,NER,2015,23838548828,0.0009860440402476023,23.8945698059821
6891,Niger,NER,2016,23862054687,0.021496194092600618,23.89555536420026
6892,Niger,NER,2017,24374998046,0.09460144992210195,23.916823773666216
6893,Niger,NER,2018,26680908203,0.05792633936000047,24.00721409800667
6895,Nigeria,NGA,1950,57640269531,0.004387530437621967,24.77748728417714
6896,Nigeria,NGA,1951,57893167968,0.007523286257900885,24.78186521746471
6897,Nigeria,NGA,1952,58328714843,0.04824736906298788,24.78936034494738
6898,Nigeria,NGA,1953,61142921875,0.11269471859861135,24.836479942175604
6899,Nigeria,NGA,1954,68033406250,-0.023673342461814517,24.943264689872066
6900,Nigeria,NGA,1955,66422828125,-0.039192509826605604,24.919306631407384
6901,Nigeria,NGA,1956,63819550781,-0.012001244973163017,24.87932541892811
6902,Nigeria,NGA,1957,63053636718,0.06029223261145766,24.867251577598754
6903,Nigeria,NGA,1958,66855281250,0.10859229987907648,24.925796138869796
6904,Nigeria,NGA,1959,74115250000,0.13015666478896049,25.028887151042888
6905,Nigeria,NGA,1960,83761843750,0.048971339494899846,25.151243415563464
6906,Nigeria,NGA,1961,87863773437,0.053747353753092364,25.19905342286453
6907,Nigeria,NGA,1962,92586218750,0.0566198600696175,25.251406141928964
6908,Nigeria,NGA,1963,97828437500,0.000286614635953919,25.306481143704843
6909,Nigeria,NGA,1964,97856476562,0.12995738577346638,25.306767717274667
6910,Nigeria,NGA,1965,110573648437,0.005641319236702191,25.428947637582915
6911,Nigeria,NGA,1966,111197429687,-0.13527115446229176,25.434573104170212
6912,Nigeria,NGA,1967,96155625000,0.0022578144752321005,25.2892338096101
6913,Nigeria,NGA,1968,96372726562,0.23983250577776682,25.291489079052315
6914,Nigeria,NGA,1969,119486039062,0.3588398435465079,25.506465373560008
6915,Nigeria,NGA,1970,162362390625,0.10702159030248026,25.813096653032655
6916,Nigeria,NGA,1971,179738671875,0.06992556467614652,25.914769810003907
6917,Nigeria,NGA,1972,192307000000,0.19257765577956087,25.982358890334687
6918,Nigeria,NGA,1973,229341031250,0.09442644980257975,26.158475952145395
6919,Nigeria,NGA,1974,250996890625,0.020117405587880555,26.248706388053257
6920,Nigeria,NGA,1975,256046296875,0.05458101052647768,26.268624112243064
6921,Nigeria,NGA,1976,270021562500,0.1151068953983998,26.32176765386717
6922,Nigeria,NGA,1977,301102906250,0.039879326970129414,26.430717924496452
6923,Nigeria,NGA,1978,313110687500,0.04306484268442601,26.469822599158036
6924,Nigeria,NGA,1979,326594750000,0.08077364991323344,26.51198594264445
6925,Nigeria,NGA,1980,352975000000,-0.057151976060627496,26.589663069842
6926,Nigeria,NGA,1981,332801781250,-0.1283469505168101,26.530812898192842
6927,Nigeria,NGA,1982,290087687500,-0.7089633780992515,26.393449084911783
6928,Nigeria,NGA,1999,84426140625,0.36364422082689507,25.159142913639066
6929,Nigeria,NGA,2000,115127218750,0.08753923308861311,25.469303603866027
6930,Nigeria,NGA,2001,125205367187,0.2958458812127185,25.553221163599314
6931,Nigeria,NGA,2002,162246859375,0.3364420863693529,25.812384835640646
6932,Nigeria,NGA,2003,216833531250,0.3501340962457806,26.10239575898986
6933,Nigeria,NGA,2004,292754343750,0.6394798369238544,26.402599677059676
6934,Nigeria,NGA,2005,479964843750,0.17458069031748735,26.896978695978508
6935,Nigeria,NGA,2006,563757437500,0.1100532043978577,27.05788992058093
6936,Nigeria,NGA,2007,625800750000,0.0360618974969269,27.162297866646437
6937,Nigeria,NGA,2008,648368312500,0.06435067336823308,27.197724755317626
6938,Nigeria,NGA,2009,690091250000,0.15663544495021497,27.260089672170746
6939,Nigeria,NGA,2010,798184000000,0.06763493755825722,27.40560498425866
6940,Nigeria,NGA,2011,852169125000,0.04081650165394102,27.47105084759764
6941,Nigeria,NGA,2012,886951687500,0.07324172885121216,27.51105635046707
6942,Nigeria,NGA,2013,951913562500,0.06186400721651664,27.581740071922322
6943,Nigeria,NGA,2014,1010802750000,-0.000719601326767294,27.641765933074083
6944,Nigeria,NGA,2015,1010075375000,-0.019099997859070683,27.641046072710004
6945,Nigeria,NGA,2016,990782937500,-0.02500800030178152,27.621761313480754
6946,Nigeria,NGA,2017,966005437500,0.0498294296609485,27.596435300025075
6947,Nigeria,NGA,2018,1014140937500,-0.012427883082078983,27.645063003056457
6949,North Macedonia,MKD,1990,13045394531,-0.018471631994523396,23.291700998925986
6950,North Macedonia,MKD,1991,12804424804,-0.06404730236252476,23.273056635948215
6951,North Macedonia,MKD,1992,11984335937,0.004704464502362171,23.20686629545455
6952,North Macedonia,MKD,1993,12040715820,0.009680776271323133,23.21155972854817
6953,North Macedonia,MKD,1994,12157279296,0.021915239546043797,23.22119394634517
6954,North Macedonia,MKD,1995,12423708984,0.010887543500431418,23.242872498822386
6955,North Macedonia,MKD,1996,12558972656,0.03689282154608753,23.253701199736618
6956,North Macedonia,MKD,1997,13022308593,0.05068690718593549,23.289929769299366
6957,North Macedonia,MKD,1998,13682369140,0.08792836589117203,23.339373916894953
6958,North Macedonia,MKD,1999,14885437500,0.09548847287827456,23.42364922298759
6959,North Macedonia,MKD,2000,16306825195,0.04058553894371353,23.51484958073849
6960,North Macedonia,MKD,2001,16968646484,0.0011001448475929099,23.55463315367159
6961,North Macedonia,MKD,2002,16987314453,0.004906464540384237,23.555732693803314
6962,North Macedonia,MKD,2003,17070662109,0.045580302160030284,23.56062716087399
6963,North Macedonia,MKD,2004,17848748046,0.09576903755908384,23.60519920523332
6964,North Macedonia,MKD,2005,19558105468,0.0627790787818856,23.696655639397882
6965,North Macedonia,MKD,2006,20785945312,0.050633766576514416,23.757542889107544
6966,North Macedonia,MKD,2007,21838416015,0.11688243974502388,23.806936458407208
6967,North Macedonia,MKD,2008,24390943359,0.040362942076889174,23.91747772653204
6968,North Macedonia,MKD,2009,25375433593,0.033839862040303315,23.95704736157124
6969,North Macedonia,MKD,2010,26234134765,0.006621338174710667,23.99032725336208
6970,North Macedonia,MKD,2011,26407839843,0.038874286730882224,23.996926766763675
6971,North Macedonia,MKD,2012,27434425781,-0.00013989325056906754,24.03506447707611
6972,North Macedonia,MKD,2013,27430587890,0.05028544705390203,24.034924574039568
6973,North Macedonia,MKD,2014,28809947265,0.042857783030378016,24.083986555600355
6974,North Macedonia,MKD,2015,30044677734,0.049370680062958305,24.125951368563943
6975,North Macedonia,MKD,2016,31528003906,0.006094160593637765,24.17414200072898
6976,North Macedonia,MKD,2017,31720140625,0.0008852444360814005,24.180217667026056
6977,North Macedonia,MKD,2018,31748220703,0.03552752003180504,24.18110251986437
6979,Norway,NOR,1950,32074158203,0.0525788959861857,24.191316502458353
6980,Norway,NOR,1951,33760582031,0.04929229944767943,24.242559746780294
6981,Norway,NOR,1952,35424718750,0.04917955417782949,24.29067568318324
6982,Norway,NOR,1953,37166890625,0.02587820729219259,24.33868416494507
6983,Norway,NOR,1954,38128703125,0.032178636734054855,24.364233198304603
6984,Norway,NOR,1955,39355632812,0.03820271916810758,24.39590494799483
6985,Norway,NOR,1956,40859125000,0.04735019411208641,24.4333960115202
6986,Norway,NOR,1957,42793812500,-0.007449967211965558,24.479659361326227
6987,Norway,NOR,1958,42475000000,0.02587514714537953,24.472181504504405
6988,Norway,NOR,1959,43574046875,0.02279390433597417,24.49772755490616
6989,Norway,NOR,1960,44567269531,0.056283334325770484,24.520265559542274
6990,Norway,NOR,1961,47075664062,0.018631076809556557,24.575022017858533
6991,Norway,NOR,1962,47952734375,0.03427243623164089,24.59348166219741
6992,Norway,NOR,1963,49596191406,0.0614597973874107,24.62717988155973
6993,Norway,NOR,1964,52644363281,0.05547750875836077,24.686825009605112
6994,Norway,NOR,1965,55564941406,0.035551728068351496,24.74081828907073
6995,Norway,NOR,1966,57540371093,0.06279755349787064,24.775752644353847
6996,Norway,NOR,1967,61153765625,0.03748632097420401,24.83665727731444
6997,Norway,NOR,1968,63446195312,0.039756127023788945,24.873458065747062
6998,Norway,NOR,1969,65968570312,-0.1897040932191243,24.912444258156146
6999,Norway,NOR,1970,53454062500,0.07911334497728784,24.702088477141906
7000,Norway,NOR,1971,57682992187,0.10623277306999723,24.77822820421908
7001,Norway,NOR,1972,63810816406,0.03078405166455922,24.879188549071728
7002,Norway,NOR,1973,65775171875,0.08484620074586458,24.90950827694423
7003,Norway,NOR,1974,71355945312,0.11852934469607046,24.990946503424464
7004,Norway,NOR,1975,79813718750,0.12353570168662253,25.102961240787028
7005,Norway,NOR,1976,89673562500,0.032176603053993835,25.219441830127547
7006,Norway,NOR,1977,92558953125,0.0827232913887821,25.251111609536668
7007,Norway,NOR,1978,100215734375,0.06342418784475434,25.330591042959924
7008,Norway,NOR,1979,106571835937,0.06452990372677236,25.3920851105527
7009,Norway,NOR,1980,113448906250,0.008372849561958606,25.454618407314857
7010,Norway,NOR,1981,114398796875,-0.010528820301459185,25.462956399009883
7011,Norway,NOR,1982,113194312500,0.04705383551845865,25.452371758520414
7012,Norway,NOR,1983,118520539062,0.06073775846762097,25.498352107920205
7013,Norway,NOR,1984,125719210937,0.008449633449674865,25.55731677250387
7014,Norway,NOR,1985,126781492187,-0.03294614115157335,25.565730907625895
7015,Norway,NOR,1986,122604531250,0.02602734400976714,25.532229819390327
7016,Norway,NOR,1987,125795601562,-0.040693866172077375,25.557924216865416
7017,Norway,NOR,1988,120676492187,0.04109793546463614,25.516379183753166
7018,Norway,NOR,1989,125636046875,0.1076483697266919,25.55665504721705
7019,Norway,NOR,1990,139160562500,0.002844960115765627,25.658894229331786
7020,Norway,NOR,1991,139556468750,0.03158757196627615,25.66173515020769
7021,Norway,NOR,1992,143964718750,0.010004187223822791,25.692834097822328
7022,Norway,NOR,1993,145404968750,0.039282314759274684,25.70278857443306
7023,Norway,NOR,1994,151116812500,0.0781663522713596,25.741318967407953
7024,Norway,NOR,1995,162929062500,0.12530510785944027,25.816580743639932
7025,Norway,NOR,1996,183344906250,0.057060659409511105,25.934634949512517
7026,Norway,NOR,1997,193806687500,-0.045981949797268995,25.99012704303166
7027,Norway,NOR,1998,184895078125,0.11459091875164007,25.943054355866753
7028,Norway,NOR,1999,206082375000,0.23096324042752325,26.051541804446614
7029,Norway,NOR,2000,253679828125,0.012264352167831616,26.25933878964947
7030,Norway,NOR,2001,256791046875,-0.03627961863691831,26.27152854396052
7031,Norway,NOR,2002,247474765625,0.07627109708470914,26.234574456686474
7032,Norway,NOR,2003,266349937500,0.06797870939992245,26.30807683565574
7033,Norway,NOR,2004,284456062500,0.24226061274401567,26.37384464097624
7034,Norway,NOR,2005,353368562500,0.0897043225230314,26.590777435602863
7035,Norway,NOR,2006,385067250000,0.016356152723972173,26.676683831304913
7036,Norway,NOR,2007,391365468750,0.13707799495276762,26.692907663054662
7037,Norway,NOR,2008,445013062500,-0.15541313464253648,26.821369472614418
7038,Norway,NOR,2009,375852187500,0.0857769884603905,26.652461784693966
7039,Norway,NOR,2010,408091656250,0.0996229937009403,26.734757633792633
7040,Norway,NOR,2011,448746968750,0.057503731048879736,26.829725021851434
7041,Norway,NOR,2012,474551593750,-0.020257017628022678,26.885636181962116
7042,Norway,NOR,2013,464938593750,-0.06088767770743919,26.865171177361933
7043,Norway,NOR,2014,436629562500,-0.15709476554281643,26.80235098948918
7044,Norway,NOR,2015,368037343750,-0.04032675013023046,26.63145024754836
7045,Norway,NOR,2016,353195593750,0.04375496969234205,26.5902878303719
7046,Norway,NOR,2017,368649656250,0.08954351900334911,26.63311258892538
7047,Norway,NOR,2018,401659843750,-0.013459071983717541,26.718871407544263
7049,Oman,OMN,1971,5228144531,0.09267673093714635,22.377322277888613
7050,Oman,OMN,1972,5712671875,-0.14033785232938834,22.465952680241465
7051,Oman,OMN,1973,4910967773,0.28033334194718207,22.314736861774698
7052,Oman,OMN,1974,6287675781,0.2885355931490896,22.561857329198173
7053,Oman,OMN,1975,8101894042,0.19051094768686672,22.81536370363596
7054,Oman,OMN,1976,9645393554,0.17563071268330743,22.98974628641151
7055,Oman,OMN,1977,11339420898,0.14771072677048447,23.151551066746276
7056,Oman,OMN,1978,13014375000,0.08191723090813041,23.289320352726232
7057,Oman,OMN,1979,14080476562,0.09067901255883637,23.368055033836473
7058,Oman,OMN,1980,15357280273,0.17078772506426598,23.454855483428084
7059,Oman,OMN,1981,17980115234,0.048848777083427164,23.61253227497936
7060,Oman,OMN,1982,18858421875,0.11144411605226123,23.660225434881887
7061,Oman,OMN,1983,20960082031,0.10544243232117534,23.765885610084343
7062,Oman,OMN,1984,23170164062,0.08032816651706276,23.866131256159758
7063,Oman,OMN,1985,25031380859,-0.2274542572409829,23.943396109026597
7064,Oman,OMN,1986,19337886718,0.097813169948884,23.685332050990816
7065,Oman,OMN,1987,21229386718,-0.18629827133190946,23.77865222472666
7066,Oman,OMN,1988,17274388671,0.22261415505000248,23.572490817898718
7067,Oman,OMN,1989,21119912109,0.17348612532523866,23.773482134270132
7068,Oman,OMN,1990,24783923828,-0.07752757446055525,23.933461047181726
7069,Oman,OMN,1991,22862486328,0.13763719614109338,23.852763252653375
7070,Oman,OMN,1992,26009214843,-0.030010021975348855,23.98171672921547
7071,Oman,OMN,1993,25228677734,-0.02903194165475087,23.951247189744038
7072,Oman,OMN,1994,24496240234,0.15369115558290858,23.921785482884193
7073,Oman,OMN,1995,28261095703,0.10352398232349591,24.064751985673393
7074,Oman,OMN,1996,31186796875,0.04870419171574514,24.163260665113825
7075,Oman,OMN,1997,32705724609,-0.07595424659438399,24.21081596402303
7076,Oman,OMN,1998,30221585937,0.18824435556953878,24.131822272129412
7077,Oman,OMN,1999,35910628906,0.2425781189965328,24.304299158425643
7078,Oman,OMN,2000,44621761718,0.10830731678732586,24.52148750786972
7079,Oman,OMN,2001,49454625000,0.010171966342884975,24.62432141945857
7080,Oman,OMN,2002,49957675781,0.18045587808207575,24.63444199952435
7081,Oman,OMN,2003,58972832031,0.2371170649672949,24.80034270075055
7082,Oman,OMN,2004,72956296875,0.11953207002736876,25.013126425873395
7083,Oman,OMN,2005,81676914062,0.3638159880213325,25.126037229261488
7084,Oman,OMN,2006,111392281250,0.12900663842002058,25.436323873439388
7085,Oman,OMN,2007,125762625000,0.23308929719779625,25.55766203850107
7086,Oman,OMN,2008,155076546875,-0.15581402894195695,25.767184682767933
7087,Oman,OMN,2009,130913445312,0.11421221118553393,25.597802218964894
7088,Oman,OMN,2010,145865359375,0.1600302847778179,25.705949837108708
7089,Oman,OMN,2011,169208234375,0.09755167611062077,25.85439594945327
7090,Oman,OMN,2012,185714781250,0.03890475196087828,25.947477899606398
7091,Oman,OMN,2013,192939968750,-0.09296714538314133,25.985644934721353
7092,Oman,OMN,2014,175002890625,-0.14561911254144466,25.88806832859065
7093,Oman,OMN,2015,149519125000,-0.029494972633099636,25.73069014801667
7094,Oman,OMN,2016,145109062500,-0.0006878447030143064,25.700751451812458
7095,Oman,OMN,2017,145009250000,0.06974037863101845,25.70006337043574
7096,Oman,OMN,2018,155122250000,-0.014661520993925814,25.767479352675046
7098,Pakistan,PAK,1950,48223398437,0.01905163063528703,24.59911018496382
7099,Pakistan,PAK,1951,49142132812,-0.017576646689398068,24.617982605865173
7100,Pakistan,PAK,1952,48278378906,0.0430687423463092,24.60024965568576
7101,Pakistan,PAK,1953,50357667968,0.009265207024608202,24.642416737822387
7102,Pakistan,PAK,1954,50824242187,-0.014462294455774738,24.65163928610864
7103,Pakistan,PAK,1955,50089207031,0.0707863634136916,24.63707139330622
7104,Pakistan,PAK,1956,53634839843,0.0013787534225229159,24.70546469093746
7105,Pakistan,PAK,1957,53708789062,0.002412823790355789,24.706842494752234
7106,Pakistan,PAK,1958,53838378906,0.07800807175737523,24.709252412357074
7107,Pakistan,PAK,1959,58038207031,0.005514551592350925,24.784367372531406
7108,Pakistan,PAK,1960,58358261718,0.04291889102357316,24.78986677465363
7109,Pakistan,PAK,1961,60862933593,0.06557228906657575,24.831890182570334
7110,Pakistan,PAK,1962,64853855468,0.06809860416362068,24.895402198031096
7111,Pakistan,PAK,1963,69270312500,0.07608959465860643,24.961282260303214
7112,Pakistan,PAK,1964,74541062500,0.09607110425881027,25.0346159849877
7113,Pakistan,PAK,1965,81702304687,0.10386621781980487,25.126348047557705
7114,Pakistan,PAK,1966,90188414062,0.019084525910576078,25.225166808558733
7115,Pakistan,PAK,1967,91909617187,0.052188414388026017,25.244071509222344
7116,Pakistan,PAK,1968,96706234375,0.07962742836350878,25.294943708630473
7117,Pakistan,PAK,1969,104406703125,0.09864204420543521,25.37155971651198
7118,Pakistan,PAK,1970,114705593750,0.02080346179281256,25.46563462841918
7119,Pakistan,PAK,1971,117091867187,0.02409546350895697,25.486224653276533
7120,Pakistan,PAK,1972,119913250000,0.052329366229336705,25.510034401631536
7121,Pakistan,PAK,1973,126188234375,0.03949295986018897,25.561040552715262
7122,Pakistan,PAK,1974,131171781250,0.037592879756674025,25.599773608386986
7123,Pakistan,PAK,1975,136102906250,0.05444352423591248,25.636677100159826
7124,Pakistan,PAK,1976,143512828125,0.030542783577382826,25.68969026274993
7125,Pakistan,PAK,1977,147896109375,0.06790355687813365,25.71977590053623
7126,Pakistan,PAK,1978,157938781250,0.04372501133251583,25.78547333444815
7127,Pakistan,PAK,1979,164844656250,0.07319154074792755,25.828269390106172
7128,Pakistan,PAK,1980,176909890625,0.061797703686189864,25.898906347374524
7129,Pakistan,PAK,1981,187842515625,0.050034266570209596,25.95886976587828
7130,Pakistan,PAK,1982,197241078125,0.06386806627581132,26.00769256434398
7131,Pakistan,PAK,1983,209838484375,0.05891406210267536,26.069603949713983
7132,Pakistan,PAK,1984,222200921875,0.06369270660794824,26.12684786299572
7133,Pakistan,PAK,1985,236353500000,0.030899293854332655,26.18859440262266
7134,Pakistan,PAK,1986,243656656250,0.06497853729370462,26.219025924762832
7135,Pakistan,PAK,1987,259489109375,0.07041823708521489,26.281980570945287
7136,Pakistan,PAK,1988,277761875000,0.046618506409491944,26.35003001882764
7137,Pakistan,PAK,1989,290710718750,0.02351542980387622,26.3955945160365
7138,Pakistan,PAK,1990,297546906250,0.0027473609465566984,26.41883771757102
7139,Pakistan,PAK,1991,298364375000,0.06357484451687645,26.421581311419633
7140,Pakistan,PAK,1992,317332843750,0.03212862756189261,26.483217040263856
7141,Pakistan,PAK,1993,327528312500,0.013052402149203557,26.51484033866678
7142,Pakistan,PAK,1994,331803343750,0.06097484136640796,26.527808292258968
7143,Pakistan,PAK,1995,352035000000,0.05968058928799702,26.586996439419675
7144,Pakistan,PAK,1996,373044656250,-0.0017573298236999157,26.644963971274002
7145,Pakistan,PAK,1997,372389093750,0.04297453998677958,26.64320509553486
7146,Pakistan,PAK,1998,388392343750,0.02439841156111866,26.68528186088814
7147,Pakistan,PAK,1999,397868500000,0.030142418286443817,26.70938738562603
7148,Pakistan,PAK,2000,409861218750,0.007938434038534004,26.739084448490146
7149,Pakistan,PAK,2001,413114875000,0.04298940458147382,26.7469915389313
7150,Pakistan,PAK,2002,430874437500,0.032028617385778446,26.789082556299558
7151,Pakistan,PAK,2003,444674750000,0.08377387067738828,26.82060895299944
7152,Pakistan,PAK,2004,481926875000,0.10902042970730785,26.90105822786938
7153,Pakistan,PAK,2005,534466750000,0.10225191744855966,27.004535357805814
7154,Pakistan,PAK,2006,589117000000,0.07565464500260566,27.101890642637038
7155,Pakistan,PAK,2007,633686437500,0.05963369304396693,27.17482009096385
7156,Pakistan,PAK,2008,671475500000,0.05620774696917463,27.232743366763824
7157,Pakistan,PAK,2009,709217625000,0.06366346296032899,27.287428262783514
7158,Pakistan,PAK,2010,754368875000,0.0852467567673707,27.349147309461184
7159,Pakistan,PAK,2011,818676375000,0.03145145418420059,27.430954696188376
7160,Pakistan,PAK,2012,844424937500,0.0043337925462438864,27.46192168528885
7161,Pakistan,PAK,2013,848084500000,0.03334278600776219,27.466246114000374
7162,Pakistan,PAK,2014,876362000000,0.058057486518128254,27.499045084530973
7163,Pakistan,PAK,2015,927241375000,0.0073899986397825135,27.55547975157428
7164,Pakistan,PAK,2016,934093687500,0.055828313260065876,27.562842577960605
7165,Pakistan,PAK,2017,986242562500,0.06675861497307878,27.61716816788668
7166,Pakistan,PAK,2018,1052082750000,0.03461681127268745,27.681792886846374
7168,Palestine,PSE,1970,1564776977,0.14357577233193153,21.171009144074215
7169,Palestine,PSE,1971,1789441040,0.18898846480015896,21.305169139876796
7170,Palestine,PSE,1972,2127624755,-0.0398472657364809,21.478272055940533
7171,Palestine,PSE,1973,2042844726,0.2831475670363799,21.437609146956667
7172,Palestine,PSE,1974,2621271240,-0.02649401440806254,21.686925243151865
7173,Palestine,PSE,1975,2551823242,0.18284070006130926,21.66007393749101
7174,Palestine,PSE,1976,3018400390,-0.025682322085838316,21.827992855821893
7175,Palestine,PSE,1977,2940880859,0.15996723517727518,21.801974985327078
7176,Palestine,PSE,1978,3411325439,-0.022620036809686495,21.95036674450961
7177,Palestine,PSE,1979,3334161132,0.20208543448403438,21.927486950041175
7178,Palestine,PSE,1980,4007946533,-0.12050346281403346,22.111544860570135
7179,Palestine,PSE,1981,3524975097,0.12442075927664353,21.983139208504838
7180,Palestine,PSE,1982,3963555175,-0.05123672587704042,22.100407230921682
7181,Palestine,PSE,1983,3760475585,0.06409101470073764,22.047811271721955
7182,Palestine,PSE,1984,4001488281,-0.006912040235461547,22.10993219911533
7183,Palestine,PSE,1985,3973829833,0.19778393892791524,22.102996160078707
7184,Palestine,PSE,1986,4759789550,-0.03602905552830582,22.28346929202748
7185,Palestine,PSE,1987,4588298828,-0.009439773132405072,22.24677516661212
7186,Palestine,PSE,1988,4544986328,0.02032932055939951,22.237290556430516
7187,Palestine,PSE,1989,4637382812,0.18526316778870222,22.257415994911085
7188,Palestine,PSE,1990,5496519042,-0.04657839626201732,22.42738082736362
7189,Palestine,PSE,1991,5240500000,0.24633553783035977,22.379682750574506
7190,Palestine,PSE,1992,6531421386,0.10995891193598761,22.599890426685867
7191,Palestine,PSE,1993,7249609375,0.16456072517700315,22.70421342505111
7192,Palestine,PSE,1994,8442610351,0.07183935936687647,22.856557381029898
7193,Palestine,PSE,1995,9049122070,-0.0020683550133610007,22.925933581112805
7194,Palestine,PSE,1996,9030405273,0.1519506311751775,22.923863084099093
7195,Palestine,PSE,1997,10402581054,0.14063498178055145,23.065319790571838
7196,Palestine,PSE,1998,11865547851,0.081482044836094,23.196904899472337
7197,Palestine,PSE,1999,12832376953,-0.09318911807063401,23.275237263652194
7198,Palestine,PSE,2000,11636539062,-0.09878232426974176,23.177415903594646
7199,Palestine,PSE,2001,10487054687,-0.10742522592129966,23.073407446527145
7200,Palestine,PSE,2002,9360480468,0.14067933547874367,22.95976245816975
7201,Palestine,PSE,2003,10677306640,0.1875173891231432,23.09138645140799
7202,Palestine,PSE,2004,12679487304,0.09876357418686377,23.26325135169955
7203,Palestine,PSE,2005,13931758789,-0.006977019231537929,23.35743687584924
7204,Palestine,PSE,2006,13834556640,0.026713422743990467,23.35043540341232
7205,Palestine,PSE,2007,14204125000,0.10207195254899548,23.376798252326463
7206,Palestine,PSE,2008,15653967773,0.07270539626145434,23.4739902536199
7207,Palestine,PSE,2009,16792095703,0.051816953011085465,23.544174118769607
7208,Palestine,PSE,2010,17662210937,0.11486907297374893,23.594693218906645
7209,Palestine,PSE,2011,19691052734,0.1916603541710875,23.703430193582136
7210,Palestine,PSE,2012,23465046875,0.03654388207992865,23.878777783846882
7211,Palestine,PSE,2013,24322550781,0.019242527159840872,23.914669772631598
7212,Palestine,PSE,2014,24790578125,0.13824312348504386,23.933729503617105
7213,Palestine,PSE,2015,28217705078,0.07527452045191452,24.063215457527015
7214,Palestine,PSE,2016,30341779296,0.03431530794033755,24.135791454368064
7215,Palestine,PSE,2017,31382966796,0.019441154112866288,24.169531123950538
7216,Palestine,PSE,2018,31993087890,0.15005407969702556,24.188785712976536
7218,Panama,PAN,1950,1921755249,-0.010444057853071564,21.37650479755443
7219,Panama,PAN,1951,1901684326,0.07810240688706194,21.366005817789365
7220,Panama,PAN,1952,2050210449,0.0700764090194137,21.44120828287653
7221,Panama,PAN,1953,2193881835,0.0629145552864292,21.50893833909927
7222,Panama,PAN,1954,2331908935,0.0730318874995004,21.56995305450065
7223,Panama,PAN,1955,2502212646,0.03956234821139182,21.640441235787325
7224,Panama,PAN,1956,2601206054,0.1066882289364377,21.67924104134392
7225,Panama,PAN,1957,2878724121,0.012601458658497044,21.78061301939311
7226,Panama,PAN,1958,2915000244,0.06318375594619674,21.793135740453838
7227,Panama,PAN,1959,3099180908,0.061258310384506354,21.8544036902986
7228,Panama,PAN,1960,3289031494,0.11004676168661831,21.913858979662365
7229,Panama,PAN,1961,3650978759,0.0867650471039072,22.018261121744867
7230,Panama,PAN,1962,3967756103,0.08027176336750763,22.101466558502104
7231,Panama,PAN,1963,4286254882,0.050817304149296305,22.178679200731715
7232,Panama,PAN,1964,4504070800,0.09060759613281388,22.22824744702082
7233,Panama,PAN,1965,4912173828,0.07702065933485924,22.31498241560158
7234,Panama,PAN,1966,5290512695,0.09439010901003053,22.38918099588977
7235,Panama,PAN,1967,5789884765,0.07234085512926436,22.479378225915298
7236,Panama,PAN,1968,6208729980,0.09121087771963299,22.549222199899056
7237,Panama,PAN,1969,6775033691,0.19363581346358805,22.63651017654114
7238,Panama,PAN,1970,8086922851,0.11196196015249948,22.813514131135772
7239,Panama,PAN,1971,8992350585,0.06216677004703319,22.919640117883088
7240,Panama,PAN,1972,9551375976,0.05045350452237285,22.979951062316886
7241,Panama,PAN,1973,10033276367,0.05663896749311981,23.02917304230937
7242,Panama,PAN,1974,10601550781,0.01863929844623735,23.08426612745796
7243,Panama,PAN,1975,10799156250,0.008060254244399934,23.10273384302467
7244,Panama,PAN,1976,10886200195,-0.0071240386554364266,23.11076178692344
7245,Panama,PAN,1977,10808646484,0.07847730048860768,23.103612251137427
7246,Panama,PAN,1978,11656879882,0.04110510118062494,23.17916239046454
7247,Panama,PAN,1979,12136037109,0.10448889069889211,23.219445136749997
7248,Panama,PAN,1980,13404118164,0.07833741333466815,23.318827822360056
7249,Panama,PAN,1981,14454162109,-0.002745478686397962,23.394248245255586
7250,Panama,PAN,1982,14414478515,0.0643433326453573,23.391498990830186
7251,Panama,PAN,1983,15341954101,-0.007363578280594418,23.45385701075697
7252,Panama,PAN,1984,15228982421,-0.030135667197773608,23.446466187504445
7253,Panama,PAN,1985,14770046875,0.11051267181574187,23.415867107147495
7254,Panama,PAN,1986,16402324218,0.07768787533181531,23.520688882344903
7255,Panama,PAN,1987,17676585937,-0.10734085918867331,23.59550677239824
7256,Panama,PAN,1988,15779166015,0.00672248424911448,23.48195630020703
7257,Panama,PAN,1989,15885241210,0.08136575528902523,23.488656289318104
7258,Panama,PAN,1990,17177755859,0.11435153404924181,23.56688111976658
7259,Panama,PAN,1991,19142058593,0.07232570542367256,23.675153771680858
7260,Panama,PAN,1992,20526521484,0.04179948598055416,23.744983617868836
7261,Panama,PAN,1993,21384519531,0.027154847138753713,23.785933110802155
7262,Panama,PAN,1994,21965212890,-0.0065293229671037345,23.812725806564835
7263,Panama,PAN,1995,21821794921,0.060454091965206125,23.80617507432561
7264,Panama,PAN,1996,23141011718,0.10650666034116729,23.864872279363787
7265,Panama,PAN,1997,25605683593,0.0863488559861938,23.96608017914173
7266,Panama,PAN,1998,27816705078,0.032926833441693004,24.048902579259966
7267,Panama,PAN,1999,28732621093,0.05788567031934311,24.081298937694086
7268,Panama,PAN,2000,30395828125,0.01902277140211983,24.137571203211053
7269,Panama,PAN,2001,30974041015,0.05327861176398718,24.156415304014633
7270,Panama,PAN,2002,32624294921,0.11877513639400439,24.208323090738876
7271,Panama,PAN,2003,36499250000,0.021575892819715392,24.320557549378538
7272,Panama,PAN,2004,37286753906,0.23479151076198268,24.34190397736148
7273,Panama,PAN,2005,46041367187,0.0940715677796582,24.552806115993416
7274,Panama,PAN,2006,50372550781,-0.06135425474950795,24.64271223629927
7275,Panama,PAN,2007,47281980468,0.10718514182014705,24.579395097238038
7276,Panama,PAN,2008,52349906250,0.03743261240319806,24.68121598343041
7277,Panama,PAN,2009,54309500000,0.09560647479722695,24.717965002543124
7278,Panama,PAN,2010,59501839843,0.14441524295170027,24.809273070751022
7279,Panama,PAN,2011,68094812500,0.13529779709724576,24.94416687245741
7280,Panama,PAN,2012,77307890625,0.088355611332527,25.07106186527327
7281,Panama,PAN,2013,84138476562,0.09821987098744733,25.155729808954852
7282,Panama,PAN,2014,92402546875,0.06452473661863012,25.249420378796433
7283,Panama,PAN,2015,98364796875,0.09554842647561768,25.311948821659545
7284,Panama,PAN,2016,107763398437,0.1226628939391492,25.403203905642922
7285,Panama,PAN,2017,120981968750,0.032991422013042726,25.518907352843737
7286,Panama,PAN,2018,124973335937,0.015282072361121557,25.551366238990365
7288,Paraguay,PRY,1951,3635048339,-0.03218818681024427,22.013888246055302
7289,Paraguay,PRY,1952,3518042724,-0.051429770242892636,21.981170627588263
7290,Paraguay,PRY,1953,3337110595,0.09551156814447737,21.928371178210213
7291,Paraguay,PRY,1954,3655843261,0.0864079164361089,22.019592617901573
7292,Paraguay,PRY,1955,3971737060,0.02776736383450329,22.102469382549405
7293,Paraguay,PRY,1956,4082021728,-0.009624244949633987,22.129858224200838
7294,Paraguay,PRY,1957,4042735351,0.06566490184284146,22.12018736689217
7295,Paraguay,PRY,1958,4308201171,0.014920443927431526,22.183786292225488
7296,Paraguay,PRY,1959,4372481445,0.023548824230630983,22.198596521280276
7297,Paraguay,PRY,1960,4475448242,0.06420653562772216,22.221872349467027
7298,Paraguay,PRY,1961,4762801269,0.002400295194848745,22.28410183398117
7299,Paraguay,PRY,1962,4774233398,0.05336109062173677,22.286499253068925
7300,Paraguay,PRY,1963,5028991699,0.033839917459764335,22.33848534350851
7301,Paraguay,PRY,1964,5199172363,0.062225480021078416,22.371765288904804
7302,Paraguay,PRY,1965,5522693359,0.003252648270019476,22.432131505592643
7303,Paraguay,PRY,1966,5540656738,0.07924543926150007,22.43537887544507
7304,Paraguay,PRY,1967,5979728515,0.031121422240688368,22.51164100504896
7305,Paraguay,PRY,1968,6165826171,0.053285688549781884,22.54228797447876
7306,Paraguay,PRY,1969,6494376464,0.07981161299675477,22.59420247999701
7307,Paraguay,PRY,1970,7012703125,0.057643787537348556,22.670989073507624
7308,Paraguay,PRY,1971,7416941894,0.06762968837679284,22.727032665505387
7309,Paraguay,PRY,1972,7918547363,0.05319277042758275,22.79247361218776
7310,Paraguay,PRY,1973,8339756835,0.061319374427539985,22.844299896417187
7311,Paraguay,PRY,1974,8851145507,0.04708705937218971,22.903812723409366
7312,Paraguay,PRY,1975,9267919921,0.07436891167329285,22.949824803103727
7313,Paraguay,PRY,1976,9957165039,0.12106781220140017,23.021558233388237
7314,Paraguay,PRY,1977,11162657226,0.10407721893439414,23.135839868245803
7315,Paraguay,PRY,1978,12324435546,0.06835727614912379,23.234849758341642
7316,Paraguay,PRY,1979,13166900390,0.12336724740726934,23.30097197116707
7317,Paraguay,PRY,1980,14791264648,0.11138944905720272,23.41730261697777
7318,Paraguay,PRY,1981,16438855468,-0.0009123534803986422,23.522913605416154
7319,Paraguay,PRY,1982,16423857421,-0.011767965651776291,23.522000835488
7320,Paraguay,PRY,1983,16230582031,0.023996222394004008,23.510163079259357
7321,Paraguay,PRY,1984,16620054687,0.03322663651834712,23.533875916801513
7322,Paraguay,PRY,1985,17172283203,-0.017613776014779314,23.566562479311095
7323,Paraguay,PRY,1986,16869814453,0.05415078361087411,23.54879173480717
7324,Paraguay,PRY,1987,17783328125,0.07276851649499672,23.601527233148794
7325,Paraguay,PRY,1988,19077394531,0.049752826333683275,23.671769938663036
7326,Paraguay,PRY,1989,20026548828,0.10363342879619197,23.720324671628987
7327,Paraguay,PRY,1990,22101968750,0.02885869540467967,23.81893252521281
7328,Paraguay,PRY,1991,22739802734,0.0316059422065873,23.84738265038509
7329,Paraguay,PRY,1992,23458515625,0.05240592600368332,23.8784994055783
7330,Paraguay,PRY,1993,24687880859,0.057303625454117046,23.929578306688754
7331,Paraguay,PRY,1994,26102585937,0.049090113488857945,23.98530022441313
7332,Paraguay,PRY,1995,27383964843,0.020682367883801067,24.033223454321586
7333,Paraguay,PRY,1996,27950330078,0.029606998832953035,24.05369484606634
7334,Paraguay,PRY,1997,28777855468,0.038441558865639935,24.082872020966317
7335,Paraguay,PRY,1998,29884121093,-0.042660615516600386,24.120593109153216
7336,Paraguay,PRY,1999,28609246093,-0.030786730735120837,24.07699579249031
7337,Paraguay,PRY,2000,27728460937,0.056695540425839575,24.045725193302843
7338,Paraguay,PRY,2001,29300541015,0.3028695009575748,24.10087181747473
7339,Paraguay,PRY,2002,38174781250,0.05215474792013386,24.365440957844775
7340,Paraguay,PRY,2003,40165777343,0.049912768770287164,24.416281160125724
7341,Paraguay,PRY,2004,42170562500,0.026823454299429894,24.46498824348241
7342,Paraguay,PRY,2005,43301722656,0.06660198006234253,24.49145825536672
7343,Paraguay,PRY,2006,46185703125,0.06545662296875565,24.555936130973834
7344,Paraguay,PRY,2007,49208863281,0.07415624519026376,24.61933959220778
7345,Paraguay,PRY,2008,52858007812,0.07377489071986365,24.69087505740629
7346,Paraguay,PRY,2009,56757601562,0.15589404117675,24.762055432566736
7347,Paraguay,PRY,2010,65605773437,0.1105130919912456,24.906929538734193
7348,Paraguay,PRY,2011,72856070312,-0.006117691155881455,25.011751692293267
7349,Paraguay,PRY,2012,72410359375,0.05181363250208282,25.005615211392413
7350,Paraguay,PRY,2013,76162203125,0.037455319961242184,25.056131154597786
7351,Paraguay,PRY,2014,79014882812,-0.007258422927293173,25.092902061695575
7352,Paraguay,PRY,2015,78441359375,0.03754805290815377,25.08561716824933
7353,Paraguay,PRY,2016,81386679687,0.04183299344676206,25.12247745635554
7354,Paraguay,PRY,2017,84791328125,0.015403439878598935,25.163459111838197
7355,Paraguay,PRY,2018,86097406250,0.008027517518856664,25.178745123071515
7357,Peru,PER,1950,17523744140,0.07776580370683273,23.586822606243654
7358,Peru,PER,1951,18886492187,0.05692684630659195,23.661712804392323
7359,Peru,PER,1952,19961640625,0.05244218402013234,23.717078300093135
7360,Peru,PER,1953,21008472656,0.0656465053210864,23.768191653111334
7361,Peru,PER,1954,22387605468,0.053727151289997055,23.83177331534392
7362,Peru,PER,1955,23590427734,0.034681539191459,23.8841068622067
7363,Peru,PER,1956,24408580078,0.08034100135007449,23.918200549974802
7364,Peru,PER,1957,26369589843,-0.011378074432949359,23.99547728326573
7365,Peru,PER,1958,26069554687,0.021666946857426428,23.984033983311335
7366,Peru,PER,1959,26634402343,0.10445687683062266,24.005469538280064
7367,Peru,PER,1960,29416548828,0.07117778156923094,24.10482323823666
7368,Peru,PER,1961,31510353515,0.08877990932943036,24.173582011789442
7369,Peru,PER,1962,34307839843,0.05653579773241679,24.258639731852195
7370,Peru,PER,1963,36247460937,0.06652437940938905,24.31363517267672
7371,Peru,PER,1964,38658800781,0.06601292377010948,24.37804029061278
7372,Peru,PER,1965,41210781250,0.07557393581321636,24.44196573989468
7373,Peru,PER,1966,44325242187,0.04988216541879309,24.514820152783464
7374,Peru,PER,1967,46536281250,-0.002694218438436091,24.563498087244707
7375,Peru,PER,1968,46410902343,0.04793315754903715,24.560800232867628
7376,Peru,PER,1969,48635523437,0.05782039137797468,24.607620035767727
7377,Peru,PER,1970,51447648437,0.06163820352028737,24.663830592389896
7378,Peru,PER,1971,54618789062,0.02643635825321833,24.723643782515524
7379,Peru,PER,1972,56062710937,0.08559875820833418,24.749736739291237
7380,Peru,PER,1973,60861609375,0.08933202195657519,24.831868424953214
7381,Peru,PER,1974,66298500000,0.049877636748945964,24.917433109447902
7382,Peru,PER,1975,69605312500,0.008481415294270711,24.966106730396863
7383,Peru,PER,1976,70195664062,-0.01507939024645566,24.974552380572035
7384,Peru,PER,1977,69137156250,-0.029273220042225878,24.959358140278713
7385,Peru,PER,1978,67113289062,0.020887605980761448,24.929647909929017
7386,Peru,PER,1979,68515125000,0.09497617769799005,24.950320360760923
7387,Peru,PER,1980,75022429687,0.08295258783225434,25.04105296826578
7388,Peru,PER,1981,81245734375,0.007361444161972264,25.120744156778084
7389,Peru,PER,1982,81843820312,-0.07390820301325918,25.12807863775445
7390,Peru,PER,1983,75794890625,0.04331179150639475,25.051296721320213
7391,Peru,PER,1984,79077703125,0.0019560467854700114,25.09369678987254
7392,Peru,PER,1985,79232382812,0.15066726683363107,25.09565092608953
7393,Peru,PER,1986,91170109375,0.12035905750496978,25.235992932224416
7394,Peru,PER,1987,102143257812,-0.05251478526240838,25.349642153212375
7395,Peru,PER,1988,96779226562,-0.16585485601826955,25.295698206566485
7396,Peru,PER,1989,80727921875,0.011766665299161705,25.11435034835225
7397,Peru,PER,1990,81677820312,0.04371204660410677,25.126048324746456
7398,Peru,PER,1991,85248125000,0.02339585914646225,25.168831958733264
7399,Peru,PER,1992,87242578125,0.06884441279800835,25.191958329940846
7400,Peru,PER,1993,93248742187,0.16745752016349402,25.258536406768105
7401,Peru,PER,1994,108863945312,0.1215368810773898,25.413364731368123
7402,Peru,PER,1995,122094929687,0.05673588641852967,25.52806469129585
7403,Peru,PER,1996,129022093750,0.067840246353156,25.583249496023
7404,Peru,PER,1997,137774984375,-0.020064759125471676,25.64888764330616
7405,Peru,PER,1998,135010562500,-0.00031791494091437666,25.628618853064935
7406,Peru,PER,1999,134967640625,0.02751052943361776,25.62830088757835
7407,Peru,PER,2000,138680671875,0.00583264408128259,25.65543980253806
7408,Peru,PER,2001,139489546875,0.061678008802406925,25.66125550260453
7409,Peru,PER,2002,148092984375,0.062015197166560565,25.721106186233847
7410,Peru,PER,2003,157277000000,0.07967878726705102,25.78127441890089
7411,Peru,PER,2004,169808640625,0.10405987327831245,25.857937996601983
7412,Peru,PER,2005,187478906250,0.13127901888962512,25.95693217602828
7413,Peru,PER,2006,212090953125,0.10912638379421691,26.080281043788396
7414,Peru,PER,2007,235235671875,0.0949409578147129,26.18385370760594
7415,Peru,PER,2008,257569171875,0.0019365550285732613,26.274554149616765
7416,Peru,PER,2009,258067968750,0.13754225358508387,26.27648883193999
7417,Peru,PER,2010,293563218750,0.09877855312894157,26.40535884910193
7418,Peru,PER,2011,322560968750,0.05810800690683382,26.499558005702063
7419,Peru,PER,2012,341304343750,0.025008929438800953,26.55604041985104
7420,Peru,PER,2013,349840000000,0.01184854147610337,26.580741744051075
7421,Peru,PER,2014,353985093750,0.003876222542209762,26.59252064114277
7422,Peru,PER,2015,355357218750,0.022375284166082476,26.59638937049166
7423,Peru,PER,2016,363308437500,0.03484436003499103,26.618518000511642
7424,Peru,PER,2017,375967687500,0.03448675692375813,26.652769039143468
7425,Peru,PER,2018,388933593750,0.022850783894262205,26.68667445583798
7427,Philippines,PHL,1950,28958414062,0.02768632119436676,24.08912663991189
7428,Philippines,PHL,1951,29760166015,0.09391840564972731,24.116436625356766
7429,Philippines,PHL,1952,32555193359,0.11577951841462442,24.206202743073902
7430,Philippines,PHL,1953,36324417968,0.07447039488376817,24.315756023370053
7431,Philippines,PHL,1954,39029511718,0.08274457780394417,24.387583907632802
7432,Philippines,PHL,1955,42258992187,0.03809793811162576,24.467083000932302
7433,Philippines,PHL,1956,43868972656,0.06446754571110747,24.504473133933757
7434,Philippines,PHL,1957,46697097656,0.03758196629110011,24.56694785099616
7435,Philippines,PHL,1958,48452066406,0.10242597206102744,24.603840824652327
7436,Philippines,PHL,1959,53414816406,0.002615437708109569,24.70135400521395
7437,Philippines,PHL,1960,53554519531,0.04924143816608262,24.703966028616833
7438,Philippines,PHL,1961,56191621093,0.07693422097300084,24.75203349185902
7439,Philippines,PHL,1962,60514679687,0.06109293728599563,24.82615181200556
7440,Philippines,PHL,1963,64211699218,0.022007708271390314,24.885451261850278
7441,Philippines,PHL,1964,65624851562,0.046831534500256344,24.90722029594326
7442,Philippines,PHL,1965,68698164062,0.042412432555991364,24.952988311829266
7443,Philippines,PHL,1966,71611820312,0.02261629075959415,24.994525985443886
7444,Philippines,PHL,1967,73231414062,0.06496934322436965,25.016890319705958
7445,Philippines,PHL,1968,77989210937,0.05515406327773609,25.079836332748215
7446,Philippines,PHL,1969,82290632812,0.06585272606154713,25.133523120557555
7447,Philippines,PHL,1970,87709695312,0.06484388618349102,25.197298281092245
7448,Philippines,PHL,1971,93397132812,0.061036820846255724,25.260126483765692
7449,Philippines,PHL,1972,99097796875,0.0871970854498374,25.319373046703245
7450,Philippines,PHL,1973,107738835937,0.06515016673378993,25.402975949768795
7451,Philippines,PHL,1974,114758039062,0.09086543433672944,25.46609174061836
7452,Philippines,PHL,1975,125185578125,0.06595682884297904,25.553063098282564
7453,Philippines,PHL,1976,133442421875,0.03450259153204538,25.616935924935014
7454,Philippines,PHL,1977,138046531250,0.06522110185220598,25.650856648241227
7455,Philippines,PHL,1978,147050078125,0.02368772117916884,25.71403903322815
7456,Philippines,PHL,1979,150533359375,0.09917164332864337,25.737450553549806
7457,Philippines,PHL,1980,165462000000,0.04947057330384008,25.832007398148992
7458,Philippines,PHL,1981,173647500000,0.050691325098259465,25.880293219257737
7459,Philippines,PHL,1982,182449921875,0.009291076875118653,25.92974157162927
7460,Philippines,PHL,1983,184145078125,-0.06374033381458322,25.938989751948395
7461,Philippines,PHL,1984,172407609375,-0.05298508159306703,25.873127332107988
7462,Philippines,PHL,1985,163272578125,0.061654949138447046,25.81868689952146
7463,Philippines,PHL,1986,173339140625,0.1037068319375718,25.87851586289831
7464,Philippines,PHL,1987,191315593750,0.10846851708866523,25.977190224707176
7465,Philippines,PHL,1988,212067312500,0.09187464652290522,26.080169573014675
7466,Philippines,PHL,1989,231550921875,0.09678142476624507,26.168065651186776
7467,Philippines,PHL,1990,253960750000,0.022550236601522,26.26044556446528
7468,Philippines,PHL,1991,259687625000,0.04849371913659728,26.282745303343837
7469,Philippines,PHL,1992,272280843750,0.06389668663570824,26.330099884353444
7470,Philippines,PHL,1993,289678687500,0.11597537271360348,26.39203817153189
7471,Philippines,PHL,1994,323274281250,0.10560633641498507,26.501766967786594
7472,Philippines,PHL,1995,357414093750,0.09292477711645919,26.602160873001676
7473,Philippines,PHL,1996,390626718750,-0.016742966330948184,26.691018257427398
7474,Philippines,PHL,1997,384086468750,-0.08089153427121354,26.674133543221604
7475,Philippines,PHL,1998,353017125000,-0.025239745805532787,26.58978240545088
7476,Philippines,PHL,1999,344107062500,0.02920330209729416,26.564218674096036
7477,Philippines,PHL,2000,354156125000,0.008987826343537009,26.593003683928014
7478,Philippines,PHL,2001,357339218750,0.014254225348725447,26.601951360155876
7479,Philippines,PHL,2002,362432812500,0.02485831425652174,26.61610494923508
7480,Philippines,PHL,2003,371442281250,0.029496675669579586,26.640659322277166
7481,Philippines,PHL,2004,382398593750,0.03963477245397162,26.66972934068489
7482,Philippines,PHL,2005,397554875000,0.04840432405715056,26.708598811827194
7483,Philippines,PHL,2006,416798250000,0.07682523858965329,26.755868128720323
7484,Philippines,PHL,2007,448818875000,0.06551689420370299,26.82988524686591
7485,Philippines,PHL,2008,478224093750,0.038614153890066394,26.893345274954843
7486,Philippines,PHL,2009,496690312500,0.09994230559912531,26.931232555144934
7487,Philippines,PHL,2010,546330687500,0.09120792340627948,27.026490284118395
7488,Philippines,PHL,2011,596160375000,0.07396740767951915,27.113775553385203
7489,Philippines,PHL,2012,640256812500,0.0384302822236664,27.18513520234429
7490,Philippines,PHL,2013,664862062500,0.04096507612058242,27.222845431274735
7491,Philippines,PHL,2014,692098187500,0.04588935222431867,27.26299367194959
7492,Philippines,PHL,2015,723858125000,0.08229357790243763,27.307861250184718
7493,Philippines,PHL,2016,783427000000,0.05497895783525464,27.386943722736135
7494,Philippines,PHL,2017,826499000000,0.06189148444220738,27.440464544285405
7495,Philippines,PHL,2018,877652250000,0.04076165987154945,27.50051628150981
7497,Poland,POL,1970,188763625000,0.07384086181858396,25.963761407900765
7498,Poland,POL,1971,202702093750,0.048241592842451775,26.035003219655408
7499,Poland,POL,1972,212480765625,0.04371447150841368,26.082117306508298
7500,Poland,POL,1973,221769250000,0.07197529075829956,26.1249032638385
7501,Poland,POL,1974,237731156250,0.05587791724291513,26.194406276555696
7502,Poland,POL,1975,251015078125,0.03173502089796032,26.248778846485088
7503,Poland,POL,1976,258981046875,0.03012654099265344,26.2800207178795
7504,Poland,POL,1977,266783250000,0.014290744452659654,26.30970236790762
7505,Poland,POL,1978,270595781250,0.007144304841227189,26.3238919622068
7506,Poland,POL,1979,272529000000,-0.0965058993721769,26.331010867405638
7507,Poland,POL,1980,246228343750,-0.05452808222855132,26.22952516896886
7508,Poland,POL,1981,232801984375,-0.010374562555744982,26.17345407671496
7509,Poland,POL,1982,230386765625,0.08828449008267558,26.163025323254644
7510,Poland,POL,1983,250726343750,0.09551461921320348,26.247627917363893
7511,Poland,POL,1984,274674375000,0.0784332129635319,26.338852142114366
7512,Poland,POL,1985,296217968750,0.06736730500924404,26.41436140118724
7513,Poland,POL,1986,316173375000,0.05075330504980058,26.479556555140455
7514,Poland,POL,1987,332220218750,0.0661806875653923,26.529063895458346
7515,Poland,POL,1988,354206781250,0.04689368860015297,26.593146707368792
7516,Poland,POL,1989,370816843750,-0.1242824645826246,26.638974095037906
7517,Poland,POL,1990,324730812500,-0.003958663454519007,26.506262406840897
7518,Poland,POL,1991,323445312500,0.07802826018695197,26.502295887137855
7519,Poland,POL,1992,348683187500,0.0867534479275689,26.577429574667825
7520,Poland,POL,1993,378932656250,0.07568355030103047,26.660624338245732
7521,Poland,POL,1994,407611625000,0.10251378993422966,26.733580658496717
7522,Poland,POL,1995,449397437500,0.0855364801674019,26.83117349463421
7523,Poland,POL,1996,487837312500,0.06459267862992757,26.91324781119283
7524,Poland,POL,1997,519348031250,0.0399710887514797,26.97584007581686
7525,Poland,POL,1998,540106937500,0.05537722795867617,27.01503298930631
7526,Poland,POL,1999,570016562500,0.02245987369884528,27.068931254370405
7527,Poland,POL,2000,582819062500,0.0041629558058595695,27.09114261920887
7528,Poland,POL,2001,585245312500,0.022822694543153554,27.095296933887663
7529,Poland,POL,2002,598602187500,0.008650152151340018,27.117863086718508
7530,Poland,POL,2003,603780187500,0.035646768386218275,27.126476040663235
7531,Poland,POL,2004,625303000000,0.05249904846130593,27.16150216920526
7532,Poland,POL,2005,658130812500,0.03696187678494378,27.212669551704483
7533,Poland,POL,2006,682456562500,0.08848163871235393,27.24896471729147
7534,Poland,POL,2007,742841437500,0.06452192901530207,27.3337484504102
7535,Poland,POL,2008,790771000000,0.03491853204024942,27.396274255845615
7536,Poland,POL,2009,818383562500,0.09727689575876597,27.430596966460325
7537,Poland,POL,2010,897993375000,0.07050852407457908,27.52342852771583
7538,Poland,POL,2011,961309562500,0.020024376903043706,27.591562319435678
7539,Poland,POL,2012,980559187500,-0.0031749740756980005,27.611388845370836
7540,Poland,POL,2013,977445937500,0.011065893350239664,27.60820882037108
7541,Poland,POL,2014,988262250000,0.045782951337056454,27.619213934695257
7542,Poland,POL,2015,1033507812500,0.02106037539024408,27.6639797753043
7543,Poland,POL,2016,1055273875000,0.044711971098498005,27.684821446323465
7544,Poland,POL,2017,1102457250000,0.04988424721230689,27.72856266800542
7545,Poland,POL,2018,1157452500000,0.04699436909937993,27.777242585347707
7547,Portugal,PRT,1950,24053720703,0.11510522709506166,23.903555528517735
7548,Portugal,PRT,1951,26822429687,0.04045216647639793,24.012504303053156
7549,Portugal,PRT,1952,27907455078,0.05021395702629672,24.052159697177046
7550,Portugal,PRT,1953,29308798828,0.04267916291420937,24.10115360918495
7551,Portugal,PRT,1954,30559673828,0.03752200244196935,24.142947128020232
7552,Portugal,PRT,1955,31706333984,0.0449001496583743,24.179782308091063
7553,Portugal,PRT,1956,33129953125,0.04333066704271116,24.223703638376442
7554,Portugal,PRT,1957,34565496093,0.008981251308088911,24.26612179870701
7555,Portugal,PRT,1958,34875937500,0.056868430934652325,24.275062958447062
7556,Portugal,PRT,1959,36859277343,0.07328050362639482,24.330373183542832
7557,Portugal,PRT,1960,39560343750,0.05497614008978369,24.40109303299583
7558,Portugal,PRT,1961,41735218750,0.0705145796318607,24.45461118363947
7559,Portugal,PRT,1962,44678160156,0.05807201487126523,24.522750632054265
7560,Portugal,PRT,1963,47272710937,0.03968454647122166,24.57919903015999
7561,Portugal,PRT,1964,49148707031,0.0697594330373219,24.618116376601495
7562,Portugal,PRT,1965,52577292968,0.024801952675533645,24.685550170860417
7563,Portugal,PRT,1966,53881312500,0.07608483518288467,24.71004954788008
7564,Portugal,PRT,1967,57980863281,0.13583421684893837,24.783378849618487
7565,Portugal,PRT,1968,65856648437,0.03015498506426062,24.910746223395357
7566,Portugal,PRT,1969,67842554687,0.07371398875046031,24.940455485253462
7567,Portugal,PRT,1970,72843500000,0.07555356259652535,25.01157914117312
7568,Portugal,PRT,1971,78347085937,0.07932021642766873,25.084414612165894
7569,Portugal,PRT,1972,84561593750,0.1091079690063197,25.16074602589464
7570,Portugal,PRT,1973,93787937500,0.016916571088899435,25.264302086608126
7571,Portugal,PRT,1974,95374507812,-0.051492893517004146,25.281077165982015
7572,Portugal,PRT,1975,90463398437,0.06101569911552662,25.228211168685306
7573,Portugal,PRT,1976,95983085937,0.05578342863985797,25.28743782473504
7574,Portugal,PRT,1977,101337351562,0.02446515856972198,25.34172090247071
7575,Portugal,PRT,1978,103816585937,0.049970339066516045,25.365891582360558
7576,Portugal,PRT,1979,109004335937,0.03846779317497484,25.414653497622915
7577,Portugal,PRT,1980,113197492187,-0.00852533794128374,25.452399848645005
7578,Portugal,PRT,1981,112232445312,0.0031893907684619194,25.443837962136037
7579,Portugal,PRT,1982,112590398437,-0.0229062466498251,25.447022277586345
7580,Portugal,PRT,1983,110011375000,-0.03729060403980955,25.423849606483387
7581,Portugal,PRT,1984,105908984375,0.015760584523120125,25.38584592424605
7582,Portugal,PRT,1985,107578171875,0.0974794782178019,25.401483600479246
7583,Portugal,PRT,1986,118064835937,0.07997115462082371,25.494499767609017
7584,Portugal,PRT,1987,127506617187,0.0821839087192755,25.571434099704042
7585,Portugal,PRT,1988,137985609375,0.06799271074350033,25.650415236774787
7586,Portugal,PRT,1989,147367625000,0.06330946586809683,25.716196152142963
7587,Portugal,PRT,1990,156697390625,0.04549284035022527,25.777582334127622
7588,Portugal,PRT,1991,163826000000,0.03503154642730699,25.822070725927812
7589,Portugal,PRT,1992,169565078125,0.026334284449232026,25.85650263182056
7590,Portugal,PRT,1993,174030453125,0.06640073500067212,25.882496138806854
7591,Portugal,PRT,1994,185586203125,0.0413863436272075,25.946785317924416
7592,Portugal,PRT,1995,193266937500,0.02799770783349853,25.987338166110167
7593,Portugal,PRT,1996,198677968750,0.08333893022549832,26.014951103406702
7594,Portugal,PRT,1997,215235578125,0.05435962354330215,26.094998977428894
7595,Portugal,PRT,1998,226935703125,0.06403651640039842,26.147932568160673
7596,Portugal,PRT,1999,241467875000,0.058120632506498016,26.210002278416397
7597,Portugal,PRT,2000,255502140625,-0.004233575097860265,26.26649662473511
7598,Portugal,PRT,2001,254420453125,0.002713397219133329,26.262254062684605
7599,Portugal,PRT,2002,255110796875,-0.00498551762833932,26.26496378528713
7600,Portugal,PRT,2003,253838937500,0.0001566569155686537,26.25996579850506
7601,Portugal,PRT,2004,253878703125,0.10188754632271801,26.260122443151214
7602,Portugal,PRT,2005,279745781250,0.04779194056210634,26.357147103595782
7603,Portugal,PRT,2006,293115375000,0.022810663719021962,26.403832139786953
7604,Portugal,PRT,2007,299801531250,-0.002173625489112596,26.42638653017358
7605,Portugal,PRT,2008,299149875000,-0.01953765650077577,26.42421053893179
7606,Portugal,PRT,2009,293305187500,0.04220870198553861,26.40447949944235
7607,Portugal,PRT,2010,305685218750,-0.01921144985032086,26.445821712531576
7608,Portugal,PRT,2011,299812562500,-0.0026205956596632163,26.426423324672296
7609,Portugal,PRT,2012,299026875000,-0.03176041869146373,26.42379928924101
7610,Portugal,PRT,2013,289529656250,0.0007585578722559827,26.39152356826384
7611,Portugal,PRT,2014,289749281250,0.025357698794981953,26.392281838576483
7612,Portugal,PRT,2015,297096656250,0.023602272534832602,26.41732336472357
7613,Portugal,PRT,2016,304108812500,0.029500542671712315,26.44065141016414
7614,Portugal,PRT,2017,313080187500,0.013038392919705322,26.46972518477133
7615,Portugal,PRT,2018,317162250000,0.025216687200320997,26.482679309536568
7617,Qatar,QAT,1970,11441731445,0.07450351575700709,23.160533161533206
7618,Qatar,QAT,1971,12294180664,0.2018951738092012,23.232391870621775
7619,Qatar,QAT,1972,14776316406,0.10797889197554866,23.416291493122475
7620,Qatar,QAT,1973,16371846679,0.06509262790537518,23.51882903070252
7621,Qatar,QAT,1974,17437533203,0.027624723370684334,23.581890800640878
7622,Qatar,QAT,1975,17919240234,0.0033189273218825477,23.60914084593814
7623,Qatar,QAT,1976,17978712890,-0.12565625297106575,23.612454277776788
7624,Qatar,QAT,1977,15719575195,0.14828005115185294,23.478172600363507
7625,Qatar,QAT,1978,18050474609,0.07672495626843379,23.61643781550704
7626,Qatar,QAT,1979,19435396484,0.04253856651088217,23.690361801557046
7627,Qatar,QAT,1980,20262150390,-0.056439707631643965,23.732020469818636
7628,Qatar,QAT,1981,19118560546,-0.13844990493041065,23.673925456484543
7629,Qatar,QAT,1982,16471597656,-0.06795551721069792,23.524903380438662
7630,Qatar,QAT,1983,15352261718,0.13713332143964174,23.454528643317857
7631,Qatar,QAT,1984,17457568359,-0.1899735687582308,23.58303910841502
7632,Qatar,QAT,1985,14141091796,-0.1873166755589032,23.37235070772966
7633,Qatar,QAT,1986,11492229492,0.07171022398862492,23.164936947582127
7634,Qatar,QAT,1987,12316339843,0.017103010121933382,23.234192660246027
7635,Qatar,QAT,1988,12526986328,0.11867784813311566,23.2511510604053
7636,Qatar,QAT,1989,14013662109,0.2185972254913029,23.36329855564361
7637,Qatar,QAT,1990,17077009765,-0.13170456350090398,23.560998937673098
7638,Qatar,QAT,1991,14827889648,0.006433255457418907,23.419775680070707
7639,Qatar,QAT,1992,14923281250,-0.027893444613596663,23.42618833046478
7640,Qatar,QAT,1993,14507019531,0.006104264684470007,23.397898474817843
7641,Qatar,QAT,1994,14595574218,0.08187487002232863,23.403984183952346
7642,Qatar,QAT,1995,15790584960,0.025951480837350882,23.48267971075956
7643,Qatar,QAT,1996,16200374023,0.3164375846953864,23.508300166757735
7644,Qatar,QAT,1997,21326781250,-0.039220602921502756,23.783229455557983
7645,Qatar,QAT,1998,20490332031,0.3245444450065096,23.743219003604725
7646,Qatar,QAT,1999,27140355468,0.43418868153344703,24.024287588835527
7647,Qatar,QAT,2000,38924390625,0.07889193029595432,24.38488689943796
7648,Qatar,QAT,2001,41995210937,-0.019599053978672454,24.460821423418874
7649,Qatar,QAT,2002,41172144531,0.43342505631602024,24.441027761024266
7650,Qatar,QAT,2003,59017183593,0.24425281594951898,24.80109448578684
7651,Qatar,QAT,2004,73432296875,0.38907565153020407,25.019629687711003
7652,Qatar,QAT,2005,102003015625,0.3243196088105851,25.34826821474463
7653,Qatar,QAT,2006,135084593750,0.24454572100306593,25.629167039510644
7654,Qatar,QAT,2007,168118953125,0.38028849178869173,25.84793762011295
7655,Qatar,QAT,2008,232052656250,-0.12023692090359339,26.17023014945453
7656,Qatar,QAT,2009,204151359375,0.2546852683674421,26.04212751339666
7657,Qatar,QAT,2010,256145703125,0.3338548464085229,26.26901227235196
7658,Qatar,QAT,2011,341661187500,0.0875574102194443,26.557085403136856
7659,Qatar,QAT,2012,371576156250,0.037367676225861235,26.641019676730547
7660,Qatar,QAT,2013,385461093750,-0.060481622861580986,26.6777061007321
7661,Qatar,QAT,2014,362147781250,-0.23316965993423433,26.61531820096398
7662,Qatar,QAT,2015,277705906250,-0.012365486915170698,26.34982849948816
7663,Qatar,QAT,2016,274271937500,0.0954623957837466,26.33738592378688
7664,Qatar,QAT,2017,300454593750,0.08120184965552713,26.428562477175117
7665,Qatar,QAT,2018,324852062500,-0.005266724295462932,26.506635723336988
7667,Romania,ROU,1960,28329292968,0.1007328158956684,24.067162193470697
7668,Romania,ROU,1961,31182982421,0.09603589248035638,24.163138347733586
7669,Romania,ROU,1962,34177667968,0.08178700388853866,24.25483828433665
7670,Romania,ROU,1963,36972957031,0.062234992918492216,24.333452591305495
7671,Romania,ROU,1964,39273968750,0.09862219885786305,24.393827763582326
7672,Romania,ROU,1965,43147253906,0.05357199278627944,24.487884611801796
7673,Romania,ROU,1966,45458738281,0.11213972630495683,24.540070900498183
7674,Romania,ROU,1967,50556468750,0.07037002868203679,24.646356741584817
7675,Romania,ROU,1968,54114128906,0.06991596247575371,24.71436115147443
7676,Romania,ROU,1969,57897570312,0.06539208724299939,24.781941257121552
7677,Romania,ROU,1970,61683613281,0.13065229224310682,24.845284145565447
7678,Romania,ROU,1971,69742718750,0.11050100660149553,24.968078861517796
7679,Romania,ROU,1972,77449359375,0.10632865143695702,25.072890132309617
7680,Romania,ROU,1973,85684445312,0.11453179995816143,25.173937144466468
7681,Romania,ROU,1974,95498039062,0.09481755556385107,25.282371550840082
7682,Romania,ROU,1975,104552929687,0.1411491264011413,25.37295928430315
7683,Romania,ROU,1976,119310484375,0.07650463188390688,25.504995044628075
7684,Romania,ROU,1977,128438289062,0.07703158271770527,25.578714385166514
7685,Romania,ROU,1978,138332093750,0.09008823196533156,25.652923107625476
7686,Romania,ROU,1979,150794187500,0.028305032480114622,25.739181747347704
7687,Romania,ROU,1980,155062421875,-0.010779731348111277,25.767093594569204
7688,Romania,ROU,1981,153390890625,0.046726108348391415,25.756255340967687
7689,Romania,ROU,1982,160558250000,0.03726071768345762,25.801922642022827
7690,Romania,ROU,1983,166540765625,0.03391990455790239,25.838505954987422
7691,Romania,ROU,1984,172189812500,0.04775298843536402,25.871863266330504
7692,Romania,ROU,1985,180412390625,0.03706586117413457,25.918511126390342
7693,Romania,ROU,1986,187099531250,0.02316931913745779,25.95490656487858
7694,Romania,ROU,1987,191434500000,0.02354060723119389,25.977811550505745
7695,Romania,ROU,1988,195940984375,-0.03884667760692928,26.00107935070963
7696,Romania,ROU,1989,188329328125,0.02121997561286637,25.961458012605686
7697,Romania,ROU,1990,192325671875,-0.08590060008077116,25.9824559797209
7698,Romania,ROU,1991,175804781250,-0.052338682483927035,25.89264001892663
7699,Romania,ROU,1992,166603390625,0.028098636572991387,25.838881918362812
7700,Romania,ROU,1993,171284718750,0.05932711452112538,25.86659303076661
7701,Romania,ROU,1994,181446546875,0.06841598235844071,25.924226939699686
7702,Romania,ROU,1995,193860390625,0.05194500069113839,25.990404100993885
7703,Romania,ROU,1996,203930468750,-0.0538240285636572,26.04104493323087
7704,Romania,ROU,1997,192954109375,-0.03499131877454997,25.98571822231921
7705,Romania,ROU,1998,186202390625,-0.0041153137047700294,25.950100040724145
7706,Romania,ROU,1999,185436109375,0.024222375782898986,25.945976235811933
7707,Romania,ROU,2000,189927812500,0.08009638530428509,25.969909902703083
7708,Romania,ROU,2001,205140343750,0.034358566414364855,26.04696018550917
7709,Romania,ROU,2002,212188671875,0.04927690016439534,26.080741677511863
7710,Romania,ROU,2003,222644671875,0.1145500267768309,26.128842937931488
7711,Romania,ROU,2004,248148625000,0.030413477003952805,26.237293697961086
7712,Romania,ROU,2005,255695687500,0.14228718171087662,26.267253853633985
7713,Romania,ROU,2006,292077906250,0.12284778900492399,26.400286405855336
7714,Romania,ROU,2007,327959031250,0.16480354968117683,26.5161545328037
7715,Romania,ROU,2008,382007843750,-0.02756839662405497,26.668706978719143
7716,Romania,ROU,2009,371476500000,0.017681047791717752,26.640751442037462
7717,Romania,ROU,2010,378044593750,-0.0015691766521922501,26.658277998491343
7718,Romania,ROU,2011,377451375000,0.052430594536845954,26.656707589392013
7719,Romania,ROU,2012,397241375000,0.0004417968797938432,26.707809930359126
7720,Romania,ROU,2013,397416875000,0.024686923523315363,26.708251629675413
7721,Romania,ROU,2014,407227875000,0.05556548038367959,26.732638755144286
7722,Romania,ROU,2015,429855687500,0.05091505274081087,26.78671537883911
7723,Romania,ROU,2016,451741812500,0.10612664673363614,26.83637664229214
7724,Romania,ROU,2017,499683656250,0.03427537310011819,26.937241047637407
7725,Romania,ROU,2018,516810500000,0.04495893562534037,26.97094210654587
7727,Russia,RUS,1990,2493859500000,-0.022221881385057984,28.544852626395016
7728,Russia,RUS,1991,2438441250000,-0.07557655941064811,28.52238011912636
7729,Russia,RUS,1992,2254152250000,-0.14172966799381004,28.443795075848815
7730,Russia,RUS,1993,1934672000000,-0.1496871950387456,28.290958918998083
7731,Russia,RUS,1994,1645076375000,-0.06212682678638548,28.12880792763954
7732,Russia,RUS,1995,1542873000000,-0.022796270334628943,28.06466737872837
7733,Russia,RUS,1996,1507701250000,-0.02789760239304706,28.041607255808344
7734,Russia,RUS,1997,1465640000000,-0.09282506277121261,28.01331312307026
7735,Russia,RUS,1998,1329591875000,-0.0389939205968749,27.915893150168515
7736,Russia,RUS,1999,1277745875000,0.13165137394789084,27.876118606258537
7737,Russia,RUS,2000,1445962875000,0.025095129084832246,27.999796565061672
7738,Russia,RUS,2001,1482249500000,0.02262701049991911,28.02458198220882
7739,Russia,RUS,2002,1515788375000,0.10018722105584166,28.046956799077357
7740,Russia,RUS,2003,1667651000000,0.12923020164290966,28.142437165359
7741,Russia,RUS,2004,1883161875000,0.1503604808269603,28.263973328451403
7742,Russia,RUS,2005,2166315000000,0.1706977055506702,28.404048683296402
7743,Russia,RUS,2006,2536100000000,0.1762582311423051,28.561648583902755
7744,Russia,RUS,2007,2983108500000,0.14836838820981546,28.723986993578766
7745,Russia,RUS,2008,3425707500000,-0.10859939151255615,28.862329135653294
7746,Russia,RUS,2009,3053677750000,0.1359044843549717,28.747367799803353
7747,Russia,RUS,2010,3468686250000,0.14460827928729492,28.87479703589389
7748,Russia,RUS,2011,3970287000000,0.0788941706229298,29.00985950020613
7749,Russia,RUS,2012,4283519500000,-0.008787516900530035,29.085796100692196
7750,Russia,RUS,2013,4245878000000,-0.040355434141065794,29.076969745871708
7751,Russia,RUS,2014,4074533750000,-0.10025189998732986,29.035777438897316
7752,Russia,RUS,2015,3666054000000,-0.00300834357595392,28.930136995188477
7753,Russia,RUS,2016,3655025250000,0.06699379162975694,28.92712411745116
7754,Russia,RUS,2017,3899889250000,0.059499125520038776,28.991969271225038
7755,Russia,RUS,2018,4131929250000,0.007082708398262083,29.04976554458049
7757,Rwanda,RWA,1960,3142260498,-0.04398820947148607,21.86820828168177
7758,Rwanda,RWA,1961,3004038085,0.10119208059241358,21.823223248863805
7759,Rwanda,RWA,1962,3308022949,-0.1032999200030641,21.919616551508216
7760,Rwanda,RWA,1963,2966304443,-0.11024805554660322,21.810582719696676
7761,Rwanda,RWA,1964,2639275146,0.061948919667506264,21.693770150495425
7762,Rwanda,RWA,1965,2802775390,0.08342221136742611,21.753875973916895
7763,Rwanda,RWA,1966,3036589111,0.06463253467156371,21.83400071948747
7764,Rwanda,RWA,1967,3232851562,0.07369617021717123,21.89663042124252
7765,Rwanda,RWA,1968,3471100341,0.10395447856631113,21.96773748179197
7766,Rwanda,RWA,1969,3831936767,0.08100741266746492,22.066636195614077
7767,Rwanda,RWA,1970,4142352050,-0.0051017633810240826,22.144529591479333
7768,Rwanda,RWA,1971,4121218750,0.050436384867947215,22.139414769670573
7769,Rwanda,RWA,1972,4329078125,0.04484966738732621,22.18862045213646
7770,Rwanda,RWA,1973,4523235839,0.02501471624018059,22.232493468245043
7771,Rwanda,RWA,1974,4636383300,0.005609083269711546,22.257200438039842
7772,Rwanda,RWA,1975,4662389160,0.15802905821786872,22.262793848979616
7773,Rwanda,RWA,1976,5399182128,0.03603772097091218,22.409513321267976
7774,Rwanda,RWA,1977,5593756347,0.03902439710608285,22.444916874646015
7775,Rwanda,RWA,1978,5812049316,0.12353990476704335,22.483199067821477
7776,Rwanda,RWA,1979,6530069335,0.011865108473614772,22.599683398095685
7777,Rwanda,RWA,1980,6607549316,0.14327531808314986,22.61147866805467
7778,Rwanda,RWA,1981,7554248046,-0.03351746149427404,22.74537589707565
7779,Rwanda,RWA,1982,7301048828,0.05949795313435757,22.711283849848975
7780,Rwanda,RWA,1983,7735446289,-0.05026898429285964,22.769079016656722
7781,Rwanda,RWA,1984,7346593261,0.05083696656825176,22.717502540816184
7782,Rwanda,RWA,1985,7720071777,0.04862616201553993,22.767089498478736
7783,Rwanda,RWA,1986,8095469238,-0.028851919157894756,22.814570388795033
7784,Rwanda,RWA,1987,7861899414,0.012119678207828999,22.785294069918674
7785,Rwanda,RWA,1988,7957183105,0.0777850275446188,22.79734089289054
7786,Rwanda,RWA,1989,8576132812,-0.04364652078104969,22.872248927628824
7787,Rwanda,RWA,1990,8201814453,-0.12116935827980013,22.827621241495066
7788,Rwanda,RWA,1991,7208005859,0.06388851479983249,22.698458170098956
7789,Rwanda,RWA,1992,7668514648,-0.08944956676569682,22.760388776205204
7790,Rwanda,RWA,1993,6982569335,-0.5408590322290011,22.666682785558866
7791,Rwanda,RWA,1994,3205983642,0.2402142022532503,21.888284788812584
7792,Rwanda,RWA,1995,3976106445,0.24200024906526374,22.103568897263667
7793,Rwanda,RWA,1996,4938325195,0.20500242734622098,22.320292081310573
7794,Rwanda,RWA,1997,5950693847,0.11831390138730491,22.506773662646367
7795,Rwanda,RWA,1998,6654743652,0.063298729151408,22.61859576844227
7796,Rwanda,RWA,1999,7075980468,0.07521263341621753,22.67997185292358
7797,Rwanda,RWA,2000,7608183593,0.09560416295280105,22.75249029347037
7798,Rwanda,RWA,2001,8335557617,0.16557338421910162,22.843796251571288
7799,Rwanda,RWA,2002,9715704101,0.0071620114483352815,22.997009392805783
7800,Rwanda,RWA,2003,9785288085,0.08953312507405853,23.004145878853137
7801,Rwanda,RWA,2004,10661395507,0.08517047626680818,23.08989515771644
7802,Rwanda,RWA,2005,11569431640,0.10948639072472188,23.171632253349888
7803,Rwanda,RWA,2006,12836126953,0.04451326565186853,23.275529450531526
7804,Rwanda,RWA,2007,13407504882,0.03788136095940309,23.319080452945844
7805,Rwanda,RWA,2008,13915399414,0.06817866809094242,23.35626193535709
7806,Rwanda,RWA,2009,14864132812,0.09811251288219447,23.422216954123293
7807,Rwanda,RWA,2010,16322490234,0.09359294446492239,23.515809762709676
7808,Rwanda,RWA,2011,17850160156,0.0594203133042186,23.605278317456737
7809,Rwanda,RWA,2012,18910822265,0.022024838854885154,23.663000201749153
7810,Rwanda,RWA,2013,19327330078,0.08726056134984383,23.684785997398617
7811,Rwanda,RWA,2014,21013843750,0.09115029076962666,23.768447283666173
7812,Rwanda,RWA,2015,22929261718,0.04771093707483853,23.855679736088987
7813,Rwanda,RWA,2016,24023238281,0.03130408070733659,23.902287460539693
7814,Rwanda,RWA,2017,24775263671,0.08813502003435447,23.933111559729443
7815,Rwanda,RWA,2018,26958832031,0.06767306227889014,24.017576799759794
7817,Saint Kitts and Nevis,KNA,1970,199645492,0.06230625532982237,19.112053811704435
7818,Saint Kitts and Nevis,KNA,1971,212084655,0.04871726339654314,19.17249606896859
7819,Saint Kitts and Nevis,KNA,1972,222416839,0.04431176184461472,19.220063832402527
7820,Saint Kitts and Nevis,KNA,1973,232272521,0.045344068057021625,19.263421899740692
7821,Saint Kitts and Nevis,KNA,1974,242804702,0.03437893472095932,19.307767982695218
7822,Saint Kitts and Nevis,KNA,1975,251152069,0.07433140835483232,19.341569166231114
7823,Saint Kitts and Nevis,KNA,1976,269820556,0.011841117842778415,19.41326768860584
7824,Saint Kitts and Nevis,KNA,1977,273015533,0.10334620045226517,19.425039248966534
7825,Saint Kitts and Nevis,KNA,1978,301230651,0.10354962848717553,19.52338681166072
7826,Saint Kitts and Nevis,KNA,1979,332422973,0.08586212241113667,19.621918731072448
7827,Saint Kitts and Nevis,KNA,1980,360965515,0.055479662648660444,19.704292985418437
7828,Saint Kitts and Nevis,KNA,1981,380991760,-0.03129497078886956,19.758288305560512
7829,Saint Kitts and Nevis,KNA,1982,369068634,0.019409950724774916,19.726493184708946
7830,Saint Kitts and Nevis,KNA,1983,376232238,0.080531682136181,19.745717164939606
7831,Saint Kitts and Nevis,KNA,1984,406530853,-0.04897170498397574,19.823170383210936
7832,Saint Kitts and Nevis,KNA,1985,386622344,0.0997921604862031,19.772958919240125
7833,Saint Kitts and Nevis,KNA,1986,425204223,0.09490599767632135,19.86808013617955
7834,Saint Kitts and Nevis,KNA,1987,465558654,-0.030371880918789618,19.95874864889202
7835,Saint Kitts and Nevis,KNA,1988,451418762,0.07349191215051887,19.92790598550699
7836,Saint Kitts and Nevis,KNA,1989,484594390,0.05758738767074867,19.998822789721704
7837,Saint Kitts and Nevis,KNA,1990,512500915,0.030566708354071936,20.054813054341096
7838,Saint Kitts and Nevis,KNA,1991,528166381,-0.006447810997648462,20.084921907562368
7839,Saint Kitts and Nevis,KNA,1992,524760864,-0.010457005040680811,20.078453219642704
7840,Saint Kitts and Nevis,KNA,1993,519273437,0.11313085903140463,20.0679411559561
7841,Saint Kitts and Nevis,KNA,1994,578019287,0.005611772951098715,20.175117794592047
7842,Saint Kitts and Nevis,KNA,1995,581263000,0.1523126209650365,20.180713880207133
7843,Saint Kitts and Nevis,KNA,1996,669796691,-0.05582511753555375,20.322484778031495
7844,Saint Kitts and Nevis,KNA,1997,632405212,0.04108865567034581,20.265040904884856
7845,Saint Kitts and Nevis,KNA,1998,658389892,0.11761480839988359,20.305307854839906
7846,Saint Kitts and Nevis,KNA,1999,735826293,0.11181261091467953,20.416504633891588
7847,Saint Kitts and Nevis,KNA,2000,818100952,-0.36754200354481437,20.522496300155172
7848,Saint Kitts and Nevis,KNA,2001,517414489,0.1380590967563724,20.064354830803047
7849,Saint Kitts and Nevis,KNA,2002,588848266,0.043047507250365324,20.193679095524733
7850,Saint Kitts and Nevis,KNA,2003,614196716,0.1206128510136808,20.235825819164127
7851,Saint Kitts and Nevis,KNA,2004,688276733,0.29341335442178895,20.349701543223215
7852,Saint Kitts and Nevis,KNA,2005,890226318,-0.05788988031243536,20.606986278251906
7853,Saint Kitts and Nevis,KNA,2006,838691223,0.013607044746669628,20.547353166894517
7854,Saint Kitts and Nevis,KNA,2007,850103332,0.18340299717823005,20.560868467118784
7855,Saint Kitts and Nevis,KNA,2008,1006014831,-0.044889542985276365,20.72926265106002
7856,Saint Kitts and Nevis,KNA,2009,960855285,0.03909499857723109,20.683334367665825
7857,Saint Kitts and Nevis,KNA,2010,998419921,0.09295730488534604,20.72168450830506
7858,Saint Kitts and Nevis,KNA,2011,1091230346,-0.009555606694977348,20.810571654417522
7859,Saint Kitts and Nevis,KNA,2012,1080802978,-0.00880049111041592,20.80097009997286
7860,Saint Kitts and Nevis,KNA,2013,1071291381,0.06184432841992593,20.792130655834978
7861,Saint Kitts and Nevis,KNA,2014,1137544677,-0.06688664589478799,20.852137984501596
7862,Saint Kitts and Nevis,KNA,2015,1061458129,-0.04008779229010928,20.782909393204783
7863,Saint Kitts and Nevis,KNA,2016,1018906616,0.09107555446474791,20.741995944200497
7864,Saint Kitts and Nevis,KNA,2017,1111704101,0.05744179223820267,20.8291599011419
7865,Saint Kitts and Nevis,KNA,2018,1175562377,0.030743784172670985,20.88501248876453
7867,Saint Lucia,LCA,1970,529605712,0.051164565234145254,20.0876433480274
7868,Saint Lucia,LCA,1971,556702758,0.015814353123790426,20.137542007335824
7869,Saint Lucia,LCA,1972,565506652,0.03088839174256086,20.153232616492822
7870,Saint Lucia,LCA,1973,582974243,0.02082971614236473,20.183653563235882
7871,Saint Lucia,LCA,1974,595117431,-0.022759570287229636,20.204269307061594
7872,Saint Lucia,LCA,1975,581572814,0.2849684785987949,20.181246739624775
7873,Saint Lucia,LCA,1976,747302734,0.09894862769229484,20.431980927397774
7874,Saint Lucia,LCA,1977,821247314,0.20537904858219114,20.526334857133698
7875,Saint Lucia,LCA,1978,989914306,0.019893017891187137,20.71312893775045
7876,Saint Lucia,LCA,1979,1009606689,-0.031650956108116635,20.732826675125473
7877,Saint Lucia,LCA,1980,977651672,-0.07204539716677327,20.70066400095859
7878,Saint Lucia,LCA,1981,907216369,0.026325982220014366,20.625891534205316
7879,Saint Lucia,LCA,1982,931099731,0.03560072664224623,20.65187695195312
7880,Saint Lucia,LCA,1983,964247558,0.07460214589415637,20.686858622511163
7881,Saint Lucia,LCA,1984,1036182495,0.020312644830001725,20.758809118745404
7882,Saint Lucia,LCA,1985,1057230102,0.1044418493108703,20.778918213614816
7883,Saint Lucia,LCA,1986,1167649169,0.0705862036202074,20.878258307225792
7884,Saint Lucia,LCA,1987,1250069091,0.04872767788480581,20.946464659533135
7885,Saint Lucia,LCA,1988,1310982055,0.004023533335091978,20.994042353609885
7886,Saint Lucia,LCA,1989,1316256835,0.06284958588648082,20.998057814181504
7887,Saint Lucia,LCA,1990,1398983032,-0.040491188030363445,21.05901140389287
7888,Saint Lucia,LCA,1991,1342336547,0.04486532541678612,21.017677624234647
7889,Saint Lucia,LCA,1992,1402560913,0.0028057975689501635,21.06156562614705
7890,Saint Lucia,LCA,1993,1406496215,-0.09040804208634146,21.06436749481342
7891,Saint Lucia,LCA,1994,1279337646,0.11132498245893085,20.969608316884703
7892,Saint Lucia,LCA,1995,1421759887,0.14300342192732018,21.07516129823286
7893,Saint Lucia,LCA,1996,1625076416,-0.0763597660874552,21.20882067685323
7894,Saint Lucia,LCA,1997,1500985961,0.007085024294907427,21.12938803645606
7895,Saint Lucia,LCA,1998,1511620483,-0.019612628522446385,21.136448079890272
7896,Saint Lucia,LCA,1999,1481973632,0.002037012626146417,21.116640571489285
7897,Saint Lucia,LCA,2000,1484992431,-0.13878018479947385,21.11867551221839
7898,Saint Lucia,LCA,2001,1278904907,0.010555428262188915,20.969270007287268
7899,Saint Lucia,LCA,2002,1292404296,0.1261815961961179,20.979770115957376
7900,Saint Lucia,LCA,2003,1455481933,0.1178265295581653,21.098602908156387
7901,Saint Lucia,LCA,2004,1626976318,0.07554746718814864,21.20998910945353
7902,Saint Lucia,LCA,2005,1749890258,-0.22868900616509402,21.28281891320121
7903,Saint Lucia,LCA,2006,1349709594,0.35111439387160504,21.023155290700522
7904,Saint Lucia,LCA,2007,1823612060,0.13124667425154013,21.32408501957408
7905,Saint Lucia,LCA,2008,2062955078,0.06054795634284771,21.44740529571362
7906,Saint Lucia,LCA,2009,2187862792,-0.12316288845228462,21.506191010216252
7907,Saint Lucia,LCA,2010,1918399291,0.2799989467886015,21.37475697265864
7908,Saint Lucia,LCA,2011,2455549072,-0.02762119347293579,21.62161622776842
7909,Saint Lucia,LCA,2012,2387723876,-0.19990824223763803,21.593606395975378
7910,Saint Lucia,LCA,2013,1910398193,0.34641688388573555,21.370577535286902
7911,Saint Lucia,LCA,2014,2572192382,-0.14245897257307094,21.66802443912482
7912,Saint Lucia,LCA,2015,2205760498,-0.007292473509515229,21.51433818343406
7913,Saint Lucia,LCA,2016,2189675048,-0.013652719396563207,21.507018989856757
7914,Saint Lucia,LCA,2017,2159780029,0.18215966381639315,21.493272215030675
7915,Saint Lucia,LCA,2018,2553204833,0.019302678485882296,21.660615204263074
7917,Saint Vincent and the Grenadines,VCT,1970,374893066,0.02992829427258603,19.742151385936268
7918,Saint Vincent and the Grenadines,VCT,1971,386112976,0.2506361350570099,19.77164056854334
7919,Saint Vincent and the Grenadines,VCT,1972,482886840,-0.10121633673015396,19.995292898453375
7920,Saint Vincent and the Grenadines,VCT,1973,434010803,-0.09000190255632878,19.888579983459955
7921,Saint Vincent and the Grenadines,VCT,1974,394949005,-0.09543746793336016,19.794267213265286
7922,Saint Vincent and the Grenadines,VCT,1975,357256072,0.16834414503667272,19.693963371130863
7923,Saint Vincent and the Grenadines,VCT,1976,417398040,-0.021053865034919683,19.849550856860844
7924,Saint Vincent and the Grenadines,VCT,1977,408610198,0.1248148265746416,19.82827219843086
7925,Saint Vincent and the Grenadines,VCT,1978,459610809,0.04147331530664666,19.945890621939085
7926,Saint Vincent and the Grenadines,VCT,1979,478672393,0.012659054686698923,19.986526981924698
7927,Saint Vincent and the Grenadines,VCT,1980,484731933,0.0743689626076276,19.99910658063434
7928,Saint Vincent and the Grenadines,VCT,1981,520780944,0.05936155759186157,20.07084005832746
7929,Saint Vincent and the Grenadines,VCT,1982,551695312,0.04520899209671003,20.128506480834798
7930,Saint Vincent and the Grenadines,VCT,1983,576636901,0.03811076773250077,20.17272333869279
7931,Saint Vincent and the Grenadines,VCT,1984,598612976,-0.057554517495123636,20.210125830394833
7932,Saint Vincent and the Grenadines,VCT,1985,564160095,0.08177893723589214,20.15084862556571
7933,Saint Vincent and the Grenadines,VCT,1986,610296508,0.06247953658617367,20.22945547572218
7934,Saint Vincent and the Grenadines,VCT,1987,648427551,0.12040762592458076,20.290060837669543
7935,Saint Vincent and the Grenadines,VCT,1988,726503173,-0.004568837581663265,20.403753408480558
7936,Saint Vincent and the Grenadines,VCT,1989,723183898,-0.013243791830110707,20.399174101860744
7937,Saint Vincent and the Grenadines,VCT,1990,713606201,0.14691297784840862,20.38584182893447
7938,Saint Vincent and the Grenadines,VCT,1991,818444213,0.12274525545457071,20.522915794847254
7939,Saint Vincent and the Grenadines,VCT,1992,918904357,-0.0681607150111706,20.63869260199867
7940,Saint Vincent and the Grenadines,VCT,1993,856271179,-0.036358091646104596,20.568097681833354
7941,Saint Vincent and the Grenadines,VCT,1994,825138793,0.05766149453113889,20.531062164088606
7942,Saint Vincent and the Grenadines,VCT,1995,872717529,0.030413807581490593,20.587122497872006
7943,Saint Vincent and the Grenadines,VCT,1996,899260192,-0.023007464562603497,20.617082974365132
7944,Saint Vincent and the Grenadines,VCT,1997,878570495,-0.0824141914758929,20.593806707107333
7945,Saint Vincent and the Grenadines,VCT,1998,806163818,-0.039546908814505954,20.507797527957756
7946,Saint Vincent and the Grenadines,VCT,1999,774282531,0.21284628724240195,20.46744739207959
7947,Saint Vincent and the Grenadines,VCT,2000,939085693,-0.17970529021785453,20.660417292859517
7948,Saint Vincent and the Grenadines,VCT,2001,770327026,0.035980479802093734,20.462325691739533
7949,Saint Vincent and the Grenadines,VCT,2002,798043762,0.035881502197619985,20.497673993509444
7950,Saint Vincent and the Grenadines,VCT,2003,826678771,0.014183599980215345,20.532926750686705
7951,Saint Vincent and the Grenadines,VCT,2004,838404052,0.12615696184636294,20.54701070453464
7952,Saint Vincent and the Grenadines,VCT,2005,944174560,0.08440092793857956,20.665821622269295
7953,Saint Vincent and the Grenadines,VCT,2006,1023863769,-0.016705291775980458,20.74684931662744
7954,Saint Vincent and the Grenadines,VCT,2007,1006759826,0.11486022287901654,20.730002917767404
7955,Saint Vincent and the Grenadines,VCT,2008,1122396484,-0.006657659843488983,20.838731954174563
7956,Saint Vincent and the Grenadines,VCT,2009,1114923950,-0.009934573564412186,20.832052033254314
7957,Saint Vincent and the Grenadines,VCT,2010,1103847656,0.043058393739072276,20.822067782525817
7958,Saint Vincent and the Grenadines,VCT,2011,1151377563,0.025254649677414198,20.864224943304286
7959,Saint Vincent and the Grenadines,VCT,2012,1180455200,-0.028697488053760933,20.889165963748543
7960,Saint Vincent and the Grenadines,VCT,2013,1146579101,0.01331235846413703,20.860048651340644
7961,Saint Vincent and the Grenadines,VCT,2014,1161842773,0.013160056898679828,20.873273178992367
7962,Saint Vincent and the Grenadines,VCT,2015,1177132690,0.00459366139937889,20.886347394639255
7963,Saint Vincent and the Grenadines,VCT,2016,1182540039,-0.038496112181111486,20.890930537376587
7964,Saint Vincent and the Grenadines,VCT,2017,1137016845,0.06991315243003271,20.851673866908495
7965,Saint Vincent and the Grenadines,VCT,2018,1216509277,0.009210844678170016,20.919251346134935
7967,Sao Tome and Principe,STP,1970,172229324,0.05204753053550859,18.964337425820194
7968,Sao Tome and Principe,STP,1971,181193435,0.02886163066559222,19.015075720232478
7969,Sao Tome and Principe,STP,1972,186422973,0.04289900472727681,19.04352869832979
7970,Sao Tome and Principe,STP,1973,194420333,0.06104180471699938,19.08553303814248
7971,Sao Tome and Principe,STP,1974,206288101,0.06061365119648854,19.1447842982394
7972,Sao Tome and Principe,STP,1975,218791976,0.022043971118940853,19.203631955079125
7973,Sao Tome and Principe,STP,1976,223615020,0.2044257894661996,19.22543647051333
7974,Sao Tome and Principe,STP,1977,269327697,0.08835023751753246,19.41143940061809
7975,Sao Tome and Principe,STP,1978,293122863,0.16990604038962331,19.496102406733126
7976,Sao Tome and Principe,STP,1979,342926208,-0.17363068091896905,19.653025844958684
7977,Sao Tome and Principe,STP,1980,283383697,-0.10326158600436353,19.462312357101784
7978,Sao Tome and Principe,STP,1981,254121047,0.03163063467151539,19.35332127445486
7979,Sao Tome and Principe,STP,1982,262159057,-0.049114492351870154,19.38446196530839
7980,Sao Tome and Principe,STP,1983,249283248,-0.020068275907573208,19.334100350086807
7981,Sao Tome and Principe,STP,1984,244280563,-0.014055633235133813,19.313827971048827
7982,Sao Tome and Principe,STP,1985,240847045,-0.051503052487108625,19.299672621918113
7983,Sao Tome and Principe,STP,1986,228442687,-0.038415438529665,19.246795914080135
7984,Sao Tome and Principe,STP,1987,219666961,0.0028133315869927067,19.207623143706726
7985,Sao Tome and Principe,STP,1988,220284957,0.14864724058302348,19.210432525283135
7986,Sao Tome and Principe,STP,1989,253029708,-0.07771003711548374,19.349017462723165
7987,Sao Tome and Principe,STP,1990,233366760,-0.042781109871860123,19.2681218512221
7988,Sao Tome and Principe,STP,1991,223383071,0.042825322246554665,19.224398662856032
7989,Sao Tome and Principe,STP,1992,232949523,-0.10083993604056452,19.266332348575272
7990,Sao Tome and Principe,STP,1993,209458908,0.007671318519430148,19.160038134889785
7991,Sao Tome and Principe,STP,1994,211065734,0.004771987289988067,19.167680178468242
7992,Sao Tome and Principe,STP,1995,212072937,0.017970826706662724,19.172440815920083
7993,Sao Tome and Principe,STP,1996,215884063,0.07914884851875326,19.19025207617871
7994,Sao Tome and Principe,STP,1997,232971038,0.22257599247164794,19.266424703374852
7995,Sao Tome and Principe,STP,1998,284824798,-0.05457659975238538,19.467384805340792
7996,Sao Tome and Principe,STP,1999,269280029,0.04309315489564214,19.411262396101357
7997,Sao Tome and Principe,STP,2000,280884155,0.29530871899840694,19.453452882509115
7998,Sao Tome and Principe,STP,2001,363831695,-0.007723595933553873,19.71220194229847
7999,Sao Tome and Principe,STP,2002,361021606,0.028801290081236885,19.704448364921703
8000,Sao Tome and Principe,STP,2003,371419494,0.07330917046588836,19.732842693389124
8001,Sao Tome and Principe,STP,2004,398647949,0.09993052040009376,19.80358925203563
8002,Sao Tome and Principe,STP,2005,438485046,0.04201644769431878,19.898836266572427
8003,Sao Tome and Principe,STP,2006,456908630,-0.010495404737704384,19.939993994514456
8004,Sao Tome and Principe,STP,2007,452113189,0.09257356347549517,19.92944312458871
8005,Sao Tome and Principe,STP,2008,493966918,0.03937624422046815,20.01797910529843
8006,Sao Tome and Principe,STP,2009,513417480,0.10597085241429638,20.056599873348006
8007,Sao Tome and Principe,STP,2010,567824768,0.461073402842477,20.157323422045085
8008,Sao Tome and Principe,STP,2011,829633666,-0.11697277844074372,20.5364947950591
8009,Sao Tome and Principe,STP,2012,732589111,0.07438476518660675,20.412095544698662
8010,Sao Tome and Principe,STP,2013,787082580,0.11284363706791734,20.483843730991257
8011,Sao Tome and Principe,STP,2014,875899841,-0.0054744900906997795,20.59076230560573
8012,Sao Tome and Principe,STP,2015,871104736,-0.04397590257160533,20.58527277557838
8013,Sao Tome and Principe,STP,2016,832797119,0.011119238754234928,20.540300615845023
8014,Sao Tome and Principe,STP,2017,842057189,-0.049423593247180264,20.551358490327665
8015,Sao Tome and Principe,STP,2018,800439697,0.01685947742294447,20.500671755895763
8017,Saudi Arabia,SAU,1970,142133937500,0.17954224954191544,25.680035671824466
8018,Saudi Arabia,SAU,1971,167652984375,0.17817504553443775,25.845162110922995
8019,Saudi Arabia,SAU,1972,197524562500,0.18246306709323812,26.009128780643252
8020,Saudi Arabia,SAU,1973,233565500000,0.34591501099263366,26.17672838863732
8021,Saudi Arabia,SAU,1974,314359312500,-0.06600090779877887,26.473802475958916
8022,Saudi Arabia,SAU,1975,293611312500,0.1817343124338917,26.405522663257848
8023,Saudi Arabia,SAU,1976,346970562500,0.044875474846659325,26.57250577900069
8024,Saudi Arabia,SAU,1977,362541031250,-0.015790454063259962,26.616403494490847
8025,Saudi Arabia,SAU,1978,356816343750,0.054836508592524424,26.600487043077397
8026,Saudi Arabia,SAU,1979,376382906250,0.0962879972713957,26.653872829837876
8027,Saudi Arabia,SAU,1980,412624062500,0.025949695432510023,26.74580275507841
8028,Saudi Arabia,SAU,1981,423331531250,-0.14186125841529784,26.771421470832113
8029,Saudi Arabia,SAU,1982,363277187500,-0.09968825457833075,26.618431981744013
8030,Saudi Arabia,SAU,1983,327062718750,-0.03903207784974727,26.513417789911024
8031,Saudi Arabia,SAU,1984,314296781250,-0.17191479152317912,26.473603539685723
8032,Saudi Arabia,SAU,1985,260264515625,0.04099092936038806,26.284964318582528
8033,Saudi Arabia,SAU,1986,270933000000,-0.03980619747317604,26.3251373947868
8034,Saudi Arabia,SAU,1987,260148187500,0.07438308598632837,26.284517257524108
8035,Saudi Arabia,SAU,1988,279498812500,-0.007586794308830913,26.35626388087422
8036,Saudi Arabia,SAU,1989,277378312500,0.10294288959595566,26.34864816044422
8037,Saudi Arabia,SAU,1990,305932437500,0.11103942680154666,26.446630122036883
8038,Saudi Arabia,SAU,1991,339903000000,0.08031142340608932,26.551926119734862
8039,Saudi Arabia,SAU,1992,367201093750,0.008800950773311778,26.629175474310316
8040,Saudi Arabia,SAU,1993,370432812500,-0.02973320904178811,26.637937922457937
8041,Saudi Arabia,SAU,1994,359418656250,0.015443602198932815,26.60775371938101
8042,Saudi Arabia,SAU,1995,364969375000,0.03337129313932152,26.623079282899166
8043,Saudi Arabia,SAU,1996,377148875000,0.03461340365923138,26.65590584034355
8044,Saudi Arabia,SAU,1997,390203281250,-0.08154147217335839,26.689933674249218
8045,Saudi Arabia,SAU,1998,358385531250,0.1276105681233468,26.604875146836076
8046,Saudi Arabia,SAU,1999,404119312500,0.14910819190310298,26.724975999277138
8047,Saudi Arabia,SAU,2000,464376812500,-0.030665829164327585,26.863962155506375
8048,Saudi Arabia,SAU,2001,450136312500,0.07818701029590902,26.832816290507452
8049,Saudi Arabia,SAU,2002,485331125000,0.09196234323524988,26.908097226887218
8050,Saudi Arabia,SAU,2003,529963312500,0.17841187827506455,26.996073619398533
8051,Saudi Arabia,SAU,2004,624515062500,0.22268438081107123,27.160241285516616
8052,Saudi Arabia,SAU,2005,763584812500,0.17306009802283762,27.36129003926024
8053,Saudi Arabia,SAU,2006,895730875000,0.10980697745849155,27.52090584208021
8054,Saudi Arabia,SAU,2007,994088375000,0.2575589670284597,27.625091948101566
8055,Saudi Arabia,SAU,2008,1250124750000,-0.09276734181928648,27.854264462263068
8056,Saudi Arabia,SAU,2009,1134154000000,0.22577566626754386,27.756908114482925
8057,Saudi Arabia,SAU,2010,1390218375000,0.2795040203665844,27.960481955048106
8058,Saudi Arabia,SAU,2011,1778790000000,0.06500802511819836,28.206954473799666
8059,Saudi Arabia,SAU,2012,1894425625000,-0.006707441998415775,28.269936808254915
8060,Saudi Arabia,SAU,2013,1881718875000,0.010920799739546627,28.263206770269893
8061,Saudi Arabia,SAU,2014,1902268750000,-0.1008285501194297,28.274068368703052
8062,Saudi Arabia,SAU,2015,1710465750000,-0.06145679912035651,28.167786817778623
8063,Saudi Arabia,SAU,2016,1605346000000,-0.00021996815639746536,28.10436042560128
8064,Saudi Arabia,SAU,2017,1604992875000,0.079745213822211,28.104140433248336
8065,Saudi Arabia,SAU,2018,1732983375000,0.02480058413716746,28.180865533425003
8067,Senegal,SEN,1960,9247088867,-0.00017562543448623735,22.94757462185585
8068,Senegal,SEN,1961,9245464843,0.005175045691317992,22.947398980997413
8069,Senegal,SEN,1962,9293310546,0.009979351334591602,22.95256068215901
8070,Senegal,SEN,1963,9386051757,0.02909226702232437,22.962490568580016
8071,Senegal,SEN,1964,9659113281,0.013379628879000016,22.99116768810047
8072,Senegal,SEN,1965,9788348632,0.05773924655200213,23.004458600200653
8073,Senegal,SEN,1966,10353520507,-0.006582434154056349,23.060592444425254
8074,Senegal,SEN,1967,10285369140,0.019070531969259008,23.05398825051081
8075,Senegal,SEN,1968,10481516601,-0.09789516947405352,23.07287921920515
8076,Senegal,SEN,1969,9455426757,0.09059519289976348,22.969854673627886
8077,Senegal,SEN,1970,10312042968,0.004276609992496239,23.056578269370583
8078,Senegal,SEN,1971,10356143554,0.03774499416329746,23.060845760655425
8079,Senegal,SEN,1972,10747036132,-0.03970680499802004,23.097895844854303
8080,Senegal,SEN,1973,10320305664,0.09511862845538288,23.057379215165856
8081,Senegal,SEN,1974,11301958984,0.03404372131810951,23.148241909055283
8082,Senegal,SEN,1975,11686719726,0.0786676851635828,23.18171896792081
8083,Senegal,SEN,1976,12606086914,0.0015523719718502083,23.2574456226669
8084,Senegal,SEN,1977,12625656250,-0.015576464470906215,23.25899679095493
8085,Senegal,SEN,1978,12428993164,0.07792955746451491,23.24329773870561
8086,Senegal,SEN,1979,13397579101,-0.03507615394223895,23.318339863477075
8087,Senegal,SEN,1980,12927643554,0.028344057713953985,23.28263376671757
8088,Senegal,SEN,1981,13294065429,0.18230541221146268,23.310583564247686
8089,Senegal,SEN,1982,15717645507,0.0626602801648235,23.478049835821395
8090,Senegal,SEN,1983,16702517578,0.06031311473228973,23.538825298180654
8091,Senegal,SEN,1984,17709898437,0.08638166686511761,23.5973895539421
8092,Senegal,SEN,1985,19239708984,0.04213504563266324,23.680242156497854
8093,Senegal,SEN,1986,20050375000,0.01889333037412011,23.72151369376598
8094,Senegal,SEN,1987,20429193359,0.03383972861050055,23.740230761834443
8095,Senegal,SEN,1988,21120511718,0.01616319739587846,23.773510524562923
8096,Senegal,SEN,1989,21461886718,0.00860282301486337,23.78954448817817
8097,Senegal,SEN,1990,21646519531,-0.02093121207550863,23.798110517778685
8098,Senegal,SEN,1991,21193431640,0.006218023217687829,23.776957142315787
8099,Senegal,SEN,1992,21325212890,-0.019109843643863367,23.78315591339273
8100,Senegal,SEN,1993,20917691406,0.04428097924488528,23.763861116612063
8101,Senegal,SEN,1994,21843947265,0.011798266122576617,23.80718970706933
8102,Senegal,SEN,1995,22101667968,0.15344677573250576,23.818918916287284
8103,Senegal,SEN,1996,25493097656,0.0051515169624389845,23.961673572313444
8104,Senegal,SEN,1997,25624425781,-0.006958540086865583,23.966811865607568
8105,Senegal,SEN,1998,25446117187,0.08768942831639404,23.959829001977386
8106,Senegal,SEN,1999,27677472656,-0.01547251948624595,24.043884657746908
8107,Senegal,SEN,2000,27249232421,0.04616672475627226,24.02829118962224
8108,Senegal,SEN,2001,28507240234,0.01141246533615603,24.073423935255725
8109,Senegal,SEN,2002,28832578125,0.00586250904331842,24.084771769676582
8110,Senegal,SEN,2003,29001609375,0.026525400230482887,24.09061716108271
8111,Senegal,SEN,2004,29770888671,0.08766336926791962,24.116796862754622
8112,Senegal,SEN,2005,32380705078,0.0116267518293105,24.200828560066917
8113,Senegal,SEN,2006,32757187500,0.061465756545796335,24.212388240597466
8114,Senegal,SEN,2007,34770632812,0.009237882805778197,24.272038982743044
8115,Senegal,SEN,2008,35091839843,0.06753239353087737,24.28123445728443
8116,Senegal,SEN,2009,37461675781,0.05048232105407213,24.346584268172656
8117,Senegal,SEN,2010,39352828125,0.026583123573154843,24.395833680256448
8118,Senegal,SEN,2011,40398949218,0.051057175741614946,24.422069612119817
8119,Senegal,SEN,2012,42461605468,-0.029214351820372353,24.47186610381145
8120,Senegal,SEN,2013,41221117187,0.027893109999517662,24.44221651507395
8121,Senegal,SEN,2014,42370902343,0.05616343248335709,24.469727698101085
8122,Senegal,SEN,2015,44750597656,0.03877200312133411,24.524370637019434
8123,Senegal,SEN,2016,46485667968,0.03994031763248174,24.56240988628955
8124,Senegal,SEN,2017,48342320312,0.04667413403902976,24.6015732109043
8125,Senegal,SEN,2018,50598656250,0.04603305916844391,24.647190856563096
8127,Serbia,SRB,1990,116169312500,-0.11641386575305768,25.478314554403152
8128,Serbia,SRB,1991,102645593750,-0.28206124288700896,25.354548054502228
8129,Serbia,SRB,1992,73693250000,-0.3103268235286135,25.023177044430348
8130,Serbia,SRB,1993,50824257812,0.02375680289255344,24.651639593540622
8131,Serbia,SRB,1994,52031679687,0.060412939538166954,24.67511859477578
8132,Serbia,SRB,1995,55175066406,-0.010456206264525036,24.73377699264082
8133,Serbia,SRB,1996,54598144531,0.07888188736074464,24.72326573617112
8134,Serbia,SRB,1997,58904949218,0.06800289424196548,24.79919095154413
8135,Serbia,SRB,1998,62910656250,-0.07420679923363538,24.864981402042847
8136,Serbia,SRB,1999,58242257812,0.07138019551747932,24.78787700745978
8137,Serbia,SRB,2000,62399601562,-0.02820355548667053,24.856824727077047
8138,Serbia,SRB,2001,60639710937,0.0862813830104785,24.82821581139911
8139,Serbia,SRB,2002,65871789062,0.04783736494592672,24.910976099728124
8140,Serbia,SRB,2003,69022921875,0.05135873113890832,24.957704487464063
8141,Serbia,SRB,2004,72567851562,0.1185419680042532,25.007787844754812
8142,Serbia,SRB,2005,81170187500,0.15391869551859783,25.119813867683565
8143,Serbia,SRB,2006,93663796875,0.03200993313351619,25.26297757879749
8144,Serbia,SRB,2007,96661968750,0.1110770846678002,25.294485870939912
8145,Serbia,SRB,2008,107398898437,-0.00479833540659913,25.39981576232984
8146,Serbia,SRB,2009,106883562500,0.015101421698963335,25.395005877953206
8147,Serbia,SRB,2010,108497656250,0.03973926567653385,25.409994408311125
8148,Serbia,SRB,2011,112809273437,0.0019327422591881582,25.448964383952127
8149,Serbia,SRB,2012,113027304687,-0.022172532282708213,25.450895260868094
8150,Serbia,SRB,2013,110521203125,-0.02348637288235278,25.4284732229811
8151,Serbia,SRB,2014,107925460937,0.012960695751084383,25.40470664927992
8152,Serbia,SRB,2015,109324250000,0.016545105500380686,25.41758407394288
8153,Serbia,SRB,2016,111133031250,0.016064151152180406,25.433993800384943
8154,Serbia,SRB,2017,112918289062,0.02773880808874285,25.449930288445746
8155,Serbia,SRB,2018,116050507812,0.037890088944059874,25.477291345460817
8157,Seychelles,SYC,1960,264357757,0.008761467892163921,19.392813883888376
8158,Seychelles,SYC,1961,266673919,0.0703329034587743,19.40153719284428
8159,Seychelles,SYC,1962,285429870,0.11005578358004375,19.46950691765666
8160,Seychelles,SYC,1963,316843078,0.08638199443321914,19.573917187195654
8161,Seychelles,SYC,1964,344212615,-0.07878601427783227,19.65677009127348
8162,Seychelles,SYC,1965,317093475,-0.029621139318618872,19.57470716219185
8163,Seychelles,SYC,1966,307700805,0.07719389944397448,19.544638456473443
8164,Seychelles,SYC,1967,331453430,0.1814315453003459,19.618997875066977
8165,Seychelles,SYC,1968,391589538,-0.06948880743591268,19.785724752226976
8166,Seychelles,SYC,1969,364378448,0.29211505396169857,19.71370357780299
8167,Seychelles,SYC,1970,470818878,0.7040482709786331,19.969984030252537
8168,Seychelles,SYC,1971,802298095,0.07255121676438736,20.502990786297534
8169,Seychelles,SYC,1972,860505798,0.05210196735943429,20.573030911536225
8170,Seychelles,SYC,1973,905339843,-0.019870441071486167,20.623820948302363
8171,Seychelles,SYC,1974,887350341,0.10289098880280934,20.603750435235078
8172,Seychelles,SYC,1975,978650695,0.18489831757591513,20.701685339074512
8173,Seychelles,SYC,1976,1159601562,-0.09151092450839593,20.87134230202708
8174,Seychelles,SYC,1977,1053485351,0.24637248610398577,20.77536988603353
8175,Seychelles,SYC,1978,1313035156,0.1915720000721748,20.995607207232304
8176,Seychelles,SYC,1979,1564575927,-0.2842476631049431,21.17088065105573
8177,Seychelles,SYC,1980,1119848876,-0.09785326694385144,20.836459581006398
8178,Seychelles,SYC,1981,1010268005,-0.12331093074653987,20.73348148408525
8179,Seychelles,SYC,1982,885690917,0.06894665941346667,20.60187859556182
8180,Seychelles,SYC,1983,946756347,0.08423317282498233,20.66855232871103
8181,Seychelles,SYC,1984,1026504638,-0.014139043763385262,20.74942531267901
8182,Seychelles,SYC,1985,1011990844,-0.04976207472485794,20.735185360339926
8183,Seychelles,SYC,1986,961632080,0.21665462845207917,20.68414248225364
8184,Seychelles,SYC,1987,1169974121,0.04168115185173393,20.88024746670803
8185,Seychelles,SYC,1988,1218739990,0.10717045150869309,20.92108336690927
8186,Seychelles,SYC,1989,1349352905,0.02622142648442294,21.02289098485195
8187,Seychelles,SYC,1990,1384734863,0.024237227570979458,21.04877452360272
8188,Seychelles,SYC,1991,1418296997,0.0012899900400762387,21.072722690939038
8189,Seychelles,SYC,1992,1420126586,0.16425348648461968,21.074011849656817
8190,Seychelles,SYC,1993,1653387329,0.04518828933156782,21.22609194715121
8191,Seychelles,SYC,1994,1728101074,-0.09601674259476789,21.270288997515838
8192,Seychelles,SYC,1995,1562174438,0.05080050669731939,21.169344558184935
8193,Seychelles,SYC,1996,1641533691,0.0930706234283436,21.21889681921555
8194,Seychelles,SYC,1997,1794312255,-0.04863750651917609,21.307887640621114
8195,Seychelles,SYC,1998,1707041381,0.04480758630185777,21.258027522409815
8196,Seychelles,SYC,1999,1783529785,0.08017890489000168,21.301860262932156
8197,Seychelles,SYC,2000,1926531250,-0.10252555051987866,21.37898694302532
8198,Seychelles,SYC,2001,1729012573,0.03372370849728923,21.270816315454553
8199,Seychelles,SYC,2002,1787321289,-0.002100502591842579,21.303983849352466
8200,Seychelles,SYC,2003,1783567016,-0.18165542763098508,21.301881137610962
8201,Seychelles,SYC,2004,1459572387,0.28451769415393846,21.10140934415085
8202,Seychelles,SYC,2005,1874846557,0.11283729391620811,21.35179265675335
8203,Seychelles,SYC,2006,2086399169,0.17754930432490035,21.458705531402817
8204,Seychelles,SYC,2007,2456837890,-0.3753050222617659,21.622140949472776
8205,Seychelles,SYC,2008,1534774291,0.18345284883326207,21.15164916548007
8206,Seychelles,SYC,2009,1816333007,0.04338629243442482,21.320085474213254
8207,Seychelles,SYC,2010,1895136962,0.16270287856904764,21.3625569483308
8208,Seychelles,SYC,2011,2203481201,0.060162147941102306,21.513304310782647
8209,Seychelles,SYC,2012,2336047363,-0.06206020832292514,21.5717261769637
8210,Seychelles,SYC,2013,2191071777,0.07986903068944962,21.507656656950118
8211,Seychelles,SYC,2014,2366070556,-0.04161359125589825,21.584496422852567
8212,Seychelles,SYC,2015,2267609863,-0.1286454326909937,21.54199218993751
8213,Seychelles,SYC,2016,1975892211,0.13590348628587212,21.404285885695163
8214,Seychelles,SYC,2017,2244422851,0.09116368731891877,21.531714243129485
8215,Seychelles,SYC,2018,2449032714,0.10880451676971759,21.61895897293257
8217,Sierra Leone,SLE,1961,2152485351,0.1350545223757018,21.48988898866809
8218,Sierra Leone,SLE,1962,2443188232,0.07569934709803405,21.61656967578312
8219,Sierra Leone,SLE,1963,2628135986,0.029892859585082476,21.68954068128332
8220,Sierra Leone,SLE,1964,2706698486,0.020794763912983516,21.718995458294117
8221,Sierra Leone,SLE,1965,2762983642,0.01787017456399398,21.739576962493764
8222,Sierra Leone,SLE,1966,2812358642,-0.05938232468147642,21.75728934259162
8223,Sierra Leone,SLE,1967,2645354248,0.10368680497418215,21.69607082447962
8224,Sierra Leone,SLE,1968,2919642578,0.06697839642205694,21.794727040940003
8225,Sierra Leone,SLE,1969,3115195556,0.21639156800337966,21.85955776602752
8226,Sierra Leone,SLE,1970,3789297607,0.017449110589217387,22.05544651089706
8227,Sierra Leone,SLE,1971,3855417480,0.041858712535587816,22.07274513381799
8228,Sierra Leone,SLE,1972,4016800292,0.035883709799332086,22.11375147537945
8229,Sierra Leone,SLE,1973,4160937988,0.024276189477304033,22.14900636368788
8230,Sierra Leone,SLE,1974,4261949707,-0.004445565833139931,22.17299257022473
8231,Sierra Leone,SLE,1975,4243002929,-0.020615397270210112,22.168537093479816
8232,Sierra Leone,SLE,1976,4155531738,0.006629905084844845,22.147706232516928
8233,Sierra Leone,SLE,1977,4183082519,0.033364137658313364,22.154314256441154
8234,Sierra Leone,SLE,1978,4322647460,0.013023025014397005,22.187133889456895
8235,Sierra Leone,SLE,1979,4378941406,-0.03979060390286482,22.20007284399563
8236,Sierra Leone,SLE,1980,4204700683,0.07456022238812943,22.15946894662498
8237,Sierra Leone,SLE,1981,4518204101,0.0739835876219086,22.231380429049327
8238,Sierra Leone,SLE,1982,4852477050,-0.015629601998838893,22.30275514347539
8239,Sierra Leone,SLE,1983,4776634765,0.050920782719714675,22.287002111449883
8240,Sierra Leone,SLE,1984,5019864746,0.007837222313877845,22.336668827259192
8241,Sierra Leone,SLE,1985,5059206542,0.019931562422461857,22.34447549806841
8242,Sierra Leone,SLE,1986,5160044433,0.07656363857516424,22.36421102744932
8243,Sierra Leone,SLE,1987,5555116210,0.06695685759560366,22.437985179711177
8244,Sierra Leone,SLE,1988,5927069335,0.06894661508122879,22.50279571784465
8245,Sierra Leone,SLE,1989,6335720703,0.07537179910312086,22.569469409521034
8246,Sierra Leone,SLE,1990,6813255371,0.03138076636757847,22.642135870935814
8247,Sierra Leone,SLE,1991,7027060546,-0.06286926505158363,22.67303432531403
8248,Sierra Leone,SLE,1992,6585274414,0.10676267666315042,22.608101843862595
8249,Sierra Leone,SLE,1993,7288335937,0.08402036586859918,22.709541090380714
8250,Sierra Leone,SLE,1994,7900704589,0.012387764900900766,22.790217780923342
8251,Sierra Leone,SLE,1995,7998576660,-0.11492040972699757,22.80252944529705
8252,Sierra Leone,SLE,1996,7079376953,-0.18717929583315407,22.680451739791025
8253,Sierra Leone,SLE,1997,5754264160,-0.1059008295510716,22.4732070099549
8254,Sierra Leone,SLE,1998,5144882812,-0.2376615304333194,22.361268428907913
8255,Sierra Leone,SLE,1999,3922142089,0.2155315120711323,22.089903792774162
8256,Sierra Leone,SLE,2000,4767487304,0.14079026921305893,22.285085232404363
8257,Sierra Leone,SLE,2001,5438703125,0.16434204928219898,22.41680647325368
8258,Sierra Leone,SLE,2002,6332510742,0.009324633215126665,22.56896263616713
8259,Sierra Leone,SLE,2003,6391559082,-0.012984119983137421,22.5782440633691
8260,Sierra Leone,SLE,2004,6308570312,-0.006216586494312448,22.565174912867167
8261,Sierra Leone,SLE,2005,6269352539,0.0168560099854993,22.558938922941834
8262,Sierra Leone,SLE,2006,6375028808,0.05422578131195177,22.575654446882652
8263,Sierra Leone,SLE,2007,6720719726,0.07690201869310931,22.628461087829784
8264,Sierra Leone,SLE,2008,7237556640,0.0733023327331086,22.702549505721638
8265,Sierra Leone,SLE,2009,7768086425,0.04357578822895247,22.773289693645943
8266,Sierra Leone,SLE,2010,8106586914,0.1871558681964931,22.81594276741669
8267,Sierra Leone,SLE,2011,9623782226,0.1403057996628445,22.98750318714165
8268,Sierra Leone,SLE,2012,10974054687,0.2680475396650446,23.118799658895
8269,Sierra Leone,SLE,2013,13915623046,0.016677803877901853,23.356278006056634
8270,Sierra Leone,SLE,2014,14147705078,-0.06885834095558607,23.372818262581845
8271,Sierra Leone,SLE,2015,13173517578,0.02611722054970178,23.301474407244374
8272,Sierra Leone,SLE,2016,13517573242,-0.03992907094617981,23.327256397515352
8273,Sierra Leone,SLE,2017,12977829101,0.16730719468579625,23.28650828469684
8274,Sierra Leone,SLE,2018,15149113281,-0.03286354169814065,23.44120783788195
8276,Singapore,SGP,1960,4546644042,0.1753686588689407,22.23765522458153
8277,Singapore,SGP,1961,5343982910,0.16616563768165205,22.3992370751966
8278,Singapore,SGP,1962,6231969238,0.13947957520389798,22.552958209366604
8279,Singapore,SGP,1963,7101201660,0.02906920249325795,22.6835298545602
8280,Singapore,SGP,1964,7307627929,0.07982254743500916,22.71218456133082
8281,Singapore,SGP,1965,7890941406,0.13696752749655383,22.788981281036374
8282,Singapore,SGP,1966,8971744140,0.14569134480466794,22.917345935587395
8283,Singapore,SGP,1967,10278849609,0.10556187980899567,23.053354184972218
8284,Singapore,SGP,1968,11363904296,0.1586885318661786,23.153707879220384
8285,Singapore,SGP,1969,13167225585,0.1356412951589907,23.300996668778094
8286,Singapore,SGP,1970,14953245117,0.16101797249766836,23.42819417791025
8287,Singapore,SGP,1971,17360986328,0.12432858111977207,23.57749136069367
8288,Singapore,SGP,1972,19519453125,0.10227017115777937,23.694677401401602
8289,Singapore,SGP,1973,21515710937,0.14591998726851085,23.79204924647445
8290,Singapore,SGP,1974,24655283203,0.06723734809090676,23.9282570431921
8291,Singapore,SGP,1975,26313039062,0.12433645214036804,23.993330435096023
8292,Singapore,SGP,1976,29584708984,0.08122115712882416,24.1105234764203
8293,Singapore,SGP,1977,31987613281,0.15603940441423148,24.188614579840664
8294,Singapore,SGP,1978,36978941406,0.15341670919437145,24.333614436373427
8295,Singapore,SGP,1979,42652128906,0.12109484936573534,24.476343025371058
8296,Singapore,SGP,1980,47817082031,0.00678586930063263,24.59064877726955
8297,Singapore,SGP,1981,48141562500,0.05485263188123568,24.597411726190476
8298,Singapore,SGP,1982,50782253906,0.10830716653854866,24.65081279794096
8299,Singapore,SGP,1983,56282335937,0.11794039510780507,24.753646573963817
8300,Singapore,SGP,1984,62920296875,-0.10505583826363663,24.865134633418428
8301,Singapore,SGP,1985,56310152343,0.04614280881665911,24.75414068164348
8302,Singapore,SGP,1986,58908460937,0.13321781158724755,24.799250566472455
8303,Singapore,SGP,1987,66756117187,0.08427399502941069,24.92431177327872
8304,Singapore,SGP,1988,72381921875,0.030589691011848386,25.005222407299264
8305,Singapore,SGP,1989,74596062500,0.15669843079183976,25.035353561261793
8306,Singapore,SGP,1990,86285148437,-0.04095758440492603,25.18092332795507
8307,Singapore,SGP,1991,82751117187,-0.004636361115620935,25.139103351861692
8308,Singapore,SGP,1992,82367453125,-0.02737722367811768,25.134456209487094
8309,Singapore,SGP,1993,80112460937,-0.0458043599844683,25.10669724617483
8310,Singapore,SGP,1994,76442960937,0.03668676982974617,25.059810691007847
8311,Singapore,SGP,1995,79247406250,0.25394127646922193,25.095840520461582
8312,Singapore,SGP,1996,99371593750,0.051115352691019966,25.322132132603887
8313,Singapore,SGP,1997,104451007812,0.1370797418610934,25.371983973653034
8314,Singapore,SGP,1998,118769125000,0.03315308166158504,25.500447319525158
8315,Singapore,SGP,1999,122706687500,0.3305695441415937,25.533062690030537
8316,Singapore,SGP,2000,163269781250,-0.016801180102028246,25.818669769278355
8317,Singapore,SGP,2001,160526656250,0.08412037486764756,25.801725848280817
8318,Singapore,SGP,2002,174030218750,-0.038060559525671445,25.882494792058893
8319,Singapore,SGP,2003,167406531250,0.14952289607876335,25.843691010071034
8320,Singapore,SGP,2004,192437640625,0.37611575308202516,25.9830379933876
8321,Singapore,SGP,2005,264816468750,0.12006959536952899,26.30230285224
8322,Singapore,SGP,2006,296612875000,0.10056163273425,26.41569367433927
8323,Singapore,SGP,2007,326440750000,-0.084013331668917,26.511514299057374
8324,Singapore,SGP,2008,299015375000,-0.024689470399306357,26.423760830419745
8325,Singapore,SGP,2009,291632843750,0.2662855939044073,26.398761463625824
8326,Singapore,SGP,2010,369290468750,0.08206268862713495,26.63484934950897
8327,Singapore,SGP,2011,399595437500,0.008637094986851501,26.71371846598796
8328,Singapore,SGP,2012,403046781250,-0.026999502306532808,26.722318474662245
8329,Singapore,SGP,2013,392164718750,0.08406480344555467,26.694947789370058
8330,Singapore,SGP,2014,425131968750,-0.008822554584705045,26.775665472376996
8331,Singapore,SGP,2015,421381218750,0.013512185632976736,26.766803768623713
8332,Singapore,SGP,2016,427075000000,0.08854467892056439,26.78022547877953
8333,Singapore,SGP,2017,464890218750,0.024974780672345487,26.865067125950763
8334,Singapore,SGP,2018,476500750000,0.0029530383740214994,26.889735134016345
8336,Sint Maarten (Dutch part),SXM,2005,1163983398,0.1707648548437457,20.875113923267342
8337,Sint Maarten (Dutch part),SXM,2006,1362750854,-0.01147375101920134,21.032771180582472
8338,Sint Maarten (Dutch part),SXM,2007,1347114990,0.05660851416997437,21.021231098214336
8339,Sint Maarten (Dutch part),SXM,2008,1423373168,-0.08128823389482354,21.076295362012456
8340,Sint Maarten (Dutch part),SXM,2009,1307669677,-0.0034627062779249984,20.991512517567813
8341,Sint Maarten (Dutch part),SXM,2010,1303141601,-0.04412544957192266,20.988043802246793
8342,Sint Maarten (Dutch part),SXM,2011,1245639892,-0.03620529118378624,20.942915204303922
8343,Sint Maarten (Dutch part),SXM,2013,1200541137,-0.17125374688431028,20.9060382395941
8344,Sint Maarten (Dutch part),SXM,2015,994943969,-0.6361766418225305,20.71819698097444
8345,Sint Maarten (Dutch part),SXM,2016,361983856,0.8897849825656314,19.7071101721105
8346,Sint Maarten (Dutch part),SXM,2017,684071655,0.6420702316630851,20.343573228871936
8347,Sint Maarten (Dutch part),SXM,2018,1123293701,0.17360901768290082,20.83953101101128
8349,Slovakia,SVK,1990,104279203125,-0.20765788181218425,25.37033778429667
8350,Slovakia,SVK,1991,82624804687,-0.0647698202770095,25.137575771266754
8351,Slovakia,SVK,1992,77273210937,0.012676712939994506,25.07061317279752
8352,Slovakia,SVK,1993,78252781250,0.03471432124976381,25.08321020886602
8353,Slovakia,SVK,1994,80969273437,0.046257709449674556,25.11733557936717
8354,Slovakia,SVK,1995,84714726562,0.05993562033496014,25.162555290811202
8355,Slovakia,SVK,1996,89792156250,0.02782197706717837,25.220763461557645
8356,Slovakia,SVK,1997,92290351562,-0.026329015123185417,25.248205439535095
8357,Slovakia,SVK,1998,89860437500,-0.04648693078085675,25.221523609261194
8358,Slovakia,SVK,1999,85683101562,0.04516178210705846,25.17392146180047
8359,Slovakia,SVK,2000,89552703125,0.05583539929577075,25.21809315064803
8360,Slovakia,SVK,2001,94552914062,0.01699957522140494,25.27242545190381
8361,Slovakia,SVK,2002,96160273437,0.007063484105471085,25.289282151292078
8362,Slovakia,SVK,2003,96839500000,0.005399075274035825,25.29632080584722
8363,Slovakia,SVK,2004,97362343750,0.14128128013557606,25.30170535836387
8364,Slovakia,SVK,2005,111117820312,0.06305722367776956,25.43385691957736
8365,Slovakia,SVK,2006,118124601562,0.08135106804958192,25.49500584973452
8366,Slovakia,SVK,2007,127734164062,0.10397809220055931,25.57321709797077
8367,Slovakia,SVK,2008,141015718750,-0.054211265898327365,25.672137201607544
8368,Slovakia,SVK,2009,133371078125,0.1002525964622436,25.61640114126252
8369,Slovakia,SVK,2010,146741875000,0.013177795193089814,25.711940927852684
8370,Slovakia,SVK,2011,148675609375,0.00631292603370226,25.7250326512359
8371,Slovakia,SVK,2012,149614187500,-0.03680466466457266,25.731325734220064
8372,Slovakia,SVK,2013,144107687500,0.03944999030672802,25.693826686898102
8373,Slovakia,SVK,2014,149792734375,0.0024640297244056253,25.732518404683702
8374,Slovakia,SVK,2015,150161828125,-0.043211402032203416,25.734979403664408
8375,Slovakia,SVK,2016,143673125000,0.003598554879348459,25.690806590967956
8376,Slovakia,SVK,2017,144190140625,0.013438852279363367,25.69439868654017
8377,Slovakia,SVK,2018,146127890625,0.02596045736905328,25.70774803840783
8379,Slovenia,SVN,1990,40194347656,-0.08846101554951435,24.416992217113357
8380,Slovenia,SVN,1991,36638714843,-0.046244841536075665,24.324371300891556
8381,Slovenia,SVN,1992,34944363281,0.07857523964366897,24.2770230131057
8382,Slovenia,SVN,1993,37690125000,0.05935749499371523,24.35266396074954
8383,Slovenia,SVN,1994,39927316406,0.05638947647034098,24.41032654829996
8384,Slovenia,SVN,1995,42178796875,0.03537044492808339,24.465183488000857
8385,Slovenia,SVN,1996,43670679687,0.0177679281742662,24.499942768485802
8386,Slovenia,SVN,1997,44446617187,-0.007892543847017541,24.517554692230757
8387,Slovenia,SVN,1998,44095820312,0.03204748536258495,24.509630837401872
8388,Slovenia,SVN,1999,45508980468,0.04048720123043825,24.54117551635092
8389,Slovenia,SVN,2000,47351511718,0.008684714808031568,24.580864582531373
8390,Slovenia,SVN,2001,47762746093,0.019064282824672985,24.589511802137455
8391,Slovenia,SVN,2002,48673308593,0.023870404469834794,24.608396638612728
8392,Slovenia,SVN,2003,49835160156,0.03914859620984101,24.63198659908596
8393,Slovenia,SVN,2004,51786136718,0.08842534551159797,24.67038831946566
8394,Slovenia,SVN,2005,56365343750,0.0023671598915779857,24.755120334067083
8395,Slovenia,SVN,2006,56498769531,0.03767324854450371,24.757484696649268
8396,Slovenia,SVN,2007,58627261718,0.1080190203230258,24.794465642380203
8397,Slovenia,SVN,2008,64960121093,-0.08099163723029057,24.897039396914476
8398,Slovenia,SVN,2009,59698894531,0.020957844627262023,24.812579340104847
8399,Slovenia,SVN,2010,60950054687,0.041113773102725126,24.83332059011693
8400,Slovenia,SVN,2011,63455941406,-0.010402948744805518,24.87361166590339
8401,Slovenia,SVN,2012,62795812500,-0.012504254865720599,24.863154228261052
8402,Slovenia,SVN,2013,62010597656,0.013175356308164021,24.85057113732013
8403,Slovenia,SVN,2014,62827609375,-0.01659538614268652,24.86366045353663
8404,Slovenia,SVN,2015,61784960937,0.024176848254757966,24.84692582126153
8405,Slovenia,SVN,2016,63278726562,0.03673171165545863,24.87081503634112
8406,Slovenia,SVN,2017,65603062500,0.06436723133161659,24.90688821625799
8407,Slovenia,SVN,2018,69825750000,0.014933826346297696,24.969268689858527
8409,South Africa,ZAF,1950,78747976562,0.041701567536970297,25.08951841987125
8410,South Africa,ZAF,1951,82031890625,-0.06636205317863231,25.130373918665725
8411,South Africa,ZAF,1952,76588085937,0.10398637190843418,25.06170736552547
8412,South Africa,ZAF,1953,84552203125,0.08660496538658347,25.160634969018346
8413,South Africa,ZAF,1954,91874843750,0.04041078301153567,25.243693093797695
8414,South Africa,ZAF,1955,95587578125,0.06309724148584284,25.2833087126304
8415,South Africa,ZAF,1956,101618890625,0.058970796061079245,25.34449528615613
8416,South Africa,ZAF,1957,107611437500,0.002148717342429274,25.401792775493426
8417,South Africa,ZAF,1958,107842664062,0.014637788659342288,25.403939187644294
8418,South Africa,ZAF,1959,109421242187,0.046298639886962256,25.418470877985207
8419,South Africa,ZAF,1960,114487296875,0.04262256442588397,25.463729709462786
8420,South Africa,ZAF,1961,119367039062,0.046806459152413105,25.505468945037666
8421,South Africa,ZAF,1962,124954187500,0.08438930367979869,25.551213007071173
8422,South Africa,ZAF,1963,135498984375,0.0700702899641199,25.63222998185062
8423,South Africa,ZAF,1964,144993437500,0.05778451179902544,25.699954319722092
8424,South Africa,ZAF,1965,153371812500,0.04528242029479834,25.756130957365443
8425,South Africa,ZAF,1966,160316859375,0.07394360328798077,25.800418064924234
8426,South Africa,ZAF,1967,172171265625,0.03362013895865501,25.871755548727116
8427,South Africa,ZAF,1968,177959687500,0.07183517685711838,25.90482288687012
8428,South Africa,ZAF,1969,190743453125,0.0573212661869702,25.974195184765748
8429,South Africa,ZAF,1970,201677109375,0.005836371334593915,26.029933786993293
8430,South Africa,ZAF,1971,202854171875,0.03036617976876399,26.035753192692535
8431,South Africa,ZAF,1972,209014078125,0.1297791618552009,26.065667446092437
8432,South Africa,ZAF,1973,236139750000,0.05902066466996758,26.18768962773082
8433,South Africa,ZAF,1974,250076875000,0.001652054493243238,26.245034207540222
8434,South Africa,ZAF,1975,250490015625,0.0013864699322783114,26.246684898892557
8435,South Africa,ZAF,1976,250837312500,-0.021119702336947932,26.248070408562878
8436,South Africa,ZAF,1977,245539703125,0.04377938878392951,26.22672449462857
8437,South Africa,ZAF,1978,256289281250,0.03938920582539973,26.269572648333835
8438,South Africa,ZAF,1979,266384312500,0.10457060511023908,26.308205886866727
8439,South Africa,ZAF,1980,294240281250,0.049275629218424655,26.40766255365433
8440,South Africa,ZAF,1981,308739156250,0.014476014491602074,26.455762602814335
8441,South Africa,ZAF,1982,313208468750,0.007819672021559976,26.470134840129173
8442,South Africa,ZAF,1983,315657656250,0.02801779419852113,26.4779240969704
8443,South Africa,ZAF,1984,324501687500,-0.014724307096245837,26.5055565733852
8444,South Africa,ZAF,1985,319723625000,-0.008659920736229565,26.490722787685744
8445,South Africa,ZAF,1986,316954843750,0.06372003898425982,26.482025151938736
8446,South Africa,ZAF,1987,337151218750,0.028029614678650727,26.543797386980323
8447,South Africa,ZAF,1988,346601437500,0.007269787362033098,26.571441361651516
8448,South Africa,ZAF,1989,349121156250,0.0025955351996804765,26.57868485148412
8449,South Africa,ZAF,1990,350027312500,-0.0037879186927733954,26.581277024099528
8450,South Africa,ZAF,1991,348701437500,-0.02002599645147718,26.57748191307435
8451,South Africa,ZAF,1992,341718343750,0.021676568979917432,26.557252678413683
8452,South Africa,ZAF,1993,349125625000,0.03752293676524032,26.57869765139991
8453,South Africa,ZAF,1994,362225843750,0.053725546053062345,26.615533732003787
8454,South Africa,ZAF,1995,381686625000,0.049713721302128366,26.66786575547585
8455,South Africa,ZAF,1996,400661687500,0.027758534436862048,26.716383236091577
8456,South Africa,ZAF,1997,411783468750,0.00946325628813871,26.743763486853787
8457,South Africa,ZAF,1998,415680281250,0.011664989822030458,26.75318224703061
8458,South Africa,ZAF,1999,420529187500,0.0517466311419823,26.764779725365536
8459,South Africa,ZAF,2000,442290156250,0.03600817760682418,26.815231965751188
8460,South Africa,ZAF,2001,458216218750,0.05310770658966346,26.850607003000206
8461,South Africa,ZAF,2002,482551031250,0.01987140867808468,26.902352516381512
8462,South Africa,ZAF,2003,492140000000,0.05561235116023888,26.922029065806765
8463,South Africa,ZAF,2004,519509062500,0.07666312365821337,26.97615009199186
8464,South Africa,ZAF,2005,559336250000,0.07605376014874765,27.050016649832976
8465,South Africa,ZAF,2006,601875875000,0.06025640253482489,27.123317073287982
8466,South Africa,ZAF,2007,638142750000,0.022145711128113588,27.181827841345285
8467,South Africa,ZAF,2008,652274875000,-0.027904934250303604,27.20373189745337
8468,South Africa,ZAF,2009,634073187500,0.041729015706093,27.17543022241838
8469,South Africa,ZAF,2010,660532437500,0.05508832410671727,27.21631207022524
8470,South Africa,ZAF,2011,696920062500,0.0024563434059554634,27.26993655318142
8471,South Africa,ZAF,2012,698631937500,0.0071364472941806145,27.272389884707046
8472,South Africa,ZAF,2013,703617687500,0.010020534056003338,27.2795009880669
8473,South Africa,ZAF,2014,710668312500,0.007900925651585178,27.289471649461916
8474,South Africa,ZAF,2015,716283250000,-0.0037438052613962824,27.297341526236448
8475,South Africa,ZAF,2016,713601625000,0.01740379304769668,27.293590695395718
8476,South Africa,ZAF,2017,726021000000,0.008659787389069917,27.310844776972704
8477,South Africa,ZAF,2018,732308187500,0.0024391199367821415,27.31946728347804
8479,South Korea,KOR,1953,23377117187,0.03690624947886145,23.875023482864428
8480,South Korea,KOR,1954,24239878906,0.0754015569173323,23.911265002507985
8481,South Korea,KOR,1955,26067603515,0.02523763895754505,23.983959135656868
8482,South Korea,KOR,1956,26725488281,0.09011572374945898,24.008883564261243
8483,South Korea,KOR,1957,29133875000,0.0363410586130406,24.095167423444295
8484,South Korea,KOR,1958,30192630859,0.019184562773115754,24.130863720260244
8485,South Korea,KOR,1959,30771863281,0.010218534904064436,24.149866579565597
8486,South Korea,KOR,1960,31086306640,0.07253312965454306,24.160033258206038
8487,South Korea,KOR,1961,33341093750,0.00855972593880483,24.23005651966977
8488,South Korea,KOR,1962,33626484375,0.11455628120505823,24.238579818875465
8489,South Korea,KOR,1963,37478609375,0.08980164101939825,24.34703619050663
8490,South Korea,KOR,1964,40844250000,0.05257749330689143,24.433031889471035
8491,South Korea,KOR,1965,42991738281,0.1362244835442783,24.484273801180063
8492,South Korea,KOR,1966,48848265625,0.05488640044218562,24.61198471071075
8493,South Korea,KOR,1967,51529371093,0.11732727673094567,24.66541779453518
8494,South Korea,KOR,1968,57575171875,0.13827289919835772,24.776357267885352
8495,South Korea,KOR,1969,65536257812,0.0860864113752764,24.905869380814586
8496,South Korea,KOR,1970,71178039062,0.1796205575692178,24.988450167646448
8497,South Korea,KOR,1971,83963078125,0.12871496529594384,25.153642993030054
8498,South Korea,KOR,1972,94770382812,0.22337295679172375,25.274722779799905
8499,South Korea,KOR,1973,115939523437,0.19106182716057907,25.476334542421743
8500,South Korea,KOR,1974,138091140625,0.15333023378015853,25.651179743421142
8501,South Korea,KOR,1975,159264687500,0.08964989492727327,25.793833356345203
8502,South Korea,KOR,1976,173542750000,0.09159873791904305,25.87968980367692
8503,South Korea,KOR,1977,189439046875,0.09389456486622216,25.967333157353
8504,South Korea,KOR,1978,207226343750,0.052000356494249944,26.057077480900503
8505,South Korea,KOR,1979,218002187500,-0.05506696463768279,26.107770934088826
8506,South Korea,KOR,1980,205997468750,0.06517753024574491,26.05112971803914
8507,South Korea,KOR,1981,219423875000,0.07219374486937657,26.114271198374876
8508,South Korea,KOR,1982,235264906250,0.1251806972379672,26.183977976847668
8509,South Korea,KOR,1983,264715531250,0.09857645536240134,26.30192161937316
8510,South Korea,KOR,1984,290810250000,0.04907688948377853,26.39593682957744
8511,South Korea,KOR,1985,305082312500,0.17879754582625962,26.443847454192742
8512,South Korea,KOR,1986,359630281250,0.1612613613859859,26.60834234414651
8513,South Korea,KOR,1987,417624750000,0.1387152880666196,26.757849138999987
8514,South Korea,KOR,1988,475555687500,0.10646045527528258,26.88774982563927
8515,South Korea,KOR,1989,526183562500,0.1271766257426561,26.988915966942297
8516,South Korea,KOR,1990,593101812500,0.13739167253008522,27.108631911763492
8517,South Korea,KOR,1991,674589062500,0.08102831121724563,27.23736954613093
8518,South Korea,KOR,1992,729249875000,0.09750353059710837,27.315282274285245
8519,South Korea,KOR,1993,800354312500,0.12944821547394358,27.408320357192235
8520,South Korea,KOR,1994,903958750000,0.12347659669205036,27.53004956576651
8521,South Korea,KOR,1995,1015576500000,0.11897663543809855,27.64647754747811
8522,South Korea,KOR,1996,1136406375000,-0.01787674765552072,27.758892096731195
8523,South Korea,KOR,1997,1116091125000,-0.11951113086756249,27.74085362978003
8524,South Korea,KOR,1998,982705812500,0.11207200679908458,27.613575637123798
8525,South Korea,KOR,1999,1092839625000,0.07667799380901852,27.71980058517144
8526,South Korea,KOR,2000,1176636375000,0.03069650553681047,27.79368095424821
8527,South Korea,KOR,2001,1212755000000,0.07907924518967135,27.823915746924502
8528,South Korea,KOR,2002,1308658750000,0.04059022262297174,27.900023873682247
8529,South Korea,KOR,2003,1361777500000,0.06447308756386416,27.93981194760882
8530,South Korea,KOR,2004,1449575500000,0.07806768257327756,28.00229187087817
8531,South Korea,KOR,2005,1562740500000,0.03562771618192517,28.0774621267125
8532,South Korea,KOR,2006,1618417375000,0.060657560599904015,28.11246985865433
8533,South Korea,KOR,2007,1716586625000,0.0027176752585964525,28.171358914635455
8534,South Korea,KOR,2008,1721251750000,-0.035791612121817695,28.174072903691737
8535,South Korea,KOR,2009,1659645375000,0.07255902484589516,28.137625065956893
8536,South Korea,KOR,2010,1780067625000,0.0023719604472891564,28.207672471083914
8537,South Korea,KOR,2011,1784289875000,0.003747078932452075,28.210041622873494
8538,South Korea,KOR,2012,1790975750000,-0.02215482258763135,28.213781698993625
8539,South Korea,KOR,2013,1751297000000,0.04729430530629575,28.191377772210373
8540,South Korea,KOR,2014,1834123375000,0.05987342590843969,28.237587758492595
8541,South Korea,KOR,2015,1943938625000,0.028481030361748205,28.295737249966347
8542,South Korea,KOR,2016,1999304000000,0.044651976387782844,28.32382023592244
8543,South Korea,KOR,2017,2088576875000,0.01415694837663084,28.367504028920607
8544,South Korea,KOR,2018,2118144750000,0.021037514079243147,28.381561703548705
8546,Spain,ESP,1950,108286539062,0.17816532338293456,25.40804669017201
8547,Spain,ESP,1951,127579445312,0.048814007991413,25.572005107984662
8548,Spain,ESP,1952,133807109375,-0.03686077965541579,25.619665117571262
8549,Spain,ESP,1953,128874875000,0.1301117896331616,25.58210780935096
8550,Spain,ESP,1954,145643015625,0.05428212582713754,25.704424366060973
8551,Spain,ESP,1955,153548828125,0.07324797435669139,25.75728445192525
8552,Spain,ESP,1956,164795968750,0.04296259522428403,25.82797399265415
8553,Spain,ESP,1957,171876031250,0.04207783844206037,25.87003930534925
8554,Spain,ESP,1958,179108203125,-0.023102654863396577,25.9112559468905
8555,Spain,ESP,1959,174970328125,0.11543617975940745,25.887882242922664
8556,Spain,ESP,1960,195168234375,0.11747204955468304,25.9971277639482
8557,Spain,ESP,1961,218095046875,0.09732976942464089,26.10819679955682
8558,Spain,ESP,1962,239322187500,0.09557539457138708,26.20107654590783
8559,Spain,ESP,1963,262195500000,0.05166898364007011,26.292356245657338
8560,Spain,ESP,1964,275742875000,0.05664346268239928,26.34273465612426
8561,Spain,ESP,1965,291361906250,0.07567446456463456,26.39783199549766
8562,Spain,ESP,1966,313410562500,0.049661895169853976,26.470779869235948
8563,Spain,ESP,1967,328975125000,0.06941358788145457,26.519247976950627
8564,Spain,ESP,1968,351810468750,0.09304397298438838,26.586358426481933
8565,Spain,ESP,1969,384544312500,0.04072165610302725,26.6753248663258
8566,Spain,ESP,1970,400203593750,0.04768986722773527,26.715239238940782
8567,Spain,ESP,1971,419289250000,0.08205761297242886,26.761826852826427
8568,Spain,ESP,1972,453695125000,0.07523926447303131,26.84069127857293
8569,Spain,ESP,1973,487830812500,0.04847185108874186,26.91323448698999
8570,Spain,ESP,1974,511476875000,0.005373837771257994,26.960568211149905
8571,Spain,ESP,1975,514225468750,0.046387543401894105,26.96592766137617
8572,Spain,ESP,1976,538079125000,0.042916202147778915,27.011271458784805
8573,Spain,ESP,1977,561171437500,0.029751491940464225,27.053292288476793
8574,Spain,ESP,1978,577867125000,0.01248005326484014,27.082609791647343
8575,Spain,ESP,1979,585078937500,0.03712073894302503,27.095012610972674
8576,Spain,ESP,1980,606797500000,-0.04936346145130788,27.13146096443867
8577,Spain,ESP,1981,576843875000,-0.03247856709928665,27.080837486251724
8578,Spain,ESP,1982,558108812500,-0.02066039765319061,27.047819784797106
8579,Spain,ESP,1983,546578062500,-0.016539151715405653,27.02694297516735
8580,Spain,ESP,1984,537538125000,-0.013302661090317969,27.010265524665357
8581,Spain,ESP,1985,530387437500,0.06433339590551679,26.99687359058282
8582,Spain,ESP,1986,564509062500,0.07229235137389844,27.059222274437378
8583,Spain,ESP,1987,605318750000,0.070976345107433,27.129021015739646
8584,Spain,ESP,1988,648282062500,0.06535571466625312,27.19759172022692
8585,Spain,ESP,1989,690651000000,0.05465151719175099,27.26090046800272
8586,Spain,ESP,1990,728396125000,0.046365739521198046,27.314110864906525
8587,Spain,ESP,1991,762168750000,0.024788473681189416,27.359433824808058
8588,Spain,ESP,1992,781061750000,0.013213984041594573,27.383920048961496
8589,Spain,ESP,1993,791382687500,0.042571060161080476,27.397047489868715
8590,Spain,ESP,1994,825072687500,0.052301982787425594,27.438737325460586
8591,Spain,ESP,1995,868225625000,0.03604413023400466,27.489717454465033
8592,Spain,ESP,1996,899520062500,0.0781934338457293,27.525127194146076
8593,Spain,ESP,1997,969856625000,0.06764633896273065,27.600414088240623
8594,Spain,ESP,1998,1035463875000,0.04389976907692694,27.665870630645255
8595,Spain,ESP,1999,1080920500000,0.06536304011257066,27.708834108865474
8596,Spain,ESP,2000,1151572750000,0.02978187873931537,27.77214973267435
8597,Spain,ESP,2001,1185868750000,0.03451551868619518,27.801496744275585
8598,Spain,ESP,2002,1226799625000,0.014461815636763076,27.835429963513164
8599,Spain,ESP,2003,1244541375000,0.03636701110077589,27.849788204485062
8600,Spain,ESP,2004,1289801625000,0.10710532714672305,27.88550954340715
8601,Spain,ESP,2005,1427946250000,0.09061571820367886,27.987258339081514
8602,Spain,ESP,2006,1557340625000,0.0661672041079644,28.074000754924377
8603,Spain,ESP,2007,1660385500000,0.01647283115878806,28.138070920251703
8604,Spain,ESP,2008,1687736750000,-0.035388516603670594,28.154409546148788
8605,Spain,ESP,2009,1628010250000,-0.003512186117992755,28.118379679557872
8606,Spain,ESP,2010,1622292375000,-0.0045669172303173244,28.114861311234602
8607,Spain,ESP,2011,1614883500000,-0.006784235519156634,28.110283933778316
8608,Spain,ESP,2012,1603927750000,-0.018281527955358312,28.103476580717476
8609,Spain,ESP,2013,1574605500000,0.0024577584671208186,28.08502588064127
8610,Spain,ESP,2014,1578475500000,0.057777741878160205,28.087480623759703
8611,Spain,ESP,2015,1669676250000,0.040968421273285704,28.143650861288044
8612,Spain,ESP,2016,1738080250000,0.04478195123614115,28.183802315468718
8613,Spain,ESP,2017,1815914875000,0.01849749427268721,28.227610520008984
8614,Spain,ESP,2018,1849504750000,0.020054287505885116,28.245939016477315
8616,Sri Lanka,LKA,1950,20875931640,0.08460709603090089,23.761862736148544
8617,Sri Lanka,LKA,1951,22642183593,-0.042855917938055765,23.843080534084603
8618,Sri Lanka,LKA,1952,21671832031,0.02062035449337052,23.7992791911916
8619,Sri Lanka,LKA,1953,22118712890,0.06942880395605155,23.81968982429456
8620,Sri Lanka,LKA,1954,23654388671,0.08259616201349096,23.88681450215298
8621,Sri Lanka,LKA,1955,25608150390,-0.06828018698620275,23.96617651237086
8622,Sri Lanka,LKA,1956,23859621093,0.040991964255750135,23.89545337306259
8623,Sri Lanka,LKA,1957,24837673828,0.04828492250542493,23.935627443410826
8624,Sri Lanka,LKA,1958,26036958984,0.052688249723902514,23.982782864978695
8625,Sri Lanka,LKA,1959,27408800781,0.06289287783050201,24.03412999515478
8626,Sri Lanka,LKA,1960,29132619140,-0.009014339793411374,24.095124315993992
8627,Sri Lanka,LKA,1961,28870007812,0.0700866573080372,24.08606910121353
8628,Sri Lanka,LKA,1962,30893410156,-0.033595289149340735,24.153808734546335
8629,Sri Lanka,LKA,1963,29855537109,0.061315377087895806,24.119636157371378
8630,Sri Lanka,LKA,1964,31686140625,-0.007857708893823312,24.179145217969324
8631,Sri Lanka,LKA,1965,31437160156,0.08378544846065838,24.17125647460082
8632,Sri Lanka,LKA,1966,34071136718,0.009843031794792623,24.251716432254085
8633,Sri Lanka,LKA,1967,34406500000,0.08780839919782601,24.261511336964674
8634,Sri Lanka,LKA,1968,37427679687,0.06864895487743627,24.345676366211883
8635,Sri Lanka,LKA,1969,39997050781,0.033016594479193806,24.412071557867122
8636,Sri Lanka,LKA,1970,41317617187,-0.0038068279999817767,24.444554812231058
8637,Sri Lanka,LKA,1971,41160328125,0.030718102711918105,24.44074071981926
8638,Sri Lanka,LKA,1972,42424695312,0.06002565944839433,24.47099646623773
8639,Sri Lanka,LKA,1973,44971265625,0.05584051760829234,24.529289581095508
8640,Sri Lanka,LKA,1974,47482484375,-0.025751683449061313,24.583626729982008
8641,Sri Lanka,LKA,1975,46259730468,-0.07005544693438659,24.557537667273586
8642,Sri Lanka,LKA,1976,43018984375,-0.02977092236385459,24.484907352301832
8643,Sri Lanka,LKA,1977,41738269531,0.004419842127450613,24.454684279446635
8644,Sri Lanka,LKA,1978,41922746093,-0.08321286278005746,24.45909438275735
8645,Sri Lanka,LKA,1979,38434234375,0.00293246458093388,24.372214419554304
8646,Sri Lanka,LKA,1980,38546941406,0.07923152137628775,24.375142592848295
8647,Sri Lanka,LKA,1981,41601074218,-0.0074212138461179356,24.45139182642831
8648,Sri Lanka,LKA,1982,41292343750,0.018673255862353466,24.443942938372217
8649,Sri Lanka,LKA,1983,42063406250,0.026044015396399445,24.462443989438725
8650,Sri Lanka,LKA,1984,43158906250,0.07574542839579035,24.488154635263616
8651,Sri Lanka,LKA,1985,46427996093,0.07773083102210632,24.561168478300978
8652,Sri Lanka,LKA,1986,50036882812,0.0485015662769861,24.636026226679913
8653,Sri Lanka,LKA,1987,52463750000,0.024992405460913414,24.683388291865043
8654,Sri Lanka,LKA,1988,53774945312,0.04070371120417593,24.70807349512154
8655,Sri Lanka,LKA,1989,55963785156,0.0396019216859993,24.747970624842175
8656,Sri Lanka,LKA,1990,58180058593,0.022954466191628775,24.78680849711162
8657,Sri Lanka,LKA,1991,59515550781,0.07823185130442245,24.809503473013898
8658,Sri Lanka,LKA,1992,64171562500,0.08378954852470666,24.884825997796842
8659,Sri Lanka,LKA,1993,69548468750,0.07750653657633544,24.96528973853863
8660,Sri Lanka,LKA,1994,74938929687,0.023244448116293004,25.03993934794415
8661,Sri Lanka,LKA,1995,76680843750,0.05161949671426247,25.062917758584444
8662,Sri Lanka,LKA,1996,80639070312,0.045407676438143474,25.113249112333964
8663,Sri Lanka,LKA,1997,84300703125,0.0777469790528511,25.15765604266677
8664,Sri Lanka,LKA,1998,90854828125,0.0011334187090015213,25.23252877429505
8665,Sri Lanka,LKA,1999,90957804687,0.014166166855433815,25.233661551169998
8666,Sri Lanka,LKA,2000,92246328125,0.00041668325212818047,25.247728315551832
8667,Sri Lanka,LKA,2001,92284765625,0.06754161922378499,25.2481449120156
8668,Sri Lanka,LKA,2002,98517828125,0.08319338140098687,25.313503364939514
8669,Sri Lanka,LKA,2003,106713859375,0.0374101331390444,25.393416877868678
8670,Sri Lanka,LKA,2004,110706039062,0.028149717724565315,25.43014422857862
8671,Sri Lanka,LKA,2005,113822382812,0.11233449319997879,25.457905024817034
8672,Sri Lanka,LKA,2006,126608562500,0.09901680227986165,25.564365978650592
8673,Sri Lanka,LKA,2007,139144937500,0.08204888877110594,25.658781942653896
8674,Sri Lanka,LKA,2008,150561625000,0.1158723006277329,25.737638305764555
8675,Sri Lanka,LKA,2009,168007546875,0.10981547238902856,25.847274737215713
8676,Sri Lanka,LKA,2010,186457375000,0.12626260425472569,25.95146849762941
8677,Sri Lanka,LKA,2011,209999968750,0.10971616216014324,26.070373218854346
8678,Sri Lanka,LKA,2012,233040359375,0.030718860862553043,26.174477491713635
8679,Sri Lanka,LKA,2013,240199093750,0.01542587522772454,26.204733973687592
8680,Sri Lanka,LKA,2014,243904375000,0.032527540250149256,26.220042079686785
8681,Sri Lanka,LKA,2015,251837984375,0.04814113190704017,26.252051798549868
8682,Sri Lanka,LKA,2016,263961750000,0.019183058719681956,26.29907004323205
8683,Sri Lanka,LKA,2017,269025343750,0.02475533497018345,26.31807142679434
8684,Sri Lanka,LKA,2018,275685156250,0.02796611850588171,26.34252531330184
8686,Sudan,SDN,1970,18361513671,0.06999291044451272,23.633522662694688
8687,Sudan,SDN,1971,19646689453,-0.02995246595655543,23.70117468539376
8688,Sudan,SDN,1972,19058222656,-0.0033845709101154586,23.670764480876887
8689,Sudan,SDN,1973,18993718750,0.208538307855064,23.667374169349973
8690,Sudan,SDN,1974,22954636718,0.1485569279485035,23.856785788689216
8691,Sudan,SDN,1975,26364707031,0.13859340840403056,23.995292097824624
8692,Sudan,SDN,1976,30018681640,0.1220804232493935,24.125085746131425
8693,Sudan,SDN,1977,33683375000,0.01429465387598472,24.240270229138545
8694,Sudan,SDN,1978,34164867187,-0.04213426942715426,24.25446367777221
8695,Sudan,SDN,1979,32725355468,0.025284771186339317,24.211416010959926
8696,Sudan,SDN,1980,33552808593,0.06228206727337793,24.236386410511578
8697,Sudan,SDN,1981,35642546875,0.06649838697869437,24.296805898134963
8698,Sudan,SDN,1982,38012718750,-0.13068826883107376,24.361186644619295
8699,Sudan,SDN,1983,33044902343,0.021685218814144758,24.22113315059135
8700,Sudan,SDN,1984,33761488281,0.012483366476387925,24.242586589855332
8701,Sudan,SDN,1985,34182945312,0.09782701854617759,24.254992681547478
8702,Sudan,SDN,1986,37526960937,0.02058863512281439,24.348325469916052
8703,Sudan,SDN,1987,38299589843,0.032234047076241445,24.368705024015618
8704,Sudan,SDN,1988,39534140625,-0.020437537182458998,24.400430455164628
8705,Sudan,SDN,1989,38726160156,0.057116792707817776,24.379781181638545
8706,Sudan,SDN,1990,40938074218,0.10132233834233939,24.435326376942744
8707,Sudan,SDN,1991,45086015625,0.033352307476161025,24.5318379605382
8708,Sudan,SDN,1992,46589738281,-0.06642137951785843,24.564646145266313
8709,Sudan,SDN,1993,43495183593,0.05704780352736183,24.495916046910917
8710,Sudan,SDN,1994,45976488281,-0.013826020619819634,24.551395978440855
8711,Sudan,SDN,1995,45340816406,0.023396758353464886,24.537473488171578
8712,Sudan,SDN,1996,46401644531,0.10850959029342588,24.560600738029
8713,Sudan,SDN,1997,51436667968,0.06530588626171885,24.663617139661135
8714,Sudan,SDN,1998,54795785156,0.09925503935231905,24.72687911473073
8715,Sudan,SDN,1999,60234542968,0.02567632270110587,24.82151182815408
8716,Sudan,SDN,2000,61781144531,0.01864064891873496,24.84686405017978
8717,Sudan,SDN,2001,62932785156,0.0642684069038757,24.86533309150685
8718,Sudan,SDN,2002,66977375000,0.00989489921036757,24.927620712741266
8719,Sudan,SDN,2003,67640109375,0.06409739320442953,24.93746697799204
8720,Sudan,SDN,2004,71975664062,0.25117821399225915,24.999593899688993
8721,Sudan,SDN,2005,90054382812,0.22597222286762864,25.223679578255727
8722,Sudan,SDN,2006,110404171875,-0.02321102279451337,25.427413758798256
8723,Sudan,SDN,2007,107841578125,-0.036201250648194794,25.403929117951776
8724,Sudan,SDN,2008,103937578125,0.17729767190493684,25.367056345552914
8725,Sudan,SDN,2009,122365468750,0.1542715916331583,25.530278049166295
8726,Sudan,SDN,2010,141242984375,0.1490754352732786,25.673747537597865
8727,Sudan,SDN,2011,162298843750,-0.1411682114956534,25.812705187288778
8728,Sudan,SDN,2012,139387406250,0.018808079191157123,25.660522988652247
8729,Sudan,SDN,2013,142009015625,0.1566455342789086,25.679156382849147
8730,Sudan,SDN,2014,164254093750,-0.018391855149728964,25.824680417897035
8731,Sudan,SDN,2015,161233156250,0.037736112357473095,25.8061173298019
8732,Sudan,SDN,2016,167317468750,0.04729986539435971,25.84315885520851
8733,Sudan,SDN,2017,175231562500,0.03369354122491486,25.88937415047912
8735,Suriname,SUR,1970,1806311889,0.0738095114204278,21.314552973044254
8736,Suriname,SUR,1971,1939634887,-0.012950070226283805,21.385765589732
8737,Suriname,SUR,1972,1914516479,0.07780456926534507,21.372730936313893
8738,Suriname,SUR,1973,2063474609,-0.0944350752609624,21.447657102259303
8739,Suriname,SUR,1974,1868610229,0.10028191759406235,21.348460798459918
8740,Suriname,SUR,1975,2055998046,0.06693959961088414,21.44402723414977
8741,Suriname,SUR,1976,2193625732,0.06549694366914904,21.508821597192217
8742,Suriname,SUR,1977,2337301513,0.13226620283285628,21.5722629012971
8743,Suriname,SUR,1978,2646447509,-0.011794721374161932,21.69648401494508
8744,Suriname,SUR,1979,2615233398,-0.10342479612215472,21.684619184017723
8745,Suriname,SUR,1980,2344753417,0.04327949210533122,21.57544608065048
8746,Suriname,SUR,1981,2446233154,-0.05655278965285415,21.617815190191983
8747,Suriname,SUR,1982,2307891845,0.026542122471081342,21.55960032357571
8748,Suriname,SUR,1983,2369148193,0.0001845625365657355,21.585796315253106
8749,Suriname,SUR,1984,2369585449,0.09863997101207733,21.585980860760102
8750,Suriname,SUR,1985,2603321289,-0.03477088148223573,21.68005388561471
8751,Suriname,SUR,1986,2512801513,-0.050395751652032694,21.64466410830569
8752,Suriname,SUR,1987,2386166992,0.08921119213939743,21.59295414643795
8753,Suriname,SUR,1988,2599039794,0.02636734772518845,21.678407903762114
8754,Suriname,SUR,1989,2667569580,0.066839245857647,21.70443362514863
8755,Suriname,SUR,1990,2845867919,0.05064334399983084,21.769133926190673
8756,Suriname,SUR,1991,2989992187,0.03797294805439577,21.818536611302115
8757,Suriname,SUR,1992,3103531005,-0.09855064425238436,21.855806334101572
8758,Suriname,SUR,1993,2797676025,-0.05959780564656336,21.752054918422843
8759,Suriname,SUR,1994,2630940673,0.011502799858079449,21.6906072895295
8760,Suriname,SUR,1995,2661203857,0.1608155233483115,21.702044435177115
8761,Suriname,SUR,1996,3089166748,0.0734237991998481,21.85116723064962
8762,Suriname,SUR,1997,3315985107,0.04551299391586805,21.92202058295485
8763,Suriname,SUR,1998,3466905517,-0.11507963313209613,21.96652825118681
8764,Suriname,SUR,1999,3067935302,0.15216449013630462,21.84427063222385
8765,Suriname,SUR,2000,3534766113,0.06728988464759555,21.98591297088117
8766,Suriname,SUR,2001,3772620117,0.028804634877050317,22.051035588258436
8767,Suriname,SUR,2002,3881289062,0.1415581818883862,22.079433167878832
8768,Suriname,SUR,2003,4430717285,0.022436803254532123,22.211827323246467
8769,Suriname,SUR,2004,4530128417,0.09538222986759104,22.234016124163173
8770,Suriname,SUR,2005,4962222167,0.06300159877545441,22.325119494893677
8771,Suriname,SUR,2006,5274850097,0.06386668830486775,22.38621609827442
8772,Suriname,SUR,2007,5611737304,0.08741774666649649,22.448126188397502
8773,Suriname,SUR,2008,6102302734,0.04370076422367153,22.531932034268518
8774,Suriname,SUR,2009,6368978027,0.10693557256953001,22.57470485833754
8775,Suriname,SUR,2010,7050048339,0.07173806641895131,22.67630031034283
8776,Suriname,SUR,2011,7555805175,0.12802287719124528,22.745582002108208
8777,Suriname,SUR,2012,8523121093,0.03641015088414856,22.866048436176325
8778,Suriname,SUR,2013,8833449218,0.030715104180044195,22.901811400203293
8779,Suriname,SUR,2014,9104769531,-0.09354740239168391,22.932064237449772
8780,Suriname,SUR,2015,8253041992,-0.11287055026534032,22.833847695633192
8781,Suriname,SUR,2016,7321516601,0.06581721551163078,22.714083329388554
8782,Suriname,SUR,2017,7803398437,0.05261054133201881,22.77782517280484
8783,Suriname,SUR,2018,8213939453,0.02492571100280294,22.82909848125809
8785,Sweden,SWE,1950,73512617187,0.03155272559674538,25.02072289084106
8786,Sweden,SWE,1951,75832140625,0.009598502613811677,25.05178805852364
8787,Sweden,SWE,1952,76560015625,0.03715253208583702,25.061340788179386
8788,Sweden,SWE,1953,79404414062,0.051532970318312055,25.097819796374687
8789,Sweden,SWE,1954,83496359375,0.028295863193136928,25.1480688675533
8790,Sweden,SWE,1955,85858960937,0.03318232562924317,25.17597179784104
8791,Sweden,SWE,1956,88707960937,0.01916268613374217,25.208615473497225
8792,Sweden,SWE,1957,90407843750,0.02438982237091558,25.227596867726508
8793,Sweden,SWE,1958,92612875000,0.057455311283663324,25.251694007810425
8794,Sweden,SWE,1959,97933976562,0.030436720407374995,25.307559380022376
8795,Sweden,SWE,1960,100914765625,0.06435319410176743,25.337542092796664
8796,Sweden,SWE,1961,107408953125,0.03974652659570821,25.39990937797689
8797,Sweden,SWE,1962,111678085937,0.05243314087871531,25.438886336997342
8798,Sweden,SWE,1963,117533718750,0.07263999240218033,25.489991097448264
8799,Sweden,SWE,1964,126071367187,0.032339011854710886,25.56011398979645
8800,Sweden,SWE,1965,130148390625,0.01754235579891561,25.591941102770768
8801,Sweden,SWE,1966,132431500000,0.03841596882161724,25.60933136755979
8802,Sweden,SWE,1967,137518984375,0.035178211190159514,25.64702781270432
8803,Sweden,SWE,1968,142356656250,0.04745760702706869,25.681601409324358
8804,Sweden,SWE,1969,149112562500,0.0679968698143727,25.727967310701004
8805,Sweden,SWE,1970,159251750000,0.011638902712215016,25.793752120349293
8806,Sweden,SWE,1971,161105265625,0.025779825438278614,25.805323812039006
8807,Sweden,SWE,1972,165258531250,0.04406986931272261,25.830776940669367
8808,Sweden,SWE,1973,172541453125,0.0224064814859255,25.873903352519505
8809,Sweden,SWE,1974,176407500000,0.019207392684551294,25.896062496622083
8810,Sweden,SWE,1975,179795828125,0.007481402733465092,25.915087755850447
8811,Sweden,SWE,1976,181140953125,-0.021575049333560248,25.922541311693436
8812,Sweden,SWE,1977,177232828125,0.024963543276979916,25.90073011825792
8813,Sweden,SWE,1978,181657187500,0.030768205221717526,25.925387162681098
8814,Sweden,SWE,1979,187246453125,0.006716832837204034,25.955691517241775
8815,Sweden,SWE,1980,188504156250,0.01587075417601036,25.96238589266302
8816,Sweden,SWE,1981,191495859375,0.010356947176158648,25.97813202327069
8817,Sweden,SWE,1982,193479171875,0.026828307665868856,25.988435704733877
8818,Sweden,SWE,1983,198669890625,0.04917909915419516,26.014910443190168
8819,Sweden,SWE,1984,208440296875,0.024130710689864054,26.062918491257186
8820,Sweden,SWE,1985,213470109375,0.07220595213600967,26.086762656886364
8821,Sweden,SWE,1986,228883921875,0.04627359214765736,26.15648082061224
8822,Sweden,SWE,1987,239475203125,0.040580075716346586,26.201715712424633
8823,Sweden,SWE,1988,249193125000,0.026133846991164056,26.24149403519664
8824,Sweden,SWE,1989,255705500000,0.015227417380541342,26.267292228593764
8825,Sweden,SWE,1990,259599234375,-0.004028023724790719,26.282404872523152
8826,Sweden,SWE,1991,258553562500,-0.00699619300352905,26.278368714459912
8827,Sweden,SWE,1992,256744671875,-0.033851968325292026,26.271347933348903
8828,Sweden,SWE,1993,248053359375,0.06136715166186213,26.236909718738225
8829,Sweden,SWE,1994,263275687500,0.06887884396845423,26.296467561547615
8830,Sweden,SWE,1995,281409812500,0.03274039617932645,26.363077851310145
8831,Sweden,SWE,1996,290623281250,0.03613698790691777,26.39529369929205
8832,Sweden,SWE,1997,301125531250,0.04195519787895763,26.430793062097408
8833,Sweden,SWE,1998,313759312500,0.05533929371419055,26.471892008226824
8834,Sweden,SWE,1999,331122531250,0.06693840016361019,26.52575432886721
8835,Sweden,SWE,2000,353287343750,-0.027547070174375632,26.590547567714857
8836,Sweden,SWE,2001,343555312500,0.004507825795882603,26.56261396184636
8837,Sweden,SWE,2002,345104000000,0.02774453498075946,26.56711165782643
8838,Sweden,SWE,2003,354678750000,0.04737121268189881,26.59447828714841
8839,Sweden,SWE,2004,371480312500,0.041885547433957226,26.64076170508354
8840,Sweden,SWE,2005,387039968750,0.04357697553684492,26.681793803067116
8841,Sweden,SWE,2006,403906000000,0.06748081546201345,26.72444801456761
8842,Sweden,SWE,2007,431161906250,0.0252466790136332,26.78974950906261
8843,Sweden,SWE,2008,442047312500,-0.06611523625087079,26.81468275515074
8844,Sweden,SWE,2009,412821250000,0.053543906715073364,26.74628052750201
8845,Sweden,SWE,2010,434925312500,0.07462437875468564,26.798440157891452
8846,Sweden,SWE,2011,467381343750,0.0030485010132585977,26.870411343299477
8847,Sweden,SWE,2012,468806156250,-0.0015738114573874418,26.873455207055585
8848,Sweden,SWE,2013,468068343750,0.008273497987439926,26.87188015585603
8849,Sweden,SWE,2014,471940906250,0.03670864777892935,26.880119616071084
8850,Sweden,SWE,2015,489265218750,0.014941793775321344,26.916170549023935
8851,Sweden,SWE,2016,496575718750,0.03786431613557428,26.931001813839174
8852,Sweden,SWE,2017,515378218750,0.0017308283849548634,26.968166873406314
8853,Sweden,SWE,2018,516270250000,0.01931268071325043,26.969896205633965
8855,Switzerland,CHE,1950,74871406250,0.09135569945302047,25.039037895569045
8856,Switzerland,CHE,1951,81711335937,-0.0016482374869484229,25.126458579946245
8857,Switzerland,CHE,1952,81576656250,0.039439227591532955,25.124808982621463
8858,Switzerland,CHE,1953,84793976562,0.06918487817009655,25.163490346112948
8859,Switzerland,CHE,1954,90660437500,0.07574994811821867,25.23038690816995
8860,Switzerland,CHE,1955,97527960937,0.07309009699899982,25.303404952678047
8861,Switzerland,CHE,1956,104656289062,0.037711019073702445,25.373947380181786
8862,Switzerland,CHE,1957,108602984375,-0.03817567456235016,25.410964724501447
8863,Switzerland,CHE,1958,104456992187,0.07811012233047454,25.372041265618893
8864,Switzerland,CHE,1959,112616140625,0.08644568738523128,25.447250887183735
8865,Switzerland,CHE,1960,122351320312,0.08647083076848783,25.530162418047812
8866,Switzerland,CHE,1961,132931140625,0.048696382161205864,25.613097091433055
8867,Switzerland,CHE,1962,139404406250,0.04599197792573362,25.66064494345335
8868,Switzerland,CHE,1963,145815890625,0.059442788353506915,25.705610639779607
8869,Switzerland,CHE,1964,154483593750,0.02339437339118744,25.76335373832534
8870,Switzerland,CHE,1965,158097640625,0.02385768525759735,25.78647865774245
8871,Switzerland,CHE,1966,161869484375,0.033590044139534925,25.81005619546063
8872,Switzerland,CHE,1967,167306687500,0.036843640813819745,25.843094417242497
8873,Switzerland,CHE,1968,173470875000,0.05689995150482763,25.879275554806853
8874,Switzerland,CHE,1969,183341359375,0.06664336086877554,25.934615603955663
8875,Switzerland,CHE,1970,195559843750,0.040877113223813266,25.999132275669012
8876,Switzerland,CHE,1971,203553765625,0.03234603019887028,26.03919601147864
8877,Switzerland,CHE,1972,210137921875,0.029559603971409443,26.071029922917635
8878,Switzerland,CHE,1973,216349515625,0.013865728986422354,26.10016106476571
8879,Switzerland,CHE,1974,219349359375,-0.09389067482887425,26.113931543993623
8880,Switzerland,CHE,1975,198754500000,-0.011358469242205849,26.015336231733972
8881,Switzerland,CHE,1976,196496953125,0.020818388961979073,26.003912762410323
8882,Switzerland,CHE,1977,200587703125,0.017290441766705467,26.024517410121717
8883,Switzerland,CHE,1978,204055953125,0.03532555906655821,26.041660073207247
8884,Switzerland,CHE,1979,211264343750,0.049327419928143934,26.076376000286917
8885,Switzerland,CHE,1980,221685468750,0.00022004712476220156,26.124525406765592
8886,Switzerland,CHE,1981,221734250000,-0.005524842801687191,26.12474542968354
8887,Switzerland,CHE,1982,220509203125,0.009412589001210225,26.11920526849067
8888,Switzerland,CHE,1983,222584765625,0.012540657790132581,26.128573835103527
8889,Switzerland,CHE,1984,225376125000,0.024875985089370056,26.141036510137965
8890,Switzerland,CHE,1985,230982578125,0.05965283501833363,26.165608125251726
8891,Switzerland,CHE,1986,244761343750,0.020151325979145707,26.22354946559759
8892,Switzerland,CHE,1987,249693609375,0.01999875972997156,26.243500440692774
8893,Switzerland,CHE,1988,254687171875,0.04615018215667632,26.263301852037205
8894,Switzerland,CHE,1989,266441031250,0.055299994264678354,26.308418784961304
8895,Switzerland,CHE,1990,281175218750,-0.013965824468661459,26.362243866221434
8896,Switzerland,CHE,1991,277248375000,0.006884621055037732,26.348179602023553
8897,Switzerland,CHE,1992,279157125000,0.015234028148126244,26.355040632288926
8898,Switzerland,CHE,1993,283409812500,0.028317870962918823,26.370159787809655
8899,Switzerland,CHE,1994,291435375000,0.017878427593081225,26.39808412004509
8900,Switzerland,CHE,1995,296645781250,0.013764838430514459,26.415804608245374
8901,Switzerland,CHE,1996,300729062500,0.041737631360454275,26.42947557175517
8902,Switzerland,CHE,1997,313280781250,0.03034468380750699,26.470365690060984
8903,Switzerland,CHE,1998,322787187500,0.034765843207453795,26.500259080794862
8904,Switzerland,CHE,1999,334009156250,0.013638754102268669,26.534434243469512
8905,Switzerland,CHE,2000,338564625000,-0.0027637818038431794,26.54798082688166
8906,Switzerland,CHE,2001,337628906250,0.0035062533985861233,26.545213218781228
8907,Switzerland,CHE,2002,338812718750,0.019350291878616144,26.548713339604095
8908,Switzerland,CHE,2003,345368843750,0.03808084527022415,26.567878795203043
8909,Switzerland,CHE,2004,358520781250,0.08688068552511563,26.605252462530597
8910,Switzerland,CHE,2005,389669312500,0.0708769246487686,26.688564299718763
8911,Switzerland,CHE,2006,417287875000,0.10468155526924905,26.75704216828666
8912,Switzerland,CHE,2007,460970218750,0.07488526068691947,26.85659927644632
8913,Switzerland,CHE,2008,495490093750,-0.0156258169389486,26.928813198084715
8914,Switzerland,CHE,2009,487747656250,0.03621442312158729,26.913064011209997
8915,Switzerland,CHE,2010,505411156250,0.10242323128378716,26.948638105756597
8916,Switzerland,CHE,2011,557177000000,0.03204468687688111,27.04614880018245
8917,Switzerland,CHE,2012,575031562500,-0.0019083735077585207,27.077690767541636
8918,Switzerland,CHE,2013,573934187500,0.026029879079123575,27.07578057076914
8919,Switzerland,CHE,2014,588873625000,0.006716317953618711,27.101477439003162
8920,Switzerland,CHE,2015,592828687500,0.018470238925473836,27.108171302975997
8921,Switzerland,CHE,2016,603778375000,0.031104231747286493,27.126473038738432
8922,Switzerland,CHE,2017,622558437500,0.02189724157420958,27.15710333638125
8923,Switzerland,CHE,2018,636190750000,0.016864242367560456,27.178764276702754
8925,Syria,SYR,1960,11950432617,0.05841389273280062,23.204033316928058
8926,Syria,SYR,1961,12648503906,0.3065663336800333,23.2608047768253
8927,Syria,SYR,1962,16526109375,-0.1296366616235105,23.52820735356245
8928,Syria,SYR,1963,14383719726,0.2534212094254762,23.38936282936348
8929,Syria,SYR,1964,18028859375,-0.00116425751421112,23.615239609542613
8930,Syria,SYR,1965,18007869140,-0.10285775671735031,23.614074673754114
8931,Syria,SYR,1966,16155620117,0.12610724969053821,23.50553382093959
8932,Syria,SYR,1967,18192960937,0.04440397837369359,23.624300594514267
8933,Syria,SYR,1968,19000800781,0.19192899967914245,23.66774696159314
8934,Syria,SYR,1969,22647605468,0.006997238768748026,23.843319964434727
8935,Syria,SYR,1970,22806076171,0.1000559147435287,23.850292836130397
8936,Syria,SYR,1971,25087958984,0.25238670037041233,23.945653846227867
8937,Syria,SYR,1972,31419826171,-0.08569106723719055,24.17070493732701
8938,Syria,SYR,1973,28727427734,0.2518306662534131,24.081118173524192
8939,Syria,SYR,1974,35961875000,0.1893216991883766,24.3057251864586
8940,Syria,SYR,1975,42770238281,-0.12663084115680479,24.479108330387852
8941,Syria,SYR,1976,37354207031,-0.2637006875778485,24.343711380227564
8942,Syria,SYR,1977,27503876953,-0.06026913110586729,24.037592811791267
8943,Syria,SYR,1978,25846242187,-0.10626030922132979,23.975431057391642
8944,Syria,SYR,1979,23099812500,-0.009540966274076856,23.8630903375581
8945,Syria,SYR,1980,22879417968,-0.0890384729126078,23.853503564672906
8946,Syria,SYR,1985,20842269531,-0.07277306618379709,23.76024895054127
8947,Syria,SYR,1986,19325513671,-0.05998951152018772,23.68469201171347
8948,Syria,SYR,1987,18166185546,0.048931485134793506,23.622827765890378
8949,Syria,SYR,1988,19055083984,-0.04107130614890708,23.670599778714635
8950,Syria,SYR,1989,18272466796,-0.002716796727788684,23.62866121716024
8951,Syria,SYR,1990,18222824218,-0.11485113854814444,23.625940723242362
8952,Syria,SYR,1991,16129912109,0.15736933337557835,23.50394128015362
8953,Syria,SYR,1997,18668265625,0.12093331428585774,23.650090893827116
8954,Syria,SYR,1998,20925880859,0.08996662418587276,23.764252548445494
8955,Syria,SYR,1999,22808511718,0.2516043472696696,23.850399624204787
8956,Syria,SYR,2000,28547232421,0.1542911032510419,24.074825830381165
8957,Syria,SYR,2001,32951816406,0.2464417446657463,24.21831222250604
8958,Syria,SYR,2002,41072519531,0.22770281034113848,24.438605110269638
8959,Syria,SYR,2003,50424847656,0.4009307322437574,24.64374989958232
8960,Syria,SYR,2004,70641718750,0.5307686012382025,24.980886724061634
8961,Syria,SYR,2005,108136125000,-0.023935326312090388,25.406656687079035
8962,Syria,SYR,2006,105547851562,0.0706629287344509,25.382430256339124
8963,Syria,SYR,2007,113006171875,0.0592713755263643,25.450708272530054
8964,Syria,SYR,2008,119704203125,0.014241811419267947,25.508289562720094
8965,Syria,SYR,2009,121409007812,0.09239848027068076,25.522430912259036
8966,Syria,SYR,2010,132627015625,0.012132591293087192,25.610806631691556
8967,Syria,SYR,2011,134236125000,-0.16935037047590584,25.622866213038897
8968,Syria,SYR,2012,111503187500,-0.134276850829937,25.43731901488192
8969,Syria,SYR,2013,96530890625,0.059590785133709634,25.293128904170672
8970,Syria,SYR,2014,102283242187,0.005577648770235255,25.35101168599683
8971,Syria,SYR,2015,102853742187,0.19669936353134543,25.356573837283804
8973,Taiwan,TWN,1951,12574083007,0.15255531261660304,23.254903628364733
8974,Taiwan,TWN,1952,14492326171,0.1058874638821432,23.396885116695326
8975,Taiwan,TWN,1953,16026881835,0.09385092568132736,23.49753326405989
8976,Taiwan,TWN,1954,17531019531,0.07533109279039563,23.58723769340115
8977,Taiwan,TWN,1955,18851650390,0.07965949187115173,23.65986630085397
8978,Taiwan,TWN,1956,20353363281,0.084134590011399,23.73651200697275
8979,Taiwan,TWN,1957,22065785156,0.07261852472828445,23.817294062810042
8980,Taiwan,TWN,1958,23668169921,0.09204014853160047,23.88739694109118
8981,Taiwan,TWN,1959,25846591796,0.07584156973080547,23.97544458379262
8982,Taiwan,TWN,1960,27806837890,0.09021225598981619,24.048547794664202
8983,Taiwan,TWN,1961,30315355468,0.07216233882888812,24.134920202213664
8984,Taiwan,TWN,1962,32502982421,0.09804599063318675,24.204597688871786
8985,Taiwan,TWN,1963,35689769531,0.1286113481627571,24.298129916904514
8986,Taiwan,TWN,1964,40279878906,0.13782276724206,24.419117898486395
8987,Taiwan,TWN,1965,45831363281,0.07913360025455618,24.548234481501133
8988,Taiwan,TWN,1966,49458164062,0.13353647219336207,24.624392978698484
8989,Taiwan,TWN,1967,56062632812,0.11151304407990348,24.749735345761504
8990,Taiwan,TWN,1968,62314347656,0.09947943494844758,24.855457535679225
8991,Taiwan,TWN,1969,68513343750,0.1409099367887734,24.95029436251375
8992,Taiwan,TWN,1970,78167554687,0.13618182176255744,25.082120496701382
8993,Taiwan,TWN,1971,88812554687,0.14015121560084975,25.209793858561458
8994,Taiwan,TWN,1972,101259742187,0.14292390230732788,25.34095475743516
8995,Taiwan,TWN,1973,115732179687,0.05838250340807294,25.474544562872534
8996,Taiwan,TWN,1974,122488914062,0.0026913787710873827,25.53128636538299
8997,Taiwan,TWN,1975,122818578125,0.15556100340581103,25.533974128879496
8998,Taiwan,TWN,1976,141924359375,0.08913903191609873,25.678560072165286
8999,Taiwan,TWN,1977,154575359375,0.14531757012128899,25.763947577311516
9000,Taiwan,TWN,1978,177037875000,0.0997232760221507,25.89962952967998
9001,Taiwan,TWN,1979,194692671875,0.08052169721655056,25.994688110583365
9002,Taiwan,TWN,1980,210369656250,0.06302061445708151,26.07213208806525
9003,Taiwan,TWN,1981,223627281250,0.031178832300900128,26.133246579953
9004,Taiwan,TWN,1982,230599718750,0.07370916405334937,26.16394922513622
9005,Taiwan,TWN,1983,247597031250,0.08681255644094077,26.23506838757996
9006,Taiwan,TWN,1984,269091562500,0.011251978590001377,26.31831753967266
9007,Taiwan,TWN,1985,272119375000,0.13945373239226355,26.329506685639803
9008,Taiwan,TWN,1986,310067437500,0.15273119013021152,26.460055651089718
9009,Taiwan,TWN,1987,357424406250,0.07437376836937815,26.6021897256726
9010,Taiwan,TWN,1988,384007406250,0.08916812069949498,26.67392767645752
9011,Taiwan,TWN,1989,418248625000,0.08976546246864525,26.75934188930047
9012,Taiwan,TWN,1990,455792906250,0.06799366735427337,26.845304390341582
9013,Taiwan,TWN,1991,486783937500,0.07486483672234967,26.911086201418442
9014,Taiwan,TWN,1992,523226937500,0.055929842106036354,26.98328112181144
9015,Taiwan,TWN,1993,552490937500,0.04415095043979789,27.03770286748886
9016,Taiwan,TWN,1994,576883937500,0.05001991843463305,27.08090693504126
9017,Taiwan,TWN,1995,605739625000,0.06715313118239541,27.12971606896851
9018,Taiwan,TWN,1996,646416937500,0.05987805277766256,27.194710546625604
9019,Taiwan,TWN,1997,685123125000,0.04703826045865833,27.252864403582073
9020,Taiwan,TWN,1998,717350125000,0.04355596229944192,27.298829877743252
9021,Taiwan,TWN,1999,748595000000,0.05378500724690927,27.34146395326005
9022,Taiwan,TWN,2000,788858187500,-0.028912674497657997,27.39385240462878
9023,Taiwan,TWN,2001,766050187500,0.03233135100564155,27.364513523470237
9024,Taiwan,TWN,2002,790817625000,0.024803996370212467,27.396333215551415
9025,Taiwan,TWN,2003,810433062500,0.05117726795604427,27.420834586802876
9026,Taiwan,TWN,2004,851908812500,0.07287883877829948,27.470745330465707
9027,Taiwan,TWN,2005,913994937500,0.011990766633759309,27.54109086954496
9028,Taiwan,TWN,2006,924954437500,0.03255221152447296,27.553010316488926
9029,Taiwan,TWN,2007,955063750000,-0.03566306437659261,27.5850439291259
9030,Taiwan,TWN,2008,921003250000,-0.04043633939402491,27.548729401968565
9031,Taiwan,TWN,2009,883761250000,0.09131962959453133,27.507452783920584
9032,Taiwan,TWN,2010,964466000000,0.04090158440007219,27.59484041724524
9033,Taiwan,TWN,2011,1003914187500,0.011425154801888882,27.634927662927733
9034,Taiwan,TWN,2012,1015384062500,-0.0062047950452245315,27.646288043551614
9035,Taiwan,TWN,2013,1009083812500,0.03498414805856376,27.640063918766078
9036,Taiwan,TWN,2014,1044385750000,-0.0068705456772079065,27.674450029480678
9037,Taiwan,TWN,2015,1037210250000,-0.006132977860563993,27.667555772937718
9038,Taiwan,TWN,2016,1030849062500,0.03685535921996341,27.66140391111891
9039,Taiwan,TWN,2017,1068841375000,0.006267183472383753,27.69759635061874
9040,Taiwan,TWN,2018,1075540000000,0.02588443944437202,27.70384397696631
9042,Tajikistan,TJK,1992,19218453125,-0.12207414180219045,23.679136754679423
9043,Tajikistan,TJK,1993,16872376953,-0.3288115271164307,23.54894362180076
9044,Tajikistan,TJK,1994,11324544921,0.005867716492234276,23.15023832393197
9045,Tajikistan,TJK,1995,11390994140,-0.16782249341057076,23.15608889242283
9046,Tajikistan,TJK,1996,9479329101,-0.059919749272137834,22.972379380772324
9047,Tajikistan,TJK,1998,8911330078,-0.1498732302933331,22.910589346524905
9048,Tajikistan,TJK,1999,7575760253,0.03451747220966328,22.748219546738113
9049,Tajikistan,TJK,2000,7837256347,0.09042078600265024,22.78215465432013
9050,Tajikistan,TJK,2001,8545907226,0.08773182614468045,22.86871831827033
9051,Tajikistan,TJK,2002,9295655273,0.22353384392764797,22.95281295299917
9052,Tajikistan,TJK,2003,11373548828,0.15316291206412536,23.154556218084533
9053,Tajikistan,TJK,2004,13115554687,0.06960224647645519,23.297064743461615
9054,Tajikistan,TJK,2005,14028426757,0.14839205194276373,23.36435159056087
9055,Tajikistan,TJK,2006,16110133789,0.08850680346140738,23.502714338818375
9056,Tajikistan,TJK,2007,17535990234,0.10714627408705013,23.587521190800366
9057,Tajikistan,TJK,2008,19414906250,-0.008399131981386754,23.689306971377718
9058,Tajikistan,TJK,2009,19251837890,0.19199607669249907,23.68087236792797
9059,Tajikistan,TJK,2010,22948115234,0.1289771806015152,23.856501645200357
9060,Tajikistan,TJK,2011,25907898437,0.10473134853442767,23.977813718118902
9061,Tajikistan,TJK,2012,28621267578,-0.06616596912904205,24.077415900031053
9062,Tajikistan,TJK,2013,26727513671,0.2210294766927705,24.00895934634745
9063,Tajikistan,TJK,2014,32635082031,-0.14574411332816428,24.208653682620138
9064,Tajikistan,TJK,2015,27878710937,0.06631516264069215,24.05112918565073
9065,Tajikistan,TJK,2016,29727492187,0.19725178108243768,24.11533811745535
9066,Tajikistan,TJK,2017,35591292968,-0.04394322213599222,24.29536686533938
9067,Tajikistan,TJK,2018,34027296875,0.06660691072011571,24.2504288887162
9069,Tanzania,TZA,1960,11682038085,0.027222280623133255,23.181318292703025
9070,Tanzania,TZA,1961,12000049804,0.0964990298301931,23.208176637059132
9071,Tanzania,TZA,1962,13158042968,0.07342341116756868,23.30029904114676
9072,Tanzania,TZA,1963,14124151367,0.15667395941183693,23.37115203196164
9073,Tanzania,TZA,1964,16337038085,0.010983537901203322,23.516700642199424
9074,Tanzania,TZA,1965,16516476562,0.0753676844650979,23.52762429911924
9075,Tanzania,TZA,1966,17761285156,0.05605953872451863,23.60028693427979
9076,Tanzania,TZA,1967,18756974609,0.06857490820416356,23.654831499342407
9077,Tanzania,TZA,1968,20043232421,0.046542654169025255,23.721157398608973
9078,Tanzania,TZA,1969,20976097656,0.082062246812034,23.766649419563326
9079,Tanzania,TZA,1970,22697443359,0.04907017765762456,23.845518127734003
9080,Tanzania,TZA,1971,23811210937,0.05525783054382427,23.893422354488774
9081,Tanzania,TZA,1972,25126966796,0.07482444436147762,23.94720748069971
9082,Tanzania,TZA,1973,27007078125,0.036610917383347985,24.019364821372484
9083,Tanzania,TZA,1974,27995832031,0.07754942037786083,24.05532148000574
9084,Tanzania,TZA,1975,30166892578,0.09855802831904126,24.13001088772962
9085,Tanzania,TZA,1976,33140082031,-0.027736428025137982,24.224009324228426
9086,Tanzania,TZA,1977,32220894531,0.025817995375629454,24.19588097753145
9087,Tanzania,TZA,1978,33052773437,0.02471816495391055,24.221371316122717
9088,Tanzania,TZA,1979,33869777343,-0.04795111977125699,24.2457889298838
9089,Tanzania,TZA,1980,32245683593,-0.11184618336895558,24.196650029153023
9090,Tanzania,TZA,1981,28639126953,0.01056363217693379,24.07803969508959
9091,Tanzania,TZA,1982,28941660156,0.05751407227601346,24.088547921950166
9092,Tanzania,TZA,1983,30606212890,0.061821853615159794,24.14446886091672
9093,Tanzania,TZA,1984,32498345703,0.14288365520006607,24.204455023540426
9094,Tanzania,TZA,1985,37141828125,-0.3218079915122648,24.33800961419593
9095,Tanzania,TZA,1986,25189291015,-0.17205538347304694,23.949684781420594
9096,Tanzania,TZA,1987,20855337890,0.30887869402915724,23.760875766334127
9097,Tanzania,TZA,1988,27297107421,-0.037780230670397486,24.030046578248943
9098,Tanzania,TZA,1989,26265816406,0.022206783447506373,23.991534174288255
9099,Tanzania,TZA,1990,26849095703,0.015203826174092994,24.0134979777438
9100,Tanzania,TZA,1991,27257304687,-0.04823893250263689,24.028587384041746
9101,Tanzania,TZA,1992,25942441406,-0.04567503329605482,23.97914612883077
9102,Tanzania,TZA,1993,24757519531,-0.008113854287723377,23.932395099251675
9103,Tanzania,TZA,1994,24556640625,0.08477634611309948,23.924248148500084
9104,Tanzania,TZA,1995,26638462890,0.0655017969769951,24.005621981629606
9105,Tanzania,TZA,1996,28383330078,0.11043811819775295,24.069067840695272
9106,Tanzania,TZA,1997,31517931640,0.07577178443299659,24.17382247922459
9107,Tanzania,TZA,1998,33906101562,0.06653036037997806,24.246860822216732
9108,Tanzania,TZA,1999,36161886718,0.06929375639442825,24.31127154804506
9109,Tanzania,TZA,2000,38667679687,0.08648534194629498,24.378269937843207
9110,Tanzania,TZA,2001,42011867187,0.09788017484908274,24.46121796739089
9111,Tanzania,TZA,2002,46123996093,0.07201528693009562,24.554599174148834
9112,Tanzania,TZA,2003,49445628906,0.0642181860005564,24.624139496891754
9113,Tanzania,TZA,2004,52620937500,0.1329075284909167,24.68637992881946
9114,Tanzania,TZA,2005,59614656250,0.10830849061551029,24.811167291021647
9115,Tanzania,TZA,2006,66071429687,0.09889923820258573,24.9140022617279
9116,Tanzania,TZA,2007,72605843750,0.09962147932479604,25.008311247962062
9117,Tanzania,TZA,2008,79838945312,0.07312612256067075,25.103277258842326
9118,Tanzania,TZA,2009,85677257812,0.14908784228398764,25.1738532575784
9119,Tanzania,TZA,2010,98450695312,0.17817000562983276,25.312821704596754
9120,Tanzania,TZA,2011,115991656250,-0.0606541472675971,25.47678409658646
9121,Tanzania,TZA,2012,108956281250,0.039754118691528006,25.414212549268125
9122,Tanzania,TZA,2013,113287742187,0.008626815939069443,25.453196810133697
9123,Tanzania,TZA,2014,114265054687,0.08103021435873337,25.46178662772914
9124,Tanzania,TZA,2015,123523976562,0.0036318859907722434,25.539701116373713
9125,Tanzania,TZA,2016,123972601562,-0.014334379448440182,25.543326422992102
9126,Tanzania,TZA,2017,122195531250,0.03837765650697644,25.528888313866304
9127,Tanzania,TZA,2018,126885109375,0.04808717827532716,25.566547863371152
9129,Thailand,THA,1950,24299822265,-0.0330242899000891,23.913734873068634
9130,Thailand,THA,1951,23497337890,-0.001026795167731187,23.88015297040312
9131,Thailand,THA,1952,23473210937,-0.07682319704108065,23.879125647720098
9132,Thailand,THA,1953,21669923828,0.09076439020328242,23.799191137398516
9133,Thailand,THA,1954,23636781250,-0.07507111206184214,23.886069863276717
9134,Thailand,THA,1955,21862341796,0.0518400871496465,23.808031440947055
9135,Thailand,THA,1956,22995687500,0.13341062927559788,23.858572535295238
9136,Thailand,THA,1957,26063556640,0.02942716428129044,23.983803878225572
9137,Thailand,THA,1958,26830533203,0.10729831834568637,24.01280637457447
9138,Thailand,THA,1959,29709404296,0.11034693810543317,24.114729475597226
9139,Thailand,THA,1960,32987746093,0.06371009216801182,24.219401998937492
9140,Thailand,THA,1961,35089398437,0.05656723239538386,24.281164882963406
9141,Thailand,THA,1962,37074308593,0.0685400298868899,24.33619007592261
9142,Thailand,THA,1963,39615382812,0.08361552262967442,24.40248333462628
9143,Thailand,THA,1964,42927843750,0.11520294592015246,24.482786490807552
9144,Thailand,THA,1965,47873257812,0.1686457421741674,24.591822893435207
9145,Thailand,THA,1966,55946878906,0.026333294257135043,24.74766848652014
9146,Thailand,THA,1967,57420144531,0.0715275977367602,24.773661028720802
9147,Thailand,THA,1968,61527269531,0.10480724977972522,24.842746320491177
9148,Thailand,THA,1969,67975773437,0.34917564265742507,24.942417205656927
9149,Thailand,THA,1970,91711257812,0.05176777217179107,25.241910976525165
9150,Thailand,THA,1971,96458945312,0.04393441348847915,25.29238331758593
9151,Thailand,THA,1972,100696812500,0.08933220949769383,25.33537998274393
9152,Thailand,THA,1973,109692281250,0.041041444627627266,25.420944839400182
9153,Thailand,THA,1974,114194210937,0.05133223218499161,25.46116644056293
9154,Thailand,THA,1975,120056054687,0.08918451179255182,25.51122459305242
9155,Thailand,THA,1976,130763195312,0.10968987415592557,25.596653854967606
9156,Thailand,THA,1977,145106593750,0.1004107756130137,25.70073443860213
9157,Thailand,THA,1978,159676859375,0.05825613233132265,25.796417981073407
9158,Thailand,THA,1979,168979015625,0.04766891820979624,25.853040376260605
9159,Thailand,THA,1980,177034062500,0.05895290277824361,25.89960799450819
9160,Thailand,THA,1981,187470734375,0.03802693537082913,25.956888586841274
9161,Thailand,THA,1982,194599671875,0.053845880232165744,25.994210320545815
9162,Thailand,THA,1983,205078062500,0.054867140530938,26.046656536284612
9163,Thailand,THA,1984,216330109375,0.0339372112657399,26.10007136213637
9164,Thailand,THA,1985,223671750000,0.01732267821036859,26.13344541226445
9165,Thailand,THA,1986,227546343750,0.08958903014674346,26.150619763382807
9166,Thailand,THA,1987,247932000000,0.11664198752077182,26.236420351965084
9167,Thailand,THA,1988,276851281250,0.09539519243239902,26.346746308162057
9168,Thailand,THA,1989,303261562500,0.10523001493141759,26.437861512650453
9169,Thailand,THA,1990,335173781250,0.06437108511153866,26.53791498426721
9170,Thailand,THA,1991,356749281250,0.10875713922689223,26.600299078585138
9171,Thailand,THA,1992,395548312500,0.08639865895016308,26.703538772193113
9172,Thailand,THA,1993,429723156250,0.08991152079671072,26.786407015616785
9173,Thailand,THA,1994,468360218750,0.13457463662951197,26.872503534982084
9174,Thailand,THA,1995,531389625000,0.10648448396033316,26.998761346182395
9175,Thailand,THA,1996,587974375000,-0.0819248075224367,27.099949203963433
9176,Thailand,THA,1997,539804687500,-0.1537026991822853,27.014473221264378
9177,Thailand,THA,1998,456835250000,0.034112407043896065,26.84758865956141
9178,Thailand,THA,1999,472419000000,0.033378274900035754,26.88113214061322
9179,Thailand,THA,2000,488187531250,0.03777499438132148,26.913965454329215
9180,Thailand,THA,2001,506628812500,0.08081064280172567,26.951044447156477
9181,Thailand,THA,2002,547569812500,0.07497422988415736,27.0287558019237
9182,Thailand,THA,2003,588623437500,0.07943936992824896,27.101052491015206
9183,Thailand,THA,2004,635383312500,0.09404992045648042,27.177494295453002
9184,Thailand,THA,2005,695141062500,0.054907200939521505,27.26738062954196
9185,Thailand,THA,2006,733309312500,0.06876361603549119,27.320833431406413
9186,Thailand,THA,2007,783734312500,0.06667844787004906,27.387335912744255
9187,Thailand,THA,2008,835992500000,-0.01506128942544338,27.451885478699005
9188,Thailand,THA,2009,823401375000,0.13373391257696166,27.436709616186093
9189,Thailand,THA,2010,933518062500,0.057681395961205695,27.56222614896435
9190,Thailand,THA,2011,987364687500,0.10763038099840894,27.618305299016406
9191,Thailand,THA,2012,1093635125000,0.006746308555150016,27.72052824053092
9192,Thailand,THA,2013,1101013125000,-0.027401126576034218,27.727251894578963
9193,Thailand,THA,2014,1070844125000,-0.0005624067835269253,27.69946835525201
9194,Thailand,THA,2015,1070241875000,0.019217151263119847,27.698905790258465
9195,Thailand,THA,2016,1090808875000,0.05738745937504408,27.717940624115034
9196,Thailand,THA,2017,1153407625000,0.019015068501909704,27.773741828995416
9197,Thailand,THA,2018,1175339750000,0.01394756282172871,27.792578370665343
9199,Togo,TGO,1960,1941699462,0.08699629283823729,21.386829437887855
9200,Togo,TGO,1961,2110620117,0.02934899535026081,21.470247635568708
9201,Togo,TGO,1962,2172564697,0.06823125507134198,21.49917419463739
9202,Togo,TGO,1963,2320801513,0.15372181162482712,21.565178442701626
9203,Togo,TGO,1964,2677559326,0.14260113465736146,21.708171517276938
9204,Togo,TGO,1965,3059382324,0.0999794911543066,21.841478877633296
9205,Togo,TGO,1966,3365257812,0.04828833185396375,21.936770412858635
9206,Togo,TGO,1967,3527760498,0.029615894576525692,21.98392908673217
9207,Togo,TGO,1968,3632238281,0.12678583324473247,22.01311490153568
9208,Togo,TGO,1969,4092754638,0.016275367055121226,22.132484085921465
9209,Togo,TGO,1970,4159365722,0.06590360317442645,22.148628428921672
9210,Togo,TGO,1971,4433482910,0.04454318399526658,22.212451322034603
9211,Togo,TGO,1972,4630964355,-0.01741061338832095,22.25603096737373
9212,Togo,TGO,1973,4550336425,0.09376485190323036,22.238467006736315
9213,Togo,TGO,1974,4976998046,-0.02515144869317476,22.328092744216764
9214,Togo,TGO,1975,4851819335,0.022459962433865055,22.30261959217421
9215,Togo,TGO,1976,4960791015,0.19095052021658288,22.324831043798497
9216,Togo,TGO,1977,5908056640,0.13679653213344944,22.499582788570265
9217,Togo,TGO,1978,6716258300,0.05865976313031318,22.627797035815213
9218,Togo,TGO,1979,7110232421,-0.07218504411812388,22.684800769538107
9219,Togo,TGO,1980,6596979980,-0.09554768604891228,22.609877802469793
9220,Togo,TGO,1981,5966653808,-0.020897227660975126,22.50945210603889
9221,Togo,TGO,1982,5841967285,-0.07885418601757888,22.488333440930514
9222,Togo,TGO,1983,5381303710,-0.035678088126343654,22.406196507042885
9223,Togo,TGO,1984,5189309082,0.03569124272100921,22.369866400406817
9224,Togo,TGO,1985,5374521972,0.039379501489179125,22.404935471563288
9225,Togo,TGO,1986,5586167968,-0.00795072082587256,22.44355937347668
9226,Togo,TGO,1987,5541753906,0.14765242771139397,22.435576877132398
9227,Togo,TGO,1988,6360007324,0.010088523916926162,22.573295365870106
9228,Togo,TGO,1989,6424170410,0.1162466943338758,22.583333340324963
9229,Togo,TGO,1990,7170958984,-0.07798797012335557,22.693305232126125
9230,Togo,TGO,1991,6611710449,0.010044840062535476,22.612108224204015
9231,Togo,TGO,1992,6678124023,-0.17480765600929604,22.622102950173225
9232,Togo,TGO,1993,5510736816,0.11401490816541293,22.429964174583034
9233,Togo,TGO,1994,6139042968,0.019978349987010535,22.53793469855281
9234,Togo,TGO,1995,6261690917,0.1918077771515787,22.557716100120796
9235,Togo,TGO,1996,7462731933,0.0947456682549983,22.733187394981158
9236,Togo,TGO,1997,8169793457,-0.13073532061999105,22.82370946483781
9237,Togo,TGO,1998,7101712890,0.10173271916094029,22.683601844009747
9238,Togo,TGO,1999,7824189453,-0.062087414283371944,22.780485983726255
9239,Togo,TGO,2000,7338405761,0.0018900722379937562,22.716387457207922
9240,Togo,TGO,2001,7352275878,0.04290324917538402,22.71827574550688
9241,Togo,TGO,2002,7667712402,0.02824801513727926,22.76028415516665
9242,Togo,TGO,2003,7884310058,-0.012402747771287581,22.78814055296231
9243,Togo,TGO,2004,7786522949,-0.03555102191480097,22.775660249175875
9244,Togo,TGO,2005,7509704101,0.7603228740050727,22.73946190128045
9245,Togo,TGO,2006,13219503906,-0.42007950642380176,23.304959144644652
9246,Togo,TGO,2007,7666261230,-0.018475713747625577,22.760094879765614
9247,Togo,TGO,2008,7524621582,0.04027630634940804,22.74144635821055
9248,Togo,TGO,2009,7827685546,0.06440057141252975,22.78093271525949
9249,Togo,TGO,2010,8331792968,0.10440101672483126,22.843344512220774
9250,Togo,TGO,2011,9201640625,0.15195139703687355,22.94264763390706
9251,Togo,TGO,2012,10599842773,0.07101695479082548,23.08410500521858
9252,Togo,TGO,2013,11352611328,0.10346531983377005,23.15271362736264
9253,Togo,TGO,2014,12527212890,0.13272371257674065,23.25116914615596
9254,Togo,TGO,2015,14189871093,0.08228222873539526,23.37579424372192
9255,Togo,TGO,2016,15357445312,0.028477636814911333,23.45486622999976
9256,Togo,TGO,2017,15794789062,0.1437898822253989,23.482945916378775
9258,Trinidad and Tobago,TTO,1950,3821825439,0.10619675976258014,22.063994009037007
9259,Trinidad and Tobago,TTO,1951,4227690917,0.04821910423495601,22.16492179845059
9260,Trinidad and Tobago,TTO,1952,4431546386,0.0352509700662309,22.212014431424063
9261,Trinidad and Tobago,TTO,1953,4587762695,0.06234103156898363,22.246658311902884
9262,Trinidad and Tobago,TTO,1954,4873768554,0.13852918383780932,22.307133305178688
9263,Trinidad and Tobago,TTO,1955,5548927734,0.1153111119251784,22.43687054495794
9264,Trinidad and Tobago,TTO,1956,6188780761,0.10694187911304498,22.546003935098167
9265,Trinidad and Tobago,TTO,1957,6850620605,0.11021441012934341,22.64760508438675
9266,Trinidad and Tobago,TTO,1958,7605657714,0.0842089376203552,22.75215824333625
9267,Trinidad and Tobago,TTO,1959,8246122070,0.1034657744279548,22.83300887466266
9268,Trinidad and Tobago,TTO,1960,9099313476,0.1623346412777218,22.931464805425506
9269,Trinidad and Tobago,TTO,1961,10576447265,0.010289852090516804,23.08189540972506
9270,Trinidad and Tobago,TTO,1962,10685277343,0.0855595516759251,23.092132681674535
9271,Trinidad and Tobago,TTO,1963,11599504882,0.078501633238935,23.174228251561594
9272,Trinidad and Tobago,TTO,1964,12510084960,-0.012540351204777145,23.249800952769075
9273,Trinidad and Tobago,TTO,1965,12353204101,0.05446232204206347,23.23718130774782
9274,Trinidad and Tobago,TTO,1966,13025988281,0.06012784535837712,23.290212297408
9275,Trinidad and Tobago,TTO,1967,13809212890,0.06467354997812613,23.348601807087977
9276,Trinidad and Tobago,TTO,1968,14702303710,0.08377473797948087,23.41127003341858
9277,Trinidad and Tobago,TTO,1969,15933985351,-0.014606100914068776,23.491720108549323
9278,Trinidad and Tobago,TTO,1970,15701251953,-0.04984344530886087,23.47700628835073
9279,Trinidad and Tobago,TTO,1971,14918647460,0.15459279644376012,23.425877774797797
9280,Trinidad and Tobago,TTO,1972,17224962890,-0.005394378472301065,23.569625499417107
9281,Trinidad and Tobago,TTO,1973,17132044921,0.01962582228510601,23.5642165187484
9282,Trinidad and Tobago,TTO,1974,17468275390,0.015693293120220275,23.58365223784504
9283,Trinidad and Tobago,TTO,1975,17742410156,0.10836709004553113,23.599223664577167
9284,Trinidad and Tobago,TTO,1976,19665103515,0.05592433379062234,23.702111506737
9285,Trinidad and Tobago,TTO,1977,20764861328,0.11427799875553313,23.756528035846465
9286,Trinidad and Tobago,TTO,1978,23137828125,0.035840844331624044,23.86473469626897
9287,Trinidad and Tobago,TTO,1979,23967107421,0.06387693291926344,23.899948203142184
9288,Trinidad and Tobago,TTO,1980,25498052734,0.04591343257514491,23.96186792282241
9289,Trinidad and Tobago,TTO,1981,26668755859,0.03413902458793361,24.006758524595895
9290,Trinidad and Tobago,TTO,1982,27579201171,-0.11117108671820275,24.040327744823934
9291,Trinidad and Tobago,TTO,1983,24513191406,-0.07131842439626568,23.922477234333197
9292,Trinidad and Tobago,TTO,1984,22764949218,-0.06175372053491923,23.84848787502564
9293,Trinidad and Tobago,TTO,1985,21359128906,-0.11619025602223221,23.78474506865251
9294,Trinidad and Tobago,TTO,1986,18877406250,-0.11727406030688137,23.661231607399884
9295,Trinidad and Tobago,TTO,1987,16663576171,-0.07320490244602729,23.536491106772228
9296,Trinidad and Tobago,TTO,1988,15443720703,-0.06937823006549615,23.46046833068604
9297,Trinidad and Tobago,TTO,1989,14372262695,0.035628795330755025,23.388565984280014
9298,Trinidad and Tobago,TTO,1990,14884329101,-0.022557543824897164,23.423574758245195
9299,Trinidad and Tobago,TTO,1991,14548575195,-0.048569175711642654,23.400758901026705
9300,Trinidad and Tobago,TTO,1992,13841962890,-0.06312045075855566,23.35097060439153
9301,Trinidad and Tobago,TTO,1993,12968251953,-0.002962312587635463,23.28577005001585
9302,Trinidad and Tobago,TTO,1994,12929835937,0.005250695007329886,23.282803341095924
9303,Trinidad and Tobago,TTO,1995,12997726562,-0.017156846540529624,23.28804029926853
9304,Trinidad and Tobago,TTO,1996,12774726562,0.019537477909110423,23.27073456865838
9305,Trinidad and Tobago,TTO,1997,13024312500,-0.013870468863519614,23.29008364008336
9306,Trinidad and Tobago,TTO,1998,12843659179,0.18245772270503813,23.276116077396505
9307,Trinidad and Tobago,TTO,1999,15187083984,0.21821251021535137,23.44371116567201
9308,Trinidad and Tobago,TTO,2000,18501095703,-0.050486769107871754,23.64109579446602
9309,Trinidad and Tobago,TTO,2001,17567035156,0.0377440345005251,23.589289980228003
9310,Trinidad and Tobago,TTO,2002,18230085937,0.29346095117094007,23.62633913966866
9311,Trinidad and Tobago,TTO,2003,23579904296,0.10942539047699618,23.883660673353592
9312,Trinidad and Tobago,TTO,2004,26160144531,0.22043753340760164,23.98750288840547
9313,Trinidad and Tobago,TTO,2005,31926822265,0.20382738040716175,24.18671231679751
9314,Trinidad and Tobago,TTO,2006,38434382812,0.09544381750432773,24.37221828165058
9315,Trinidad and Tobago,TTO,2007,42102707031,0.16634507894809003,24.46337787559134
9316,Trinidad and Tobago,TTO,2008,49106285156,-0.25341826710097803,24.617252870805167
9317,Trinidad and Tobago,TTO,2009,36661855468,0.1553970594034093,24.32500269095225
9318,Trinidad and Tobago,TTO,2010,42359000000,0.12935950003541152,24.46944675022438
9319,Trinidad and Tobago,TTO,2011,47838539062,-0.011983506357855611,24.59109740812082
9320,Trinidad and Tobago,TTO,2012,47265265625,-0.004552761888768075,24.57904152071699
9321,Trinidad and Tobago,TTO,2013,47050078125,-0.03632457770759545,24.57447836344401
9322,Trinidad and Tobago,TTO,2014,45341003906,-0.1165793379863943,24.537477623509826
9323,Trinidad and Tobago,TTO,2015,40055179687,-0.08528030571059064,24.41352383261017
9324,Trinidad and Tobago,TTO,2016,36639261718,-0.014089010334681462,24.32438622693143
9325,Trinidad and Tobago,TTO,2017,36123050781,0.06003881480411222,24.310197024303864
9326,Trinidad and Tobago,TTO,2018,38291835937,0.04348185348802169,24.36850254949716
9328,Tunisia,TUN,1960,7699437500,0.03261684337329829,22.764413111189572
9329,Tunisia,TUN,1961,7950568847,0.009874490053579432,22.796509316134614
9330,Tunisia,TUN,1962,8029076660,0.10002749407053235,22.80633537199228
9331,Tunisia,TUN,1963,8832205078,0.02805207938583143,22.90167054609382
9332,Tunisia,TUN,1964,9079966796,0.04071129722223721,22.929336372724734
9333,Tunisia,TUN,1965,9449624023,0.040710015029557844,22.969240791734656
9334,Tunisia,TUN,1966,9834318359,0.0035323526991790644,23.00914397870888
9335,Tunisia,TUN,1967,9869056640,0.08381290402645813,23.012670107303112
9336,Tunisia,TUN,1968,10696210937,0.041001851551275115,23.09315539766229
9337,Tunisia,TUN,1969,11134775390,0.3129084258070516,23.133338965921087
9338,Tunisia,TUN,1970,14618940429,0.08985807756587572,23.405583814565063
9339,Tunisia,TUN,1971,15932570312,0.1723898421418748,23.491631298260828
9340,Tunisia,TUN,1972,18679183593,0.009858484289913427,23.6506755639205
9341,Tunisia,TUN,1973,18863332031,0.10995373174746836,23.660485770392263
9342,Tunisia,TUN,1974,20937425781,0.07224297995470952,23.764804101737354
9343,Tunisia,TUN,1975,22450007812,0.06629747831109567,23.834556799107887
9344,Tunisia,TUN,1976,23938386718,0.04685604824641709,23.898749146250807
9345,Tunisia,TUN,1977,25060044921,0.06160944850127548,23.944540578950637
9346,Tunisia,TUN,1978,26603980468,0.07199587878602864,24.004326683193003
9347,Tunisia,TUN,1979,28519357421,0.1055663878591846,24.073848901418206
9348,Tunisia,TUN,1980,31530042968,0.060938284192952885,24.17420667326807
9349,Tunisia,TUN,1981,33451429687,0.02269171512555679,24.23336036362372
9350,Tunisia,TUN,1982,34210500000,0.0656276947136114,24.25579845143859
9351,Tunisia,TUN,1983,36455656250,0.06228821657818884,24.31936246168864
9352,Tunisia,TUN,1984,38726414062,0.04294932743675006,24.379787738063627
9353,Tunisia,TUN,1985,40389687500,0.0015294358739468272,24.42184032942817
9354,Tunisia,TUN,1986,40451460937,0.07301835707739102,24.423368596906244
9355,Tunisia,TUN,1987,43405160156,0.04758857786899484,24.493844168588698
9356,Tunisia,TUN,1988,45470750000,0.04920264675643127,24.540335099039208
9357,Tunisia,TUN,1989,47708031250,0.07597040460561866,24.58836559068903
9358,Tunisia,TUN,1990,51332429687,0.04286086509864129,24.661588547036988
9359,Tunisia,TUN,1991,53532582031,0.11627629521765703,24.70355631540232
9360,Tunisia,TUN,1992,59757152343,0.07477962072808597,24.813554725079378
9361,Tunisia,TUN,1993,64225769531,0.09189269274775014,24.885670361668943
9362,Tunisia,TUN,1994,70127648437,0.08920886344307055,24.97358296744865
9363,Tunisia,TUN,1995,76383656250,0.1473052154007095,25.059034586804685
9364,Tunisia,TUN,1996,87635367187,0.007739009486350534,25.19645048842112
9365,Tunisia,TUN,1997,88313578125,-0.01255044834024499,25.20415970538458
9366,Tunisia,TUN,1998,87205203125,-0.0056684726975687605,25.191529834945907
9367,Tunisia,TUN,1999,86710882812,0.03114282529973611,25.18584523548536
9368,Tunisia,TUN,2000,89411304687,0.01972048591811193,25.216512961769254
9369,Tunisia,TUN,2001,91174539062,-0.010939269035643462,25.236041518097803
9370,Tunisia,TUN,2002,90177156250,0.006720451999172372,25.225041975288224
9371,Tunisia,TUN,2003,90783187500,0.018177667114849916,25.231739945717855
9372,Tunisia,TUN,2004,92433414062,0.06068904161905442,25.24975437427145
9373,Tunisia,TUN,2005,98043109375,0.04125815828145751,25.30867311047468
9374,Tunisia,TUN,2006,102088187500,0.06962737791774387,25.349102860027134
9375,Tunisia,TUN,2007,109196320312,0.0568967346632947,25.41641320291291
9376,Tunisia,TUN,2008,115409234375,0.04336890286211115,25.471750208399524
9377,Tunisia,TUN,2009,120414406250,0.06199048027112619,25.514205015902455
9378,Tunisia,TUN,2010,127878953125,-0.01332320738765036,25.57434997471887
9379,Tunisia,TUN,2011,126175195312,0.01587289498579847,25.56093721711685
9380,Tunisia,TUN,2012,128177960937,-0.03520410679038544,25.57668545508663
9381,Tunisia,TUN,2013,123665570312,0.0018734372664557242,25.54084674544482
9382,Tunisia,TUN,2014,123897250000,-0.025607156333171233,25.542718430016382
9383,Tunisia,TUN,2015,120724593750,0.01308071547766132,25.516777703614416
9384,Tunisia,TUN,2016,122303757812,0.019916919206557582,25.529773605349018
9385,Tunisia,TUN,2017,124739671875,0.02395294750329402,25.549494777569546
9386,Tunisia,TUN,2018,127727554687,0.015434157436356566,25.573165353427328
9388,Turkey,TUR,1950,70226046875,0.2383546258099125,24.974985117265973
9389,Turkey,TUR,1951,86964750000,0.11825391178609723,25.18876870108268
9390,Turkey,TUR,1952,97248671875,0.11794786721348216,25.30053716253937
9391,Turkey,TUR,1953,108718945312,-0.0868365786929498,25.41203190578566
9392,Turkey,TUR,1954,99278164062,0.09323550739938535,25.321191485145587
9393,Turkey,TUR,1955,108534414062,0.006327990010686069,25.41033313993082
9394,Turkey,TUR,1956,109221218750,0.21793212685607388,25.416641192278735
9395,Turkey,TUR,1957,133024031250,0.10169156465854745,25.613795634936626
9396,Turkey,TUR,1958,146551453125,-0.019908110344777574,25.710642419611982
9397,Turkey,TUR,1959,143633890625,-0.016896582446104036,25.690533472853115
9398,Turkey,TUR,1960,141206968750,0.01908944384163047,25.673492514541238
9399,Turkey,TUR,1961,143902531250,0.06361261018471498,25.692402041025538
9400,Turkey,TUR,1962,153056546875,0.09702296506223851,25.75407327747654
9401,Turkey,TUR,1963,167906546875,0.03283355445397973,25.846673392973702
9402,Turkey,TUR,1964,173419515625,0.023514059881344362,25.87897944181691
9403,Turkey,TUR,1965,177497312500,0.1524482588996947,25.902221304902188
9404,Turkey,TUR,1966,204556468750,0.027711021727343965,26.04410990511902
9405,Turkey,TUR,1967,210224937500,0.07168229625469613,26.071443925364818
9406,Turkey,TUR,1968,225294343750,0.048237729004237284,26.14067357865446
9407,Turkey,TUR,1969,236162031250,0.06495573417879807,26.18778397948176
9408,Turkey,TUR,1970,251502109375,0.029864374273699923,26.250717213627972
9409,Turkey,TUR,1971,259013062500,0.08987095004137102,26.280144331737112
9410,Turkey,TUR,1972,282290812500,0.046074715060023363,26.36620362651153
9411,Turkey,TUR,1973,295297281250,0.13571514214542058,26.411248418914997
9412,Turkey,TUR,1974,335373593750,0.07217137977190546,26.538510952615948
9413,Turkey,TUR,1975,359577968750,0.11060257706625687,26.608196871677052
9414,Turkey,TUR,1976,399348218750,-0.016369407557298654,26.713099601926757
9415,Turkey,TUR,1977,392811125000,-0.031677119633513384,26.69659473532708
9416,Turkey,TUR,1978,380368000000,-0.01672007437534173,26.664405042102327
9417,Turkey,TUR,1979,374008218750,-0.011221093654108394,26.64754360938687
9418,Turkey,TUR,1980,369811437500,0.11966639079409225,26.636259084301624
9419,Turkey,TUR,1981,414065437500,-0.010187625838729897,26.74928985987551
9420,Turkey,TUR,1982,409847093750,0.04759473178526097,26.739049985011405
9421,Turkey,TUR,1983,429353656250,0.05963680727360754,26.78554678980831
9422,Turkey,TUR,1984,454958937500,0.05560934551373653,26.843473004572086
9423,Turkey,TUR,1985,480258906250,0.064675466390687,26.897591183451752
9424,Turkey,TUR,1986,511319875000,0.11288579384871356,26.960261209780896
9425,Turkey,TUR,1987,569040625000,0.0076265424810399995,27.067217665712132
9426,Turkey,TUR,1988,573380437500,-0.0005876334070082923,27.074815273141215
9427,Turkey,TUR,1989,573043500000,0.07703516399714849,27.074227467010026
9428,Turkey,TUR,1990,617188000000,-0.044004926375755815,27.148439514602206
9429,Turkey,TUR,1991,590028687500,0.04986399496041449,27.10343699554548
9430,Turkey,TUR,1992,619449875000,0.10201672895647929,27.152097622716227
9431,Turkey,TUR,1993,682644125000,-0.0849196131293154,27.249239513872997
9432,Turkey,TUR,1994,624674250000,0.10898570334858526,27.16049615081088
9433,Turkey,TUR,1995,692754812500,0.10162650439905829,27.263941967615928
9434,Turkey,TUR,1996,763157062500,0.05190486263763039,27.360729695670802
9435,Turkey,TUR,1997,802768625000,-0.0030981062569553908,27.411332371141746
9436,Turkey,TUR,1998,800281562500,-0.04487444067537172,27.408229455818365
9437,Turkey,TUR,1999,764369375000,0.0840387214623819,27.36231698440738
9438,Turkey,TUR,2000,828606000000,-0.022487617758017664,27.44301060769311
9439,Turkey,TUR,2001,809972625000,-0.009060954374846886,27.42026628774549
9440,Turkey,TUR,2002,802633500000,-0.020699749636664766,27.411164033255286
9441,Turkey,TUR,2003,786019187500,0.11494725756933266,27.390247040655268
9442,Turkey,TUR,2004,876369937500,0.1084062031737596,27.499054141820146
9443,Turkey,TUR,2005,971373875000,0.14133461227789357,27.601977272323044
9444,Turkey,TUR,2006,1108662625000,0.08920398574814414,27.734175562504387
9445,Turkey,TUR,2007,1207559750000,0.0654615641172207,27.81962270365058
9446,Turkey,TUR,2008,1286608500000,-0.032260882001012736,27.883030802461413
9447,Turkey,TUR,2009,1245101375000,0.1487115858337238,27.85023806823314
9448,Turkey,TUR,2010,1430262375000,0.11894198782933096,27.988879022391128
9449,Turkey,TUR,2011,1600380625000,0.05118016846773554,28.101262607507795
9450,Turkey,TUR,2012,1682288375000,0.06799243025144253,28.151176110465162
9451,Turkey,TUR,2013,1796671250000,0.052173429056651344,28.2169567631985
9452,Turkey,TUR,2014,1890409750000,0.07006562995139021,28.267814720444402
9453,Turkey,TUR,2015,2022862500000,-0.001256078947530992,28.335534703440388
9454,Turkey,TUR,2016,2020321625000,0.06844609456675,28.334277834964485
9455,Turkey,TUR,2017,2158604750000,0.0490048027551131,28.40048317983556
9456,Turkey,TUR,2018,2264386750000,-0.007137031693017937,28.448325087652123
9458,Turkmenistan,TKM,1999,33224203125,0.09211352415243224,24.22654445705945
9459,Turkmenistan,TKM,2000,36284601562,-0.05013264279316332,24.31465928882526
9460,Turkmenistan,TKM,2001,34465558593,0.0432585383456634,24.26322636069657
9461,Turkmenistan,TKM,2002,35956488281,0.06596579784053458,24.305575385524197
9462,Turkmenistan,TKM,2003,38328386718,0.05637344302793945,24.36945662617577
9463,Turkmenistan,TKM,2004,40489089843,0.18750575845094075,24.424298388175227
9464,Turkmenistan,TKM,2005,48081027343,0.07123400010916447,24.596153494311974
9465,Turkmenistan,TKM,2006,51506031250,0.0763871403312597,24.664964749409553
9466,Turkmenistan,TKM,2007,55440429687,0.05362202533031746,24.738574942285037
9467,Turkmenistan,TKM,2008,58413257812,0.4978427548347746,24.790808718344824
9468,Turkmenistan,TKM,2009,87493875000,0.04755323943533196,25.194834627859866
9469,Turkmenistan,TKM,2010,91654492187,0.0286731547498853,25.241291824619058
9470,Turkmenistan,TKM,2011,94282515625,0.06854175473746538,25.2695615971467
9471,Turkmenistan,TKM,2012,100744804687,0.11995849662468472,25.33585647006148
9472,Turkmenistan,TKM,2013,112830000000,0.06859462244084025,25.449148098096767
9473,Turkmenistan,TKM,2014,120569531250,0.033317846933240025,25.51549244628504
9474,Turkmenistan,TKM,2015,124586648437,0.07650931446173459,25.548267282156928
9475,Turkmenistan,TKM,2016,134118687500,0.056877676908372754,25.621990972484028
9476,Turkmenistan,TKM,2017,141747046875,0.06015458214462366,25.677309946003923
9477,Turkmenistan,TKM,2018,150273781250,0.02911488011152974,25.735724675707324
9479,Uganda,UGA,1950,4849008789,0.2466216616709045,22.30204014760665
9480,Uganda,UGA,1951,6044879394,-0.05742512089563789,22.522477369449373
9481,Uganda,UGA,1952,5697751464,-0.1751089961195963,22.463337453959213
9482,Uganda,UGA,1953,4700023925,0.09160390135673624,22.270833436075
9483,Uganda,UGA,1954,5130564453,0.008641246476121411,22.358481519900813
9484,Uganda,UGA,1955,5174898925,0.013653554016033187,22.367085644506137
9485,Uganda,UGA,1956,5245554687,0.16308647131639376,22.380646828589047
9486,Uganda,UGA,1957,6101033691,-0.039375611767950125,22.531724051310352
9487,Uganda,UGA,1958,5860801757,0.052994096008970315,22.491552249777204
9488,Uganda,UGA,1959,6171389648,-0.014018111954417933,22.543189876084234
9489,Uganda,UGA,1960,6084878417,0.01935478031425708,22.529072582413892
9490,Uganda,UGA,1961,6202649902,0.02379897323439173,22.548242441234965
9491,Uganda,UGA,1962,6350266601,0.022216479222743724,22.57176263337914
9492,Uganda,UGA,1963,6491347167,0.08406879388214983,22.59373592193047
9493,Uganda,UGA,1964,7037066894,0.010156944516321431,22.674457285925147
9494,Uganda,UGA,1965,7108541992,0.05602181128678341,22.684562995316664
9495,Uganda,UGA,1966,7506775390,-0.018746281018007127,22.739071835015064
9496,Uganda,UGA,1967,7366051269,0.05520622123706809,22.720147615167708
9497,Uganda,UGA,1968,7772703125,0.09489966889736312,22.773883833360784
9498,Uganda,UGA,1969,8510330078,0.22180442928761335,22.864546565853527
9499,Uganda,UGA,1970,10397958984,-0.005327912341763108,23.064875372295422
9500,Uganda,UGA,1971,10342559570,0.10497771597558225,23.059533216012525
9501,Uganda,UGA,1972,11428297851,0.03776732253808324,23.15935838424096
9502,Uganda,UGA,1973,11859914062,-0.05038119153953102,23.19642998445264
9503,Uganda,UGA,1974,11262397460,0.06623577578836404,23.144735355288923
9504,Uganda,UGA,1975,12008371093,0.04975256522079574,23.208869834614184
9505,Uganda,UGA,1976,12605818359,0.03763708753277939,23.25742431884261
9506,Uganda,UGA,1977,13080264648,-0.01379299432046166,23.2943704157983
9507,Uganda,UGA,1978,12899848632,-0.1501613428389258,23.280481414291707
9508,Uganda,UGA,1979,10962790039,-0.06017487962947199,23.117772651672144
9509,Uganda,UGA,1980,10303105468,0.05578472061507189,23.055711188487056
9510,Uganda,UGA,1981,10877861328,0.1295713322224472,23.10999548993432
9511,Uganda,UGA,1982,12287320312,0.08703816559217903,23.231833698670858
9512,Uganda,UGA,1983,13356786132,-0.024506064689903684,23.315290417133923
9513,Uganda,UGA,1984,13029463867,-0.027629386571443648,23.290479081189062
9514,Uganda,UGA,1985,12669467773,0.01482942001718457,23.26246082353053
9515,Uganda,UGA,1986,12857348632,0.07117836384418275,23.2771813628044
9516,Uganda,UGA,1987,13772513671,0.06172400676501022,23.345940679940895
9517,Uganda,UGA,1988,14622608398,0.029485924895518156,23.405834688350232
9518,Uganda,UGA,1989,15053769531,0.033454037805144,23.43489426395571
9519,Uganda,UGA,1990,15557378906,0.020940500258328054,23.467800890736022
9520,Uganda,UGA,1991,15883158203,0.039193318107378694,23.488525152273652
9521,Uganda,UGA,1992,16505671875,0.04775725768509509,23.52696990878445
9522,Uganda,UGA,1993,17293937500,0.34001641650433867,23.573621843507958
9523,Uganda,UGA,1994,23174160156,0.01191993035089478,23.866303708518373
9524,Uganda,UGA,1995,23450394531,0.0033580691743118063,23.878153156046853
9525,Uganda,UGA,1996,23529142578,0.052922319326854206,23.881505599497736
9526,Uganda,UGA,1997,24774359375,0.09508941322524112,23.93307505910867
9527,Uganda,UGA,1998,27130138671,0.05417882027161136,24.023911074956935
9528,Uganda,UGA,1999,28600017578,0.0590740731676902,24.076673169387412
9529,Uganda,UGA,2000,30289537109,0.06566591713971781,24.134068179894538
9530,Uganda,UGA,2001,32278527343,0.057846844069388004,24.19766805796299
9531,Uganda,UGA,2002,34145738281,0.0539483274264132,24.253903621061575
9532,Uganda,UGA,2003,35987843750,0.059930067524537334,24.306447044766838
9533,Uganda,UGA,2004,38144597656,0.10463084702040937,24.364649976680976
9534,Uganda,UGA,2005,42135699218,0.06990277599906891,24.464161180740525
9535,Uganda,UGA,2006,45081101562,0.06737224111134288,24.531728961533727
9536,Uganda,UGA,2007,48118316406,0.08039777278071214,24.596928740034333
9537,Uganda,UGA,2008,51986921875,0.10669465246157173,24.67425802149196
9538,Uganda,UGA,2009,57533648437,0.09714389962805958,24.77563580380139
9539,Uganda,UGA,2010,63122691406,0.08966274694462761,24.86834615208703
9540,Uganda,UGA,2011,68782445312,-0.0336884195449757,24.954214393979207
9541,Uganda,UGA,2012,66465273437,0.018338876453360964,24.919945444257362
9542,Uganda,UGA,2013,67684171875,0.039518101882664025,24.938118191523717
9543,Uganda,UGA,2014,70358921875,0.07918860681092554,24.97687543371656
9544,Uganda,UGA,2015,75930546875,-0.0071355299059275845,25.053084902503052
9545,Uganda,UGA,2016,75388742187,0.05237913195587085,25.04592379294807
9546,Uganda,UGA,2017,79337539062,0.07313067535994411,25.09697723393117
9547,Uganda,UGA,2018,85139546875,0.08784456987985356,25.16755747521574
9549,Ukraine,UKR,1990,614836375000,-0.07116354737469788,27.14462201244294
9550,Ukraine,UKR,1991,571082437500,-0.08205546944349873,27.07079941008694
9551,Ukraine,UKR,1992,524222000000,-0.19906678372903086,26.985181095669287
9552,Ukraine,UKR,1993,419866812500,-0.18267273446386045,26.7632033848376
9553,Ukraine,UKR,1994,343168593750,-0.12137264892119803,26.56148769032047
9554,Ukraine,UKR,1995,301517312500,-0.03653210626172587,26.432093272692313
9555,Ukraine,UKR,1996,290502250000,-0.10071840020171963,26.394877158475165
9556,Ukraine,UKR,1997,261243328125,-0.05193105110997753,26.288718101621814
9557,Ukraine,UKR,1998,247676687500,-0.033915560785267695,26.23539005314658
9558,Ukraine,UKR,1999,239276593750,-0.0059010551465609185,26.200886015752204
9559,Ukraine,UKR,2000,237864609375,0.06127087133009956,26.19496748057873
9560,Ukraine,UKR,2001,252438781250,0.04799393813425801,26.254434605770903
9561,Ukraine,UKR,2002,264554312500,0.1122871981155098,26.30131240742999
9562,Ukraine,UKR,2003,294260375000,0.1004026833378433,26.4077308415986
9563,Ukraine,UKR,2004,323804906250,0.15830703229191734,26.503407030175214
9564,Ukraine,UKR,2005,375065500000,0.1093386521820856,26.650366514331044
9565,Ukraine,UKR,2006,416074656250,0.13533658960993256,26.754130543245694
9566,Ukraine,UKR,2007,472384781250,0.0763337594293001,26.881059704937808
9567,Ukraine,UKR,2008,508443687500,-0.1622404349350881,26.95462030392309
9568,Ukraine,UKR,2009,425953562500,0.033568433296059075,26.777596169057993
9569,Ukraine,UKR,2010,440252156250,0.11789649809352865,26.81061348209608
9570,Ukraine,UKR,2011,492156343750,0.06512558287022996,26.922062274809534
9571,Ukraine,UKR,2012,524208312500,0.03730923763251082,26.985154985207128
9572,Ukraine,UKR,2013,543766125000,-0.03820633824881969,27.02178507408201
9573,Ukraine,UKR,2014,522990812500,-0.10755590472251364,26.98282973393543
9574,Ukraine,UKR,2015,466740062500,0.046590975892496944,26.869038328300668
9575,Ukraine,UKR,2016,488485937500,0.10115785062901628,26.914576520911513
9576,Ukraine,UKR,2017,537900125000,0.04354897668038271,27.010938738610783
9577,Ukraine,UKR,2018,561325125000,0.030223794097939294,27.053566120052043
9579,United Arab Emirates,ARE,1986,197967343750,-0.13475699511677663,26.01136792348285
9580,United Arab Emirates,ARE,1987,171289859375,0.12973513190497354,25.866623042479844
9581,United Arab Emirates,ARE,1988,193512171875,0.1627333842614389,25.98860625118466
9582,United Arab Emirates,ARE,1989,225003062500,0.17701759059390576,26.139379850169313
9583,United Arab Emirates,ARE,1990,264832562500,-0.0722269448078161,26.302363623615218
9584,United Arab Emirates,ARE,1991,245704515625,0.04316249020911744,26.227395494916788
9585,United Arab Emirates,ARE,1992,256309734375,-0.19043950913149943,26.26965244998927
9586,United Arab Emirates,ARE,1993,207498234375,0.05964749549450232,26.05838866754482
9587,United Arab Emirates,ARE,1994,219874984375,0.1023400442254152,26.116324968941026
9588,United Arab Emirates,ARE,1995,242377000000,0.059545924324502675,26.213760202151303
9589,United Arab Emirates,ARE,1996,256809562500,0.07330699572372823,26.271600645218463
9590,United Arab Emirates,ARE,1997,275635500000,-0.03843663098548622,26.34234517766001
9591,United Arab Emirates,ARE,1998,265041000000,0.07825640655596677,26.303150367946326
9592,United Arab Emirates,ARE,1999,285782156250,0.2172936794404916,26.378495666098388
9593,United Arab Emirates,ARE,2000,347880812500,0.034953152956660904,26.575125765240735
9594,United Arab Emirates,ARE,2001,360040343750,-0.0022033989072925975,26.609481928089867
9595,United Arab Emirates,ARE,2002,359247031250,0.09365004321103898,26.60727609812749
9596,United Arab Emirates,ARE,2003,392890531250,0.07947045046023882,26.69679686357675
9597,United Arab Emirates,ARE,2004,424113718750,0.18398315781903718,26.773267460817003
9598,United Arab Emirates,ARE,2005,502143500000,0.17768787707099665,26.94215177236264
9599,United Arab Emirates,ARE,2006,591368312500,0.09326791161134462,27.105704862442323
9600,United Arab Emirates,ARE,2007,646524000000,0.10262273712963488,27.194876157439122
9601,United Arab Emirates,ARE,2008,712872062500,-0.16713553001665005,27.292567805776365
9602,United Arab Emirates,ARE,2009,593725812500,0.04239235850976253,27.10968345462339
9603,United Arab Emirates,ARE,2010,618895250000,0.17372800566816426,27.15120187075518
9604,United Arab Emirates,ARE,2011,726414687500,0.07022013510705616,27.311386883605074
9605,United Arab Emirates,ARE,2012,777423625000,-0.0082010467587732,27.379251244663514
9606,United Arab Emirates,ARE,2013,771047937500,0.03566347650077195,27.371016384322694
9607,United Arab Emirates,ARE,2014,798546187500,-0.1319397696078788,27.406058645758954
9608,United Arab Emirates,ARE,2015,693186187500,-0.03217966601505606,27.264564468882476
9609,United Arab Emirates,ARE,2016,670879687500,-0.061231824819558245,27.23185565456265
9610,United Arab Emirates,ARE,2017,629800500000,0.0065038452652863565,27.168668939515847
9611,United Arab Emirates,ARE,2018,633896625000,0.019024592535099805,27.175151726038735
9613,United Kingdom,GBR,1950,523645375000,0.03222576920497011,26.98408052689129
9614,United Kingdom,GBR,1951,540520250000,-0.003055620950371374,27.015797938633764
9615,United Kingdom,GBR,1952,538868625000,0.050891926580435065,27.012737639741925
9616,United Kingdom,GBR,1953,566292687500,0.038290932372316844,27.062376897215714
9617,United Kingdom,GBR,1954,587976562500,0.04048673283639603,27.099952924356742
9618,United Kingdom,GBR,1955,611781812500,0.02127453731717477,27.139641540369094
9619,United Kingdom,GBR,1956,624797187500,0.01968168670733661,27.160692934021295
9620,United Kingdom,GBR,1957,637094250000,0.004475201275164542,27.180183440757368
9621,United Kingdom,GBR,1958,639945375000,0.03458478780317775,27.184648658094975
9622,United Kingdom,GBR,1959,662077750000,0.049200603705531476,27.218648833116955
9623,United Kingdom,GBR,1960,694652375000,0.02538751846922005,27.26667737752342
9624,United Kingdom,GBR,1961,712287875000,0.012841454727837487,27.291747985463783
9625,United Kingdom,GBR,1962,721434687500,0.038771267842593105,27.30450768784734
9626,United Kingdom,GBR,1963,749405625000,0.06015058600607648,27.342546229282632
9627,United Kingdom,GBR,1964,794482812500,0.02633489947273082,27.400957189586602
9628,United Kingdom,GBR,1965,815405437500,0.02146700487265263,27.426951295815584
9629,United Kingdom,GBR,1966,832909750000,0.023455047200491963,27.448191129906355
9630,United Kingdom,GBR,1967,852445687500,0.04086242737898771,27.471375334397116
9631,United Kingdom,GBR,1968,887278687500,0.019624259824227996,27.51142496100188
9632,United Kingdom,GBR,1969,904690875000,0.0260905417002244,27.530859147710814
9633,United Kingdom,GBR,1970,928294750000,0.01583454500846848,27.556615137837007
9634,United Kingdom,GBR,1971,942993875000,0.03233093640189333,27.57232562433078
9635,United Kingdom,GBR,1972,973481750000,0.06905554469819286,27.604144914793007
9636,United Kingdom,GBR,1973,1040706062500,-0.031725756858459686,27.670920504979232
9637,United Kingdom,GBR,1974,1007688875000,-0.01829563961396319,27.638680582179767
9638,United Kingdom,GBR,1975,989252562500,0.05035285162579495,27.62021550755481
9639,United Kingdom,GBR,1976,1039064250000,0.04805621981508845,27.66934166443979
9640,United Kingdom,GBR,1977,1088997750000,0.06810298735695275,27.716278893761533
9641,United Kingdom,GBR,1978,1163161750000,0.056854947302041214,27.78216305975996
9642,United Kingdom,GBR,1979,1229293250000,0.014140848816992957,27.837460526674835
9643,United Kingdom,GBR,1980,1246676500000,-0.020646695433819473,27.851502326356307
9644,United Kingdom,GBR,1981,1220936750000,0.0014944467844055787,27.830639507913553
9645,United Kingdom,GBR,1982,1222761375000,0.022825181241924675,27.83213283912367
9646,United Kingdom,GBR,1983,1250671125000,0.012349969301482133,27.854701423163522
9647,United Kingdom,GBR,1984,1266116875000,0.016506078872063012,27.866975753714893
9648,United Kingdom,GBR,1985,1287015500000,0.01152462810276944,27.88334708798206
9649,United Kingdom,GBR,1986,1301847875000,0.04445786340435509,27.894805813410937
9650,United Kingdom,GBR,1987,1359725250000,0.036161717229271195,27.93830377320848
9651,United Kingdom,GBR,1988,1408895250000,0.015242439067063351,27.973827002575444
9652,United Kingdom,GBR,1989,1430370250000,0.010603198717255236,27.988954442771295
9653,United Kingdom,GBR,1990,1445536750000,-0.030337519955822678,27.999501821808447
9654,United Kingdom,GBR,1991,1401682750000,-0.0013468632613192755,27.968694595054714
9655,United Kingdom,GBR,1992,1399794875000,0.02775040521562122,27.96734682395783
9656,United Kingdom,GBR,1993,1438639750000,0.02833396964041901,27.994719165028105
9657,United Kingdom,GBR,1994,1479402125000,0.0993366661549171,28.022659152492277
9658,United Kingdom,GBR,1995,1626361000000,0.06061938278155954,28.117366119632162
9659,United Kingdom,GBR,1996,1724950000000,0.0604170410736542,28.176219180484537
9660,United Kingdom,GBR,1997,1829166375000,0.027492441741391538,28.234881446208412
9661,United Kingdom,GBR,1998,1879454625000,0.04227995129172113,28.26200275760016
9662,United Kingdom,GBR,1999,1958917875000,0.05933933039433814,28.303413332113276
9663,United Kingdom,GBR,2000,2075158750000,0.022528155978428055,28.36105877270887
9664,United Kingdom,GBR,2001,2121908250000,0.0008052892956140756,28.38333691767379
9665,United Kingdom,GBR,2002,2123617000000,0.020306039177497626,28.38414188289795
9666,United Kingdom,GBR,2003,2166739250000,0.02495085645400108,28.404244503600918
9667,United Kingdom,GBR,2004,2220801250000,0.07038495678080148,28.428889170118968
9668,United Kingdom,GBR,2005,2377112250000,0.01628194040899844,28.496907526582444
9669,United Kingdom,GBR,2006,2415816250000,-0.0015078754437553021,28.513058337645177
9670,United Kingdom,GBR,2007,2412173500000,0.03510081260738507,28.51154932421314
9671,United Kingdom,GBR,2008,2496842750000,-0.07008491023313346,28.546048149672455
9672,United Kingdom,GBR,2009,2321851750000,0.06891611404561027,28.47338615134345
9673,United Kingdom,GBR,2010,2481864750000,0.01423073114681217,28.540031308881318
9674,United Kingdom,GBR,2011,2517183500000,0.027098044302292568,28.554161733675432
9675,United Kingdom,GBR,2012,2585394250000,0.03863927136064449,28.580899126766557
9676,United Kingdom,GBR,2013,2685292000000,0.005801417499474937,28.61881059030402
9677,United Kingdom,GBR,2014,2700870500000,0.03950467080891151,28.62459524438414
9678,United Kingdom,GBR,2015,2807567500000,0.007004640137770579,28.66333956601264
9679,United Kingdom,GBR,2016,2827233500000,0.040690926306582,28.670319787621043
9680,United Kingdom,GBR,2017,2942276250000,0.010824357502120963,28.710204632407947
9681,United Kingdom,GBR,2018,2974124500000,0.005302736990331125,28.72097082590132
9683,United States,USA,1950,2475627500000,0.07480456975049754,28.53751501516808
9684,United States,USA,1951,2660815750000,0.034244291435812535,28.609653864639956
9685,United States,USA,1952,2751933500000,0.045938246690917506,28.6433248714635
9686,United States,USA,1953,2878352500000,-0.0030601707052906324,28.68823919778306
9687,United States,USA,1954,2869544250000,0.07562655637737592,28.685174335180946
9688,United States,USA,1955,3086558000000,0.023012770211996658,28.758077670115224
9689,United States,USA,1956,3157588250000,0.02179400686584132,28.78082964010748
9690,United States,USA,1957,3226404750000,-0.01012202514269167,28.802389552733597
9691,United States,USA,1958,3193747000000,0.0727260957114011,28.792215951563346
9692,United States,USA,1959,3426015750000,0.028050221310278456,28.862419113017808
9693,United States,USA,1960,3522116250000,0.025614358980911023,28.89008313227216
9694,United States,USA,1961,3612333000000,0.060146655914612435,28.91537493992483
9695,United States,USA,1962,3829602750000,0.04452165436741451,28.973782193115113
9696,United States,USA,1963,4000103000000,0.060122326850083674,29.017341226716912
9697,United States,USA,1964,4240598500000,0.06487798833112834,29.07572553087127
9698,United States,USA,1965,4515720000000,0.06441099093832214,29.138585758522296
9699,United States,USA,1966,4806582000000,0.024588366535721162,29.201007344537697
9700,United States,USA,1967,4924768000000,0.047181918011163226,29.225298282844065
9701,United States,USA,1968,5157128000000,0.03188751568702575,29.271400951321493
9702,United States,USA,1969,5321576000000,0.0017650786158085463,29.302790616013024
9703,United States,USA,1970,5330969000000,0.03314941429972684,29.304554138708184
9704,United States,USA,1971,5507687500000,0.05415875537600856,29.337165959528203
9705,United States,USA,1972,5805977000000,0.06150541071726612,29.389909020103918
9706,United States,USA,1973,6163076000000,-0.00902284833093081,29.44959711948928
9707,United States,USA,1974,6107467500000,-0.0049378076919770475,29.44053331873791
9708,United States,USA,1975,6077310000000,0.057038311358150295,29.435583279793203
9709,United States,USA,1976,6423949500000,0.0472759009080006,29.491054231396408
9710,United States,USA,1977,6727647500000,0.05744623213389222,29.537246644242092
9711,United States,USA,1978,7114125500000,0.03320562731146648,29.59310343056994
9712,United States,USA,1979,7350354500000,-0.0055773500448175195,29.62576965928272
9713,United States,USA,1980,7309359000000,0.02560108211951273,29.620176697746913
9714,United States,USA,1981,7496486500000,-0.023016715897507423,29.645455560039355
9715,United States,USA,1982,7323942000000,0.04523547564958874,29.622169823539604
9716,United States,USA,1983,7655244000000,0.07583755658212854,29.66641201912198
9717,United States,USA,1984,8235799000000,0.036130192104008474,29.739511499745287
9718,United States,USA,1985,8533360000000,0.03222048524848353,29.775004303741074
9719,United States,USA,1986,8808309000000,0.03500910333640661,29.806716596477447
9720,United States,USA,1987,9116680000000,0.04089767327579774,29.84112681865021
9721,United States,USA,1988,9489531000000,0.03507749750751654,29.881210306886583
9722,United States,USA,1989,9822400000000,0.015858649617201515,29.915686607619644
9723,United States,USA,1990,9978170000000,-0.003879869755676668,29.93142082270472
9724,United States,USA,1991,9939456000000,0.03639203191804463,29.927533406729157
9725,United States,USA,1992,10301173000000,0.029248125431929006,29.96327888817505
9726,United States,USA,1993,10602463000000,0.04264829785305557,29.992107448546083
9727,United States,USA,1994,11054640000000,0.027774762452689616,30.033871365257248
9728,United States,USA,1995,11361680000000,0.03996504038135207,30.061267405611243
9729,United States,USA,1996,11815750000000,0.04608272856145401,30.1004545031816
9730,United States,USA,1997,12360252000000,0.045635962761924276,30.14550695609977
9731,United States,USA,1998,12924324000000,0.04661729309788276,30.190132233214445
9732,United States,USA,1999,13526821000000,0.042075370110981725,30.23569557115438
9733,United States,USA,2000,14095967000000,0.007764774137169805,30.276909844029962
9734,United States,USA,2001,14205419000000,0.013482108482685273,30.284644627455787
9735,United States,USA,2002,14396938000000,0.02797435121273706,30.29803666101076
9736,United States,USA,2003,14799683000000,0.03871130212721452,30.32562687755031
9737,United States,USA,2004,15372598000000,0.03564491831504335,30.363607689774042
9738,United States,USA,2005,15920553000000,0.029268769746880086,30.398632031922403
9739,United States,USA,2006,16386528000000,0.019274186697755713,30.427480649758106
9740,United States,USA,2007,16702365000000,-0.0018433317676868066,30.446571442091017
9741,United States,USA,2008,16671577000000,-0.028586017987380585,30.444726409296635
9742,United States,USA,2009,16195003000000,0.028201229724996058,30.415723853794184
9743,United States,USA,2010,16651722000000,0.017544251579506343,30.44353475043059
9744,United States,USA,2011,16943864000000,0.025914513950300755,30.460926878315348
9745,United States,USA,2012,17382956000000,0.02192319879311655,30.486511301856098
9746,United States,USA,2013,17764046000000,0.02703066632455231,30.50819764286192
9747,United States,USA,2014,18244220000000,0.029660791198527603,30.53486943346434
9748,United States,USA,2015,18785358000000,0.016493590380337597,30.564098852531735
9749,United States,USA,2016,19095196000000,0.02345008660817105,30.580457901020488
9750,United States,USA,2017,19542980000000,0.031329920001964995,30.603637258591633
9751,United States,USA,2018,20155260000000,0.021859504665283414,30.63448641243928
9753,Uruguay,URY,1950,14250416015,0.17755649402351859,23.38005193727002
9754,Uruguay,URY,1951,16780669921,-0.04992741248974364,23.543493460966847
9755,Uruguay,URY,1952,15942854492,0.04934696264052185,23.492276571565892
9756,Uruguay,URY,1953,16729585937,0.10276855610619529,23.540444601907843
9757,Uruguay,URY,1954,18448861328,0.031045911604892007,23.63826848888883
9758,Uruguay,URY,1955,19021623046,-0.0008457685214923183,23.66884222407174
9759,Uruguay,URY,1956,19005535156,0.0325535303227007,23.667996097686256
9760,Uruguay,URY,1957,19624232421,-0.05241417182255248,23.700030987544245
9761,Uruguay,URY,1958,18595644531,-0.030827321152775977,23.646193225244662
9762,Uruguay,URY,1959,18022390625,0.04392084321499379,23.614880745421708
9763,Uruguay,URY,1960,18813949218,0.01364751594813196,23.65786441133233
9764,Uruguay,URY,1961,19070712890,0.012267767825432374,23.67141963866023
9765,Uruguay,URY,1962,19304667968,-0.018761653948173196,23.683612767239904
9766,Uruguay,URY,1963,18942480468,0.039177609038778316,23.664672880648773
9767,Uruguay,URY,1964,19684601562,-0.0010411255181086432,23.703102520446386
9768,Uruguay,URY,1965,19664107421,0.039301161728534595,23.702060852580637
9769,Uruguay,URY,1966,20436929687,-0.030433188670000222,23.740609379991284
9770,Uruguay,URY,1967,19814968750,0.016375226884977945,23.7097034864995
9771,Uruguay,URY,1968,20139443359,0.06696969712409029,23.725946085274934
9772,Uruguay,URY,1969,21488175781,0.07062277889321034,23.79076865712012
9773,Uruguay,URY,1970,23005730468,0.00582964471337033,23.859009172625267
9774,Uruguay,URY,1971,23139845703,-0.028620140060577004,23.864821890712182
9775,Uruguay,URY,1972,22477580078,0.023125386816384097,23.835784208401662
9776,Uruguay,URY,1973,22997382812,0.01872886351986347,23.85864625561829
9777,Uruguay,URY,1974,23428097656,0.03892453187578604,23.87720189351083
9778,Uruguay,URY,1975,24340025390,0.012051988373048994,23.915387967644115
9779,Uruguay,URY,1976,24633371093,-0.009014226277096915,23.927367909100024
9780,Uruguay,URY,1977,24411320312,0.05269687892988073,23.91831280886845
9781,Uruguay,URY,1978,25697720703,0.09094252568194383,23.969668136315295
9782,Uruguay,URY,1979,28034736328,0.06580745077874672,24.05671016137705
9783,Uruguay,URY,1980,29879630859,0.011921203902447441,24.12044284301825
9784,Uruguay,URY,1981,30235832031,-0.10160879845641846,24.132293549095664
9785,Uruguay,URY,1982,27163605468,-0.10540830208909735,24.025143880016497
9786,Uruguay,URY,1983,24300335937,-0.006682649384807116,23.91375601176526
9787,Uruguay,URY,1984,24137945312,-0.007553265600836356,23.907050933500308
9788,Uruguay,URY,1985,23955625000,0.13615009193039218,23.89946899752766
9789,Uruguay,URY,1986,27217185546,0.11325040999520253,24.027114432277283
9790,Uruguay,URY,1987,30299542968,-0.006693067126925967,24.13439846578362
9791,Uruguay,URY,1988,30096746093,0.006216086763064066,24.127682899635076
9792,Uruguay,URY,1989,30283830078,-0.007702839581360088,24.133879746222053
9793,Uruguay,URY,1990,30050558593,0.05347524349761423,24.126147086540215
9794,Uruguay,URY,1991,31657519531,0.12640917040519595,24.17824154123586
9795,Uruguay,URY,1992,35659320312,0.03711610721740555,24.2972763889642
9796,Uruguay,URY,1993,36982855468,0.08439024376309967,24.333720276473834
9797,Uruguay,URY,1994,40103847656,-0.006663462101996531,24.41473811817708
9798,Uruguay,URY,1995,39836617187,0.06119173883558293,24.408052356092895
9799,Uruguay,URY,1996,42274289062,0.009789767685815631,24.467444914605615
9800,Uruguay,URY,1997,42688144531,0.0158220524555599,24.477187072986275
9801,Uruguay,URY,1998,43363558593,-0.05407937664918849,24.492885261581943
9802,Uruguay,URY,1999,41018484375,-0.043596579743202635,24.43728864046825
9803,Uruguay,URY,2000,39230218750,-0.045842072496728004,24.392713173242054
9804,Uruguay,URY,2001,37431824218,-0.0803504537872266,24.345787094463823
9805,Uruguay,URY,2002,34424160156,-0.009608644902331709,24.262024484923664
9806,Uruguay,URY,2003,34093390625,0.034061655989957806,24.252369379135935
9807,Uruguay,URY,2004,35254667968,0.058110544988241974,24.285863782061437
9808,Uruguay,URY,2005,37303335937,0.05736270655830489,24.342348594905392
9809,Uruguay,URY,2006,39443156250,0.10409808497513429,24.398126390101606
9810,Uruguay,URY,2007,43549113281,0.12027808401520956,24.49715517909619
9811,Uruguay,URY,2008,48787117187,0.06256374354525973,24.6107321228838
9812,Uruguay,URY,2009,51839421875,0.14767462502686324,24.671416736825623
9813,Uruguay,URY,2010,59494789062,0.09585142238351674,24.809154566872834
9814,Uruguay,URY,2011,65197449218,0.021619483183873633,24.900686182690404
9815,Uruguay,URY,2012,66606984375,0.01618401974079764,24.922075279489725
9816,Uruguay,URY,2013,67684953125,0.04099046201415235,24.938129734037567
9817,Uruguay,URY,2014,70459390625,-0.005189270156280235,24.97830236129812
9818,Uruguay,URY,2015,70093757812,-0.0017124385073196136,24.973099580117623
9819,Uruguay,URY,2016,69973726562,0.01249810616024738,24.971385673711453
9820,Uruguay,URY,2017,70848265625,-0.0039786833243316,24.983806323249244
9821,Uruguay,URY,2018,70566382812,0.007884862845844776,24.979819703907488
9823,Uzbekistan,UZB,1990,127877445312,-0.038980559572785234,25.574338183709852
9824,Uzbekistan,UZB,1991,122892710937,-0.18237115746017996,25.53457754286615
9825,Uzbekistan,UZB,1992,100480625000,0.18971941108049428,25.33323075979027
9826,Uzbekistan,UZB,1993,119543750000,-0.1360315261149161,25.506948250103118
9827,Uzbekistan,UZB,1994,103282031250,-0.005965083476221822,25.360729250700384
9828,Uzbekistan,UZB,1995,102665945312,0.09303816892711692,25.354746305045374
9829,Uzbekistan,UZB,1996,112217796875,-0.04150564353164232,25.443707434880835
9830,Uzbekistan,UZB,1997,107560125000,-0.016015097955678237,25.40131583048846
9831,Uzbekistan,UZB,1998,105837539062,0.05913264027552434,25.385171104989972
9832,Uzbekistan,UZB,1999,112095992187,-0.017532197393118953,25.442621414262298
9833,Uzbekistan,UZB,2000,110130703125,0.6696822596446126,25.42493370760302
9834,Uzbekistan,UZB,2007,183883281250,0.04278512269586776,25.93756705224339
9835,Uzbekistan,UZB,2008,191750750000,0.10321374231913039,25.979462188529023
9836,Uzbekistan,UZB,2009,211542062500,0.02013096981599105,26.07768969272788
9837,Uzbekistan,UZB,2010,215800609375,0.13631897905756318,26.09762071356164
9838,Uzbekistan,UZB,2011,245218328125,0.10924658784617503,26.225414785869976
9839,Uzbekistan,UZB,2012,272007593750,0.0518725178053967,26.329095821051233
9840,Uzbekistan,UZB,2013,286117312500,0.047519625363459994,26.379667747230414
9841,Uzbekistan,UZB,2014,299713500000,0.08279636219256048,26.426092855299576
9842,Uzbekistan,UZB,2015,324528687500,0.016331568530439933,26.505639774421873
9844,Venezuela,VEN,1950,32480218750,0.10489280975055015,24.203897087131
9845,Venezuela,VEN,1951,35887160156,0.14433065097612685,24.30364541264482
9846,Venezuela,VEN,1952,41066777343,0.029956639809471053,24.438465294414673
9847,Venezuela,VEN,1953,42297000000,0.10534010241861136,24.467981998497745
9848,Venezuela,VEN,1954,46752570312,0.0647622314836207,24.568135071105594
9849,Venezuela,VEN,1955,49780371093,0.07827947370500743,24.630886588518578
9850,Venezuela,VEN,1956,53677152343,0.09537999576215705,24.70625327945084
9851,Venezuela,VEN,1957,58796878906,0.05669664783277839,24.797354610612278
9852,Venezuela,VEN,1958,62130464843,0.04790354521764573,24.852502282774164
9853,Venezuela,VEN,1959,65106734375,-0.05952275243416405,24.899293827431286
9854,Venezuela,VEN,1960,61231402343,0.03360261366339934,24.837926005048416
9855,Venezuela,VEN,1961,63288937500,0.074800048981704,24.870976387790527
9856,Venezuela,VEN,1962,68022953125,0.07507484261401665,24.94311103112258
9857,Venezuela,VEN,1963,73129765625,0.11118132257790903,25.01550131131507
9858,Venezuela,VEN,1964,81260429687,0.035350846790557444,25.12092501529659
9859,Venezuela,VEN,1965,84133054687,0.006205479403337044,25.155665366978702
9860,Venezuela,VEN,1966,84655140625,0.03494259521820986,25.161851671679322
9861,Venezuela,VEN,1967,87613210937,0.11455446350684406,25.19619763330121
9862,Venezuela,VEN,1968,97649695312,0.05844032251986664,25.30465237405942
9863,Venezuela,VEN,1969,103356375000,0.13154523910111982,25.361448804771253
9864,Venezuela,VEN,1970,116952414062,-0.022159052532478185,25.4850329715934
9865,Venezuela,VEN,1971,114360859375,0.03247696607299133,25.46262471901902
9866,Venezuela,VEN,1972,118074953125,0.11307052445632726,25.494585455735077
9867,Venezuela,VEN,1973,131425750000,0.22750250616793122,25.60170789031245
9868,Venezuela,VEN,1974,161325437500,-0.018862783961146823,25.806689512681576
9869,Venezuela,VEN,1975,158282390625,0.0573171585239316,25.78764655712137
9870,Venezuela,VEN,1976,167354687500,0.04495924636111548,25.843381274369822
9871,Venezuela,VEN,1977,174878828125,-0.016399122785464404,25.88735916032863
9872,Venezuela,VEN,1978,172010968750,0.05848709502718852,25.870824083528856
9873,Venezuela,VEN,1979,182071390625,-0.009034230992324477,25.92766470329218
9874,Venezuela,VEN,1980,180426515625,0.0009134605267362428,25.918589416174303
9875,Venezuela,VEN,1981,180591328125,-0.05160304537740379,25.919502459749864
9876,Venezuela,VEN,1982,171272265625,0.005066585776940524,25.866520323885283
9877,Venezuela,VEN,1983,172140031250,0.01771132549971588,25.871574117706007
9878,Venezuela,VEN,1984,175188859375,-0.05686300864415339,25.88913042538466
9879,Venezuela,VEN,1985,165227093750,-0.059665229692391186,25.83058669033642
9880,Venezuela,VEN,1986,155368781250,0.02221136767139309,25.76906736184114
9881,Venezuela,VEN,1987,158819734375,0.03196460058932771,25.791035649921206
9882,Venezuela,VEN,1988,163896343750,-0.05180818364046025,25.822500014637733
9883,Venezuela,VEN,1989,155405171875,0.07292952263594032,25.769301555375062
9884,Venezuela,VEN,1990,166738796875,0.07679667009112223,25.8396943343277
9885,Venezuela,VEN,1991,179543781250,0.03985753126718228,25.91368492181958
9886,Venezuela,VEN,1992,186699953125,-0.03995766268353207,25.95276863642282
9887,Venezuela,VEN,1993,179239859375,-0.046491385365158844,25.911990742301448
9888,Venezuela,VEN,1994,170906750000,0.05892394536786871,25.864383923069724
9889,Venezuela,VEN,1995,180977250000,-0.005461235459153002,25.921637169704777
9890,Venezuela,VEN,1996,179988890625,0.02325360532234244,25.91616096718194
9891,Venezuela,VEN,1997,184174281250,-0.07818019515143348,25.939148326969327
9892,Venezuela,VEN,1998,169775500000,0.023893502007062306,25.857742813016294
9893,Venezuela,VEN,1999,173832031250,0.20610224489337314,25.881355332278805
9894,Venezuela,VEN,2000,209659203125,-0.022847196443573692,26.068749207167087
9895,Venezuela,VEN,2001,204869078125,-0.04998207315479908,26.04563696877264
9896,Venezuela,VEN,2002,194629296875,-0.017753461608707277,25.994362544570418
9897,Venezuela,VEN,2003,191173953125,0.28402175930576323,25.976449599858046
9898,Venezuela,VEN,2004,245471515625,0.2797089428082191,26.22644675148204
9899,Venezuela,VEN,2005,314132093750,0.18824843489905274,26.473079415125817
9900,Venezuela,VEN,2006,373266968750,0.1474484205883808,26.64555973448907
9901,Venezuela,VEN,2007,428304593750,0.1850790037201182,26.783100447053062
9902,Venezuela,VEN,2008,507574781250,-0.1279678431620267,26.952909889223832
9903,Venezuela,VEN,2009,442621531250,0.22050970605601328,26.815980910578496
9904,Venezuela,VEN,2010,540223875000,0.10524109101990353,27.01524947392214
9905,Venezuela,VEN,2011,597077625000,0.030809750239761513,27.11531296701211
9906,Venezuela,VEN,2012,615473437500,-0.04183090760923369,27.145657625668917
9907,Venezuela,VEN,2013,589727625000,-0.3410185549642515,27.10292661470946
9909,Vietnam,VNM,1983,67003335937,0.0720319778934293,24.928008245202367
9910,Vietnam,VNM,1984,71829718750,0.05050290378590683,24.99756413753054
9911,Vietnam,VNM,1985,75457328125,0.02851694531822524,25.04683314302374
9912,Vietnam,VNM,1986,77609140625,0.02695931233293436,25.07495104875798
9913,Vietnam,VNM,1987,79701429687,0.04798582758200909,25.101553360938027
9914,Vietnam,VNM,1988,83525968750,-0.016860961280380282,25.148423423445827
9915,Vietnam,VNM,1989,82117640625,0.037595739642574566,25.131418697863655
9916,Vietnam,VNM,1990,85204914062,0.1261614807472018,25.168324945902476
9917,Vietnam,VNM,1991,95954492187,0.07669537358040479,25.28713987630315
9918,Vietnam,VNM,1992,103313757812,0.13179119643268367,25.361036387282336
9919,Vietnam,VNM,1993,116929601562,0.05977835622140337,25.48483789460117
9920,Vietnam,VNM,1994,123919460937,0.08623992234305411,25.542897682956795
9921,Vietnam,VNM,1995,134606265625,0.13776673425189978,25.625619803036475
9922,Vietnam,VNM,1996,153150531250,0.07621616967130174,25.754687139040595
9923,Vietnam,VNM,1997,164823078125,0.04269691829600997,25.828138481783757
9924,Vietnam,VNM,1998,171860515625,0.006147518068113644,25.86994902908883
9925,Vietnam,VNM,1999,172917031250,0.0775426075908876,25.87607772825472
9926,Vietnam,VNM,2000,186325468750,0.06687416088950537,25.950760813476467
9927,Vietnam,VNM,2001,198785828125,0.09523393306536798,26.015493841530255
9928,Vietnam,VNM,2002,217716984375,0.08956926376681529,26.106461819484096
9929,Vietnam,VNM,2003,237217734375,0.08433911751038314,26.192244266768437
9930,Vietnam,VNM,2004,257224468750,0.10325040762670445,26.273214959893682
9931,Vietnam,VNM,2005,283783000000,0.06925780437869777,26.371475698539225
9932,Vietnam,VNM,2006,303437187500,0.12889209978589067,26.438440465565407
9933,Vietnam,VNM,2007,342547843750,0.07742668428342725,26.559677174674004
9934,Vietnam,VNM,2008,369070187500,-0.0010616205623490416,26.634252672926404
9935,Vietnam,VNM,2009,368678375000,0.1360442214708144,26.6331904884458
9936,Vietnam,VNM,2010,418834937500,0.08867537166715,26.76074273533818
9937,Vietnam,VNM,2011,455975281250,0.062115963111761374,26.845704437206415
9938,Vietnam,VNM,2012,484298625000,0.05145366146765329,26.905967547202277
9939,Vietnam,VNM,2013,509217562500,0.07019212441244105,26.956141193411945
9940,Vietnam,VNM,2014,544960625000,0.051043825413991994,27.02397938129324
9941,Vietnam,VNM,2015,572777500000,0.04117763878643976,27.07376317109508
9942,Vietnam,VNM,2016,596363125000,0.08528664896911597,27.114115588616297
9943,Vietnam,VNM,2017,647224937500,0.06553903835017172,27.195959733314265
9944,Vietnam,VNM,2018,689643437500,0.049996760101121085,27.2594405437263
9946,Yemen,YEM,1989,7785700195,0.23172553049995792,22.775554579742145
9947,Yemen,YEM,1990,9589845703,-0.04551628404860064,22.983970636348403
9948,Yemen,YEM,1991,9153351562,0.03130406464333291,22.937385940094657
9949,Yemen,YEM,1992,9439888671,0.03356900775466776,22.968210023708007
9950,Yemen,YEM,1993,9756776367,0.039019655640324835,23.001227892547174
9951,Yemen,YEM,1994,10137482421,0.16773562926013574,23.03950552232972
9952,Yemen,YEM,1995,11837899414,0.2503175009660543,23.194572036304375
9953,Yemen,YEM,1996,14801132812,0.11776534736495403,23.417969556138694
9954,Yemen,YEM,1997,16544193359,0.09494196827345003,23.529301022764574
9955,Yemen,YEM,1998,18114931640,0.14445934138783212,23.6200023876181
9956,Yemen,YEM,1999,20731802734,0.17845836753657784,23.754934722179403
9957,Yemen,YEM,2000,24431566406,0.09958036486774402,23.919141838294024
9958,Yemen,YEM,2001,26864470703,0.16605619248258008,24.01407045883
9959,Yemen,YEM,2002,31325482421,0.18902199172615264,24.16769773812073
9960,Yemen,YEM,2003,37246687500,0.2995797025440181,24.340828851643316
9961,Yemen,YEM,2004,48405039062,0.5222283643366519,24.60286975810087
9962,Yemen,YEM,2005,73683523437,0.0534867710739928,25.023045048556273
9963,Yemen,YEM,2006,77624617187,0.07974113398960037,25.075150445619457
9964,Yemen,YEM,2007,83814492187,0.10232036804406208,25.151871767274795
9965,Yemen,YEM,2008,92390421875,0.014389596995224352,25.249289150859575
9966,Yemen,YEM,2009,93719882812,0.20861776846456515,25.26357620017976
9967,Yemen,YEM,2010,113271515625,-0.10894687915940915,25.453053566708693
9968,Yemen,YEM,2011,100930937500,-0.050077481822657255,25.33770233276991
9969,Yemen,YEM,2012,95876570312,0.024643908624506494,25.286327475242857
9970,Yemen,YEM,2013,98239343750,-0.01709783090850503,25.310672621253712
9971,Yemen,YEM,2014,96559664062,-0.3046444648783372,25.293426934669984
9972,Yemen,YEM,2015,67143296875,-0.18125936808937793,24.930094931775884
9973,Yemen,YEM,2016,54972945312,-0.27636101394559387,24.730106997736524
9974,Yemen,YEM,2017,39780566406,0.25750422850829424,24.40664434873241
9975,Yemen,YEM,2018,50024230468,0.036059087928476785,24.635773334349363
9977,Zambia,ZMB,1955,3783488769,0.13074554893703194,22.053912375678955
9978,Zambia,ZMB,1956,4278163085,0.14177740842247477,22.17678956866589
9979,Zambia,ZMB,1957,4884709960,-0.021228350475081204,22.309375747085845
9980,Zambia,ZMB,1958,4781015625,0.1335094038727389,22.287918834729776
9981,Zambia,ZMB,1959,5419326171,0.08486049824071396,22.413237321975533
9982,Zambia,ZMB,1960,5879212890,0.027894392169221183,22.4946887276517
9983,Zambia,ZMB,1961,6043209960,-0.02811991824292004,22.522201158054546
9984,Zambia,ZMB,1962,5873275390,0.04722322087471542,22.493678303243914
9985,Zambia,ZMB,1963,6150630371,0.13814474204240867,22.539820412861733
9986,Zambia,ZMB,1964,7000307617,0.20388333928840252,22.669219930321873
9987,Zambia,ZMB,1965,8427553710,0.04226127678989311,22.854772378235214
9988,Zambia,ZMB,1966,8783712890,0.18053466328633605,22.89616503561474
9989,Zambia,ZMB,1967,10369477539,0.066920598206621,23.06213247595142
9990,Zambia,ZMB,1968,11063409179,-0.04738319965558602,23.126909029575717
9991,Zambia,ZMB,1969,10539189453,-0.09787076326883826,23.07836647511011
9992,Zambia,ZMB,1970,9507710937,0.014327186733232855,22.97536898389975
9993,Zambia,ZMB,1971,9643929687,0.1014883067137402,22.98959450638434
9994,Zambia,ZMB,1972,10622675781,0.007669876279734256,23.086256777804085
9995,Zambia,ZMB,1973,10704150390,-0.010681002306059728,23.093897390121477
9996,Zambia,ZMB,1974,10589819335,0.10422312856199456,23.083158936451976
9997,Zambia,ZMB,1975,11693523437,0.045647764412138914,23.18230097309027
9998,Zambia,ZMB,1976,12227306640,-0.1281780613788549,23.22693753671769
9999,Zambia,ZMB,1977,10660034179,-0.05434470436701211,23.089767461964147
10000,Zambia,ZMB,1978,10080717773,-0.028926666688459446,23.03389030469338
10001,Zambia,ZMB,1979,9789116210,-0.04451661525427941,23.004537014643645
10002,Zambia,ZMB,1980,9353337890,0.13967544595996628,22.958999110122846
10003,Zambia,ZMB,1981,10659769531,0.04954063926656582,23.089742635469158
10004,Zambia,ZMB,1982,11187861328,0.005144997896598946,23.138095217500695
10005,Zambia,ZMB,1983,11245422851,0.12757091360707973,23.143227025118904
10006,Zambia,ZMB,1984,12680011718,0.07992348008333283,23.263292710087555
10007,Zambia,ZMB,1985,13693442382,-0.14688222186145683,23.340182896938888
10008,Zambia,ZMB,1986,11682119140,0.017344047990936584,23.181325231108655
10009,Zambia,ZMB,1987,11884734375,0.09454371612743762,23.198520587908476
10010,Zambia,ZMB,1988,13008361328,-0.1593556638481468,23.288858166733856
10011,Zambia,ZMB,1989,10935405273,-0.015060027121868158,23.115271552391107
10012,Zambia,ZMB,1990,10770717773,0.0032770237549515358,23.10009697148359
10013,Zambia,ZMB,1991,10806013671,-0.09659615171515912,23.10336863749797
10014,Zambia,ZMB,1992,9762194335,-0.021834470374738735,23.00178304150681
10015,Zambia,ZMB,1993,9549041992,-0.055501313686127984,22.979706671433345
10016,Zambia,ZMB,1994,9019057617,0.02995447467712964,22.922605688511837
10017,Zambia,ZMB,1995,9289218750,0.1334113387091891,22.95212029043397
10018,Zambia,ZMB,1996,10528505859,0.07886300118171397,23.077352259292233
10019,Zambia,ZMB,1997,11358815429,-0.03712029486133839,23.153259969186138
10020,Zambia,ZMB,1998,10937172851,0.0011412841481113212,23.115433177417096
10021,Zambia,ZMB,1999,10949655273,0.22935760591410181,23.116573810795547
10022,Zambia,ZMB,2000,13461041992,0.06198058385790972,23.323065572134
10023,Zambia,ZMB,2001,14295365234,0.06914446016734765,23.383201212166945
10024,Zambia,ZMB,2002,15283810546,0.13236649642516451,23.450059970877163
10025,Zambia,ZMB,2003,17306875000,0.06295930986963283,23.57436965835207
10026,Zambia,ZMB,2004,18396503906,0.14491714097538377,23.6354264783994
10027,Zambia,ZMB,2005,21062472656,0.16335759339347344,23.770758746826694
10028,Zambia,ZMB,2006,24503187500,0.345336767389957,23.92206904807537
10029,Zambia,ZMB,2007,32965039062,0.07367073308884642,24.218713414464712
10030,Zambia,ZMB,2008,35393597656,0.12183204038510653,24.28979678355437
10031,Zambia,ZMB,2009,39705671875,0.13349596228183702,24.40475988282275
10032,Zambia,ZMB,2010,45006218750,0.15083071852153762,24.530066511613203
10033,Zambia,ZMB,2011,51794539062,-0.021488073147397646,24.670550557140885
10034,Zambia,ZMB,2012,50681574218,0.01264320127949814,24.648828253834854
10035,Zambia,ZMB,2013,51322351562,0.039585502849488474,24.661392197195124
10036,Zambia,ZMB,2014,53353972656,-0.02467402079856107,24.700214275951854
10037,Zambia,ZMB,2015,52037515625,0.04540729478762473,24.675230749731693
10038,Zambia,ZMB,2016,54400398437,-0.01965511512270024,24.719637314991044
10039,Zambia,ZMB,2017,53331152343,0.03990104575865794,24.699786469107213
10040,Zambia,ZMB,2018,55459121093,0.02388414608624556,24.738912029424625
10042,Zimbabwe,ZWE,1954,6277433593,0.03057454693173045,22.560227070365787
10043,Zimbabwe,ZWE,1955,6469363281,0.09421132768815377,22.59034352964282
10044,Zimbabwe,ZWE,1956,7078850585,0.10399796226240032,22.680377384720966
10045,Zimbabwe,ZWE,1957,7815036621,0.000881526259453258,22.779315486797355
10046,Zimbabwe,ZWE,1958,7821925781,0.13516517320685129,22.780196624740725
10047,Zimbabwe,ZWE,1959,8879177734,0.060660815689895786,22.906974792140552
10048,Zimbabwe,ZWE,1960,9417795898,0.05811440128111389,22.9658669170528
10049,Zimbabwe,ZWE,1961,9965105468,-0.0052986652443928195,23.022355374398614
10050,Zimbabwe,ZWE,1962,9912303710,0.02367756536386434,23.017042621441448
10051,Zimbabwe,ZWE,1963,10147002929,-0.02922372301209375,23.04044422090006
10052,Zimbabwe,ZWE,1964,9850469726,0.1021356353539642,23.01078497891216
10053,Zimbabwe,ZWE,1965,10856553710,-0.02256845326287249,23.108034763152478
10054,Zimbabwe,ZWE,1966,10611538085,0.01150971160087022,23.0852077446643
10055,Zimbabwe,ZWE,1967,10733673828,-0.07330900981426769,23.096651723431087
10056,Zimbabwe,ZWE,1968,9946798828,0.2612595603808465,23.020516610522908
10057,Zimbabwe,ZWE,1969,12545495117,0.21996768475566575,23.252627483263783
10058,Zimbabwe,ZWE,1970,15305098632,0.09095372055227924,23.451451853752946
10059,Zimbabwe,ZWE,1971,16697154296,0.12192349396254265,23.53850414041202
10060,Zimbabwe,ZWE,1972,18732929687,0.04611688141868808,23.653548757988514
10061,Zimbabwe,ZWE,1973,19596833984,0.09727266810324364,23.698633858706707
10062,Zimbabwe,ZWE,1974,21503070312,-0.024926491250920724,23.791461567093638
10063,Zimbabwe,ZWE,1975,20967074218,0.0016750593637833155,23.766219149856195
10064,Zimbabwe,ZWE,1976,21002195312,-0.10151459241890892,23.767892807872716
10065,Zimbabwe,ZWE,1977,18870166015,0.10638051448006824,23.660847994115407
10066,Zimbabwe,ZWE,1978,20877583984,0.05023405130611591,23.761941883687435
10067,Zimbabwe,ZWE,1979,21926349609,0.05419073850360778,23.810954929022838
10068,Zimbabwe,ZWE,1980,23114554687,0.2196841107155698,23.86372832909179
10069,Zimbabwe,ZWE,1981,28192455078,0.057879237813287965,24.062320228666948
10070,Zimbabwe,ZWE,1982,29824212890,0.1667199410874376,24.11858641363495
10071,Zimbabwe,ZWE,1983,34796503906,-0.04546186787251427,24.272782756208883
10072,Zimbabwe,ZWE,1984,33214589843,0.08741463979305775,24.22625506944003
10073,Zimbabwe,ZWE,1985,36118031250,0.045487256617842364,24.310058058195747
10074,Zimbabwe,ZWE,1986,37760941406,-0.01008896324654307,24.354541109215898
10075,Zimbabwe,ZWE,1987,37379972656,0.18297513301958368,24.34440090745938
10076,Zimbabwe,ZWE,1988,44219578125,0.12059023274546443,24.512433471963853
10077,Zimbabwe,ZWE,1989,49552027343,0.11580962214274915,24.62628901198127
10078,Zimbabwe,ZWE,1990,55290628906,0.19298824443000817,24.735869271910527
10079,Zimbabwe,ZWE,1991,65961070312,-0.08783359076188302,24.912330561188995
10080,Zimbabwe,ZWE,1992,60167472656,0.01918012308075423,24.82039772190611
10081,Zimbabwe,ZWE,1993,61321492187,0.10143211667178931,24.83939622507991
10082,Zimbabwe,ZWE,1994,67541460937,-0.01764518021177608,24.936007482362815
10083,Zimbabwe,ZWE,1995,66349679687,0.12149891455436057,24.91820477008675
10084,Zimbabwe,ZWE,1996,74411093750,-0.13795169781387606,25.032870877212744
10085,Zimbabwe,ZWE,1997,64145957031,-0.14031233091822637,24.884426902343105
10086,Zimbabwe,ZWE,1998,55145488281,-0.06374551125719496,24.733240771158023
10087,Zimbabwe,ZWE,1999,51630210937,-0.2275331016046901,24.66737282138066
10088,Zimbabwe,ZWE,2000,39882628906,0.1309860094306392,24.409206700278627
10089,Zimbabwe,ZWE,2001,45106695312,-0.1375917377912831,24.53229652724825
10090,Zimbabwe,ZWE,2002,38900386718,-0.30003517598963525,24.384270028858158
10091,Zimbabwe,ZWE,2003,27228902343,-0.06330417228306406,24.027544832243017
10092,Zimbabwe,ZWE,2004,25505199218,-0.1470009714471857,23.962148159229827
10093,Zimbabwe,ZWE,2005,21755910156,-0.24067283802217587,23.80315128887918
10094,Zimbabwe,ZWE,2006,16519853515,0.13170681822477404,23.52782873786918
10095,Zimbabwe,ZWE,2007,18695630859,-0.20742386021882675,23.65155568960422
10096,Zimbabwe,ZWE,2008,14817710937,0.7860574629591319,23.419088987192225
10097,Zimbabwe,ZWE,2009,26465283203,0.09487193017134943,23.999099643238214
10098,Zimbabwe,ZWE,2010,28976095703,0.0898946808327361,24.089737040918845
10099,Zimbabwe,ZWE,2011,31580892578,0.1473082795715781,24.175818109402353
10100,Zimbabwe,ZWE,2012,36233019531,0.05548806105656934,24.313236681769986
10101,Zimbabwe,ZWE,2013,38243519531,0.011278769561215762,24.36723995883894
10102,Zimbabwe,ZWE,2014,38674859375,0.02905725254495506,24.37845559732912
10103,Zimbabwe,ZWE,2015,39798644531,0.02926096827475888,24.407098691646798
10104,Zimbabwe,ZWE,2016,40963191406,0.08186741964906563,24.43593972982798
10105,Zimbabwe,ZWE,2017,44316742187,-0.020214566906111342,24.514628370072685
10106,Zimbabwe,ZWE,2018,43420898437,-0.05974837505410324,24.494206692960468
